source_file,source_sheet,source_row_number,source_category,dataset_from_file,zone_from_file,dataset,method,family,criterion,feature_set_id,num_features,selected_features,feature,selection_frequency,mean_rank,borda_score,rrf_score,cluster,tier,tier_label,zone,path
unsw_candidate_feature_sets.csv,,1,candidate_feature_sets,unsw,,unsw,boruta,wrapper,elbow,unsw__boruta__elbow__k33,33,sbytes;synack;dloss;stcpb;dbytes;dur;state;dwin;sload;stime;ct_src_dport_ltm;sloss;proto;ltime;dintpkt;sintpkt;djit;ct_srv_dst;ct_dst_ltm;dttl;trans_depth;ct_flw_http_mthd;dmeansz;service;ct_srv_src;ct_state_ttl;is_ftp_login;sttl;ct_dst_sport_ltm;ct_ftp_cmd;res_bdy_len;ct_src_ltm;sjit,,,,,,,,,,
unsw_candidate_feature_sets.csv,,2,candidate_feature_sets,unsw,,unsw,boruta,wrapper,q25,unsw__boruta__q25__k11,11,sbytes;synack;dloss;stcpb;dbytes;dur;state;dwin;sload;stime;ct_src_dport_ltm,,,,,,,,,,
unsw_candidate_feature_sets.csv,,3,candidate_feature_sets,unsw,,unsw,boruta,wrapper,q50,unsw__boruta__q50__k22,22,sbytes;synack;dloss;stcpb;dbytes;dur;state;dwin;sload;stime;ct_src_dport_ltm;sloss;proto;ltime;dintpkt;sintpkt;djit;ct_srv_dst;ct_dst_ltm;dttl;trans_depth;ct_flw_http_mthd,,,,,,,,,,
unsw_candidate_feature_sets.csv,,4,candidate_feature_sets,unsw,,unsw,boruta,wrapper,q75,unsw__boruta__q75__k33,33,sbytes;synack;dloss;stcpb;dbytes;dur;state;dwin;sload;stime;ct_src_dport_ltm;sloss;proto;ltime;dintpkt;sintpkt;djit;ct_srv_dst;ct_dst_ltm;dttl;trans_depth;ct_flw_http_mthd;dmeansz;service;ct_srv_src;ct_state_ttl;is_ftp_login;sttl;ct_dst_sport_ltm;ct_ftp_cmd;res_bdy_len;ct_src_ltm;sjit,,,,,,,,,,
unsw_candidate_feature_sets.csv,,5,candidate_feature_sets,unsw,,unsw,chi2,filter,elbow,unsw__chi2__elbow__k4,4,sbytes;synack;ct_dst_ltm;ct_srv_src,,,,,,,,,,
unsw_candidate_feature_sets.csv,,6,candidate_feature_sets,unsw,,unsw,chi2,filter,q25,unsw__chi2__q25__k11,11,sbytes;synack;ct_dst_ltm;ct_srv_src;ct_srv_dst;dload;spkts;ct_flw_http_mthd;ct_state_ttl;res_bdy_len;sjit,,,,,,,,,,
unsw_candidate_feature_sets.csv,,7,candidate_feature_sets,unsw,,unsw,chi2,filter,q50,unsw__chi2__q50__k22,22,sbytes;synack;ct_dst_ltm;ct_srv_src;ct_srv_dst;dload;spkts;ct_flw_http_mthd;ct_state_ttl;res_bdy_len;sjit;is_ftp_login;swin;dpkts;stcpb;ct_ftp_cmd;dloss;ct_dst_sport_ltm;ct_dst_src_ltm;ct_src_dport_ltm;dbytes;sloss,,,,,,,,,,
unsw_candidate_feature_sets.csv,,8,candidate_feature_sets,unsw,,unsw,chi2,filter,q75,unsw__chi2__q75__k33,33,sbytes;synack;ct_dst_ltm;ct_srv_src;ct_srv_dst;dload;spkts;ct_flw_http_mthd;ct_state_ttl;res_bdy_len;sjit;is_ftp_login;swin;dpkts;stcpb;ct_ftp_cmd;dloss;ct_dst_sport_ltm;ct_dst_src_ltm;ct_src_dport_ltm;dbytes;sloss;dintpkt;ltime;sintpkt;dtcpb;dwin;service;sload;dttl;is_sm_ips_ports;dur;tcprtt,,,,,,,,,,
unsw_candidate_feature_sets.csv,,9,candidate_feature_sets,unsw,,unsw,chi2_boruta,hybrid,elbow,unsw__chi2_boruta__elbow__k23,23,sbytes;synack;dloss;stcpb;dbytes;ct_src_dport_ltm;sloss;ct_srv_dst;ct_dst_ltm;ct_flw_http_mthd;ct_srv_src;ct_state_ttl;is_ftp_login;dload;dpkts;swin;res_bdy_len;sjit;ct_ftp_cmd;spkts;ct_dst_sport_ltm;ct_dst_src_ltm;proto,,,,,,,,,,
unsw_candidate_feature_sets.csv,,10,candidate_feature_sets,unsw,,unsw,chi2_boruta,hybrid,q25,unsw__chi2_boruta__q25__k11,11,sbytes;synack;dloss;stcpb;dbytes;ct_src_dport_ltm;sloss;ct_srv_dst;ct_dst_ltm;ct_flw_http_mthd;ct_srv_src,,,,,,,,,,
unsw_candidate_feature_sets.csv,,11,candidate_feature_sets,unsw,,unsw,chi2_boruta,hybrid,q50,unsw__chi2_boruta__q50__k22,22,sbytes;synack;dloss;stcpb;dbytes;ct_src_dport_ltm;sloss;ct_srv_dst;ct_dst_ltm;ct_flw_http_mthd;ct_srv_src;ct_state_ttl;is_ftp_login;dload;dpkts;swin;res_bdy_len;sjit;ct_ftp_cmd;spkts;ct_dst_sport_ltm;ct_dst_src_ltm,,,,,,,,,,
unsw_candidate_feature_sets.csv,,12,candidate_feature_sets,unsw,,unsw,chi2_boruta,hybrid,q75,unsw__chi2_boruta__q75__k33,33,sbytes;synack;dloss;stcpb;dbytes;ct_src_dport_ltm;sloss;ct_srv_dst;ct_dst_ltm;ct_flw_http_mthd;ct_srv_src;ct_state_ttl;is_ftp_login;dload;dpkts;swin;res_bdy_len;sjit;ct_ftp_cmd;spkts;ct_dst_sport_ltm;ct_dst_src_ltm;proto;state;dur;sttl;dttl;service;sload;dwin;dtcpb;smeansz;dmeansz,,,,,,,,,,
unsw_candidate_feature_sets.csv,,13,candidate_feature_sets,unsw,,unsw,chi2_xgboost,hybrid,elbow,unsw__chi2_xgboost__elbow__k3,3,synack;sbytes;dbytes,,,,,,,,,,
unsw_candidate_feature_sets.csv,,14,candidate_feature_sets,unsw,,unsw,chi2_xgboost,hybrid,q25,unsw__chi2_xgboost__q25__k11,11,synack;sbytes;dbytes;dloss;stcpb;ct_srv_dst;ct_src_dport_ltm;ct_flw_http_mthd;ct_dst_sport_ltm;spkts;dload,,,,,,,,,,
unsw_candidate_feature_sets.csv,,15,candidate_feature_sets,unsw,,unsw,chi2_xgboost,hybrid,q50,unsw__chi2_xgboost__q50__k22,22,synack;sbytes;dbytes;dloss;stcpb;ct_srv_dst;ct_src_dport_ltm;ct_flw_http_mthd;ct_dst_sport_ltm;spkts;dload;sloss;is_ftp_login;res_bdy_len;ct_srv_src;ct_state_ttl;ct_dst_ltm;swin;sjit;dpkts;ct_dst_src_ltm;ct_ftp_cmd,,,,,,,,,,
unsw_candidate_feature_sets.csv,,16,candidate_feature_sets,unsw,,unsw,chi2_xgboost,hybrid,q75,unsw__chi2_xgboost__q75__k33,33,synack;sbytes;dbytes;dloss;stcpb;ct_srv_dst;ct_src_dport_ltm;ct_flw_http_mthd;ct_dst_sport_ltm;spkts;dload;sloss;is_ftp_login;res_bdy_len;ct_srv_src;ct_state_ttl;ct_dst_ltm;swin;sjit;dpkts;ct_dst_src_ltm;ct_ftp_cmd;proto;state;dur;sttl;dttl;service;sload;dwin;dtcpb;smeansz;dmeansz,,,,,,,,,,
unsw_candidate_feature_sets.csv,,17,candidate_feature_sets,unsw,,unsw,elasticnet_c0.1,embedded,elbow,unsw__elasticnet_c0.1__elbow__k8,8,synack;dload;dbytes;sbytes;stcpb;spkts;ct_src_dport_ltm;djit,,,,,,,,,,
unsw_candidate_feature_sets.csv,,18,candidate_feature_sets,unsw,,unsw,elasticnet_c0.1,embedded,q25,unsw__elasticnet_c0.1__q25__k11,11,synack;dload;dbytes;sbytes;stcpb;spkts;ct_src_dport_ltm;djit;sintpkt;sttl;dloss,,,,,,,,,,
unsw_candidate_feature_sets.csv,,19,candidate_feature_sets,unsw,,unsw,elasticnet_c0.1,embedded,q50,unsw__elasticnet_c0.1__q50__k22,22,synack;dload;dbytes;sbytes;stcpb;spkts;ct_src_dport_ltm;djit;sintpkt;sttl;dloss;ct_state_ttl;ct_srv_dst;tcprtt;ct_srv_src;ct_flw_http_mthd;state;ct_dst_sport_ltm;dtcpb;ltime;is_sm_ips_ports;is_ftp_login,,,,,,,,,,
unsw_candidate_feature_sets.csv,,20,candidate_feature_sets,unsw,,unsw,elasticnet_c0.1,embedded,q75,unsw__elasticnet_c0.1__q75__k33,33,synack;dload;dbytes;sbytes;stcpb;spkts;ct_src_dport_ltm;djit;sintpkt;sttl;dloss;ct_state_ttl;ct_srv_dst;tcprtt;ct_srv_src;ct_flw_http_mthd;state;ct_dst_sport_ltm;dtcpb;ltime;is_sm_ips_ports;is_ftp_login;dpkts;proto;dur;dwin;sloss;trans_depth;stime;swin;sjit;res_bdy_len;ct_dst_ltm,,,,,,,,,,
unsw_candidate_feature_sets.csv,,21,candidate_feature_sets,unsw,,unsw,elasticnet_c1.0,embedded,elbow,unsw__elasticnet_c1.0__elbow__k8,8,synack;dload;dbytes;sbytes;stcpb;spkts;ct_src_dport_ltm;djit,,,,,,,,,,
unsw_candidate_feature_sets.csv,,22,candidate_feature_sets,unsw,,unsw,elasticnet_c1.0,embedded,q25,unsw__elasticnet_c1.0__q25__k11,11,synack;dload;dbytes;sbytes;stcpb;spkts;ct_src_dport_ltm;djit;sintpkt;sttl;dloss,,,,,,,,,,
unsw_candidate_feature_sets.csv,,23,candidate_feature_sets,unsw,,unsw,elasticnet_c1.0,embedded,q50,unsw__elasticnet_c1.0__q50__k22,22,synack;dload;dbytes;sbytes;stcpb;spkts;ct_src_dport_ltm;djit;sintpkt;sttl;dloss;ct_state_ttl;ct_srv_dst;tcprtt;state;ct_srv_src;ct_flw_http_mthd;ct_dst_sport_ltm;dtcpb;ltime;is_sm_ips_ports;is_ftp_login,,,,,,,,,,
unsw_candidate_feature_sets.csv,,24,candidate_feature_sets,unsw,,unsw,elasticnet_c1.0,embedded,q75,unsw__elasticnet_c1.0__q75__k33,33,synack;dload;dbytes;sbytes;stcpb;spkts;ct_src_dport_ltm;djit;sintpkt;sttl;dloss;ct_state_ttl;ct_srv_dst;tcprtt;state;ct_srv_src;ct_flw_http_mthd;ct_dst_sport_ltm;dtcpb;ltime;is_sm_ips_ports;is_ftp_login;dpkts;proto;dur;dwin;sloss;trans_depth;stime;swin;res_bdy_len;sjit;dttl,,,,,,,,,,
unsw_candidate_feature_sets.csv,,25,candidate_feature_sets,unsw,,unsw,fisher,filter,elbow,unsw__fisher__elbow__k3,3,sbytes;synack;ct_dst_ltm,,,,,,,,,,
unsw_candidate_feature_sets.csv,,26,candidate_feature_sets,unsw,,unsw,fisher,filter,q25,unsw__fisher__q25__k11,11,sbytes;synack;ct_dst_ltm;ct_srv_dst;ct_srv_src;ct_flw_http_mthd;ct_state_ttl;ct_ftp_cmd;ct_src_dport_ltm;is_ftp_login;dload,,,,,,,,,,
unsw_candidate_feature_sets.csv,,27,candidate_feature_sets,unsw,,unsw,fisher,filter,q50,unsw__fisher__q50__k22,22,sbytes;synack;ct_dst_ltm;ct_srv_dst;ct_srv_src;ct_flw_http_mthd;ct_state_ttl;ct_ftp_cmd;ct_src_dport_ltm;is_ftp_login;dload;spkts;stcpb;sjit;res_bdy_len;ct_dst_src_ltm;ct_dst_sport_ltm;swin;dpkts;dloss;sloss;ltime,,,,,,,,,,
unsw_candidate_feature_sets.csv,,28,candidate_feature_sets,unsw,,unsw,fisher,filter,q75,unsw__fisher__q75__k33,33,sbytes;synack;ct_dst_ltm;ct_srv_dst;ct_srv_src;ct_flw_http_mthd;ct_state_ttl;ct_ftp_cmd;ct_src_dport_ltm;is_ftp_login;dload;spkts;stcpb;sjit;res_bdy_len;ct_dst_src_ltm;ct_dst_sport_ltm;swin;dpkts;dloss;sloss;ltime;dintpkt;sintpkt;service;dbytes;sload;dttl;dur;sttl;dwin;trans_depth;dtcpb,,,,,,,,,,
unsw_candidate_feature_sets.csv,,29,candidate_feature_sets,unsw,,unsw,fisher_lightgbm,hybrid,elbow,unsw__fisher_lightgbm__elbow__k12,12,sloss;sjit;swin;dpkts;stcpb;ct_state_ttl;ltime;dloss;ct_flw_http_mthd;ct_dst_ltm;ct_ftp_cmd;ct_dst_sport_ltm,,,,,,,,,,
unsw_candidate_feature_sets.csv,,30,candidate_feature_sets,unsw,,unsw,fisher_lightgbm,hybrid,q25,unsw__fisher_lightgbm__q25__k11,11,sloss;sjit;swin;dpkts;stcpb;ct_state_ttl;ltime;dloss;ct_flw_http_mthd;ct_dst_ltm;ct_ftp_cmd,,,,,,,,,,
unsw_candidate_feature_sets.csv,,31,candidate_feature_sets,unsw,,unsw,fisher_lightgbm,hybrid,q50,unsw__fisher_lightgbm__q50__k22,22,sloss;sjit;swin;dpkts;stcpb;ct_state_ttl;ltime;dloss;ct_flw_http_mthd;ct_dst_ltm;ct_ftp_cmd;ct_dst_sport_ltm;sbytes;is_ftp_login;synack;ct_srv_dst;ct_srv_src;res_bdy_len;ct_src_dport_ltm;dload;ct_dst_src_ltm;spkts,,,,,,,,,,
unsw_candidate_feature_sets.csv,,32,candidate_feature_sets,unsw,,unsw,fisher_lightgbm,hybrid,q75,unsw__fisher_lightgbm__q75__k33,33,sloss;sjit;swin;dpkts;stcpb;ct_state_ttl;ltime;dloss;ct_flw_http_mthd;ct_dst_ltm;ct_ftp_cmd;ct_dst_sport_ltm;sbytes;is_ftp_login;synack;ct_srv_dst;ct_srv_src;res_bdy_len;ct_src_dport_ltm;dload;ct_dst_src_ltm;spkts;proto;state;dur;dbytes;sttl;dttl;service;sload;dwin;dtcpb;smeansz,,,,,,,,,,
unsw_candidate_feature_sets.csv,,33,candidate_feature_sets,unsw,,unsw,ga,metaheuristic,elbow,unsw__ga__elbow__k12,12,djit;sbytes;dbytes;sloss;state;ct_src_dport_ltm;ltime;ct_srv_dst;ct_dst_ltm;dloss;sjit;dmeansz,,,,,,,,,,
unsw_candidate_feature_sets.csv,,34,candidate_feature_sets,unsw,,unsw,ga,metaheuristic,q25,unsw__ga__q25__k11,11,djit;sbytes;dbytes;sloss;state;ct_src_dport_ltm;ltime;ct_srv_dst;ct_dst_ltm;dloss;sjit,,,,,,,,,,
unsw_candidate_feature_sets.csv,,35,candidate_feature_sets,unsw,,unsw,ga,metaheuristic,q50,unsw__ga__q50__k22,22,djit;sbytes;dbytes;sloss;state;ct_src_dport_ltm;ltime;ct_srv_dst;ct_dst_ltm;dloss;sjit;dmeansz;sintpkt;sload;dintpkt;ct_flw_http_mthd;sttl;dttl;service;ct_srv_src;dur;stcpb,,,,,,,,,,
unsw_candidate_feature_sets.csv,,36,candidate_feature_sets,unsw,,unsw,ga,metaheuristic,q75,unsw__ga__q75__k33,33,djit;sbytes;dbytes;sloss;state;ct_src_dport_ltm;ltime;ct_srv_dst;ct_dst_ltm;dloss;sjit;dmeansz;sintpkt;sload;dintpkt;ct_flw_http_mthd;sttl;dttl;service;ct_srv_src;dur;stcpb;dwin;synack;proto;stime;trans_depth;res_bdy_len;is_ftp_login;ct_src_ltm;ct_ftp_cmd;ct_state_ttl;dload,,,,,,,,,,
unsw_candidate_feature_sets.csv,,37,candidate_feature_sets,unsw,,unsw,lasso_c0.01,embedded,elbow,unsw__lasso_c0.01__elbow__k9,9,synack;sbytes;dbytes;dload;stcpb;spkts;ct_src_dport_ltm;sintpkt;ct_dst_sport_ltm,,,,,,,,,,
unsw_candidate_feature_sets.csv,,38,candidate_feature_sets,unsw,,unsw,lasso_c0.01,embedded,q25,unsw__lasso_c0.01__q25__k11,11,synack;sbytes;dbytes;dload;stcpb;spkts;ct_src_dport_ltm;sintpkt;ct_dst_sport_ltm;state;ct_srv_dst,,,,,,,,,,
unsw_candidate_feature_sets.csv,,39,candidate_feature_sets,unsw,,unsw,lasso_c0.01,embedded,q50,unsw__lasso_c0.01__q50__k22,22,synack;sbytes;dbytes;dload;stcpb;spkts;ct_src_dport_ltm;sintpkt;ct_dst_sport_ltm;state;ct_srv_dst;tcprtt;ct_state_ttl;ltime;djit;dwin;sloss;dtcpb;sttl;is_sm_ips_ports;ct_flw_http_mthd;trans_depth,,,,,,,,,,
unsw_candidate_feature_sets.csv,,40,candidate_feature_sets,unsw,,unsw,lasso_c0.01,embedded,q75,unsw__lasso_c0.01__q75__k33,33,synack;sbytes;dbytes;dload;stcpb;spkts;ct_src_dport_ltm;sintpkt;ct_dst_sport_ltm;state;ct_srv_dst;tcprtt;ct_state_ttl;ltime;djit;dwin;sloss;dtcpb;sttl;is_sm_ips_ports;ct_flw_http_mthd;trans_depth;ct_src_ltm;dpkts;sjit;res_bdy_len;dmeansz;ackdat;ct_ftp_cmd;ct_dst_ltm;ct_srv_src;ct_dst_src_ltm;is_ftp_login,,,,,,,,,,
unsw_candidate_feature_sets.csv,,41,candidate_feature_sets,unsw,,unsw,lasso_c0.1,embedded,elbow,unsw__lasso_c0.1__elbow__k8,8,synack;dload;dbytes;sbytes;stcpb;spkts;ct_src_dport_ltm;djit,,,,,,,,,,
unsw_candidate_feature_sets.csv,,42,candidate_feature_sets,unsw,,unsw,lasso_c0.1,embedded,q25,unsw__lasso_c0.1__q25__k11,11,synack;dload;dbytes;sbytes;stcpb;spkts;ct_src_dport_ltm;djit;sintpkt;sttl;dloss,,,,,,,,,,
unsw_candidate_feature_sets.csv,,43,candidate_feature_sets,unsw,,unsw,lasso_c0.1,embedded,q50,unsw__lasso_c0.1__q50__k22,22,synack;dload;dbytes;sbytes;stcpb;spkts;ct_src_dport_ltm;djit;sintpkt;sttl;dloss;ct_srv_dst;tcprtt;ct_state_ttl;ct_srv_src;ct_flw_http_mthd;state;ct_dst_sport_ltm;dtcpb;ltime;is_sm_ips_ports;dpkts,,,,,,,,,,
unsw_candidate_feature_sets.csv,,44,candidate_feature_sets,unsw,,unsw,lasso_c0.1,embedded,q75,unsw__lasso_c0.1__q75__k33,33,synack;dload;dbytes;sbytes;stcpb;spkts;ct_src_dport_ltm;djit;sintpkt;sttl;dloss;ct_srv_dst;tcprtt;ct_state_ttl;ct_srv_src;ct_flw_http_mthd;state;ct_dst_sport_ltm;dtcpb;ltime;is_sm_ips_ports;dpkts;is_ftp_login;proto;dwin;sloss;stime;trans_depth;dur;swin;sjit;res_bdy_len;ct_src_ltm,,,,,,,,,,
unsw_candidate_feature_sets.csv,,45,candidate_feature_sets,unsw,,unsw,lasso_c1.0,embedded,elbow,unsw__lasso_c1.0__elbow__k8,8,synack;dload;dbytes;sbytes;stcpb;spkts;ct_src_dport_ltm;djit,,,,,,,,,,
unsw_candidate_feature_sets.csv,,46,candidate_feature_sets,unsw,,unsw,lasso_c1.0,embedded,q25,unsw__lasso_c1.0__q25__k11,11,synack;dload;dbytes;sbytes;stcpb;spkts;ct_src_dport_ltm;djit;sintpkt;sttl;dloss,,,,,,,,,,
unsw_candidate_feature_sets.csv,,47,candidate_feature_sets,unsw,,unsw,lasso_c1.0,embedded,q50,unsw__lasso_c1.0__q50__k22,22,synack;dload;dbytes;sbytes;stcpb;spkts;ct_src_dport_ltm;djit;sintpkt;sttl;dloss;ct_state_ttl;ct_srv_dst;tcprtt;state;ct_srv_src;ct_flw_http_mthd;ct_dst_sport_ltm;dtcpb;ltime;is_sm_ips_ports;is_ftp_login,,,,,,,,,,
unsw_candidate_feature_sets.csv,,48,candidate_feature_sets,unsw,,unsw,lasso_c1.0,embedded,q75,unsw__lasso_c1.0__q75__k33,33,synack;dload;dbytes;sbytes;stcpb;spkts;ct_src_dport_ltm;djit;sintpkt;sttl;dloss;ct_state_ttl;ct_srv_dst;tcprtt;state;ct_srv_src;ct_flw_http_mthd;ct_dst_sport_ltm;dtcpb;ltime;is_sm_ips_ports;is_ftp_login;dpkts;proto;dur;dwin;sloss;trans_depth;stime;swin;sjit;res_bdy_len;dttl,,,,,,,,,,
unsw_candidate_feature_sets.csv,,49,candidate_feature_sets,unsw,,unsw,lightgbm,embedded,elbow,unsw__lightgbm__elbow__k11,11,res_bdy_len;dwin;dpkts;swin;state;ct_state_ttl;sloss;ct_flw_http_mthd;proto;ct_dst_ltm;ct_ftp_cmd,,,,,,,,,,
unsw_candidate_feature_sets.csv,,50,candidate_feature_sets,unsw,,unsw,lightgbm,embedded,q25,unsw__lightgbm__q25__k11,11,res_bdy_len;dwin;dpkts;swin;state;ct_state_ttl;sloss;ct_flw_http_mthd;proto;ct_dst_ltm;ct_ftp_cmd,,,,,,,,,,
unsw_candidate_feature_sets.csv,,51,candidate_feature_sets,unsw,,unsw,lightgbm,embedded,q50,unsw__lightgbm__q50__k22,22,res_bdy_len;dwin;dpkts;swin;state;ct_state_ttl;sloss;ct_flw_http_mthd;proto;ct_dst_ltm;ct_ftp_cmd;djit;sintpkt;stcpb;trans_depth;dur;dintpkt;stime;is_ftp_login;dloss;ct_src_ltm;dmeansz,,,,,,,,,,
unsw_candidate_feature_sets.csv,,52,candidate_feature_sets,unsw,,unsw,lightgbm,embedded,q75,unsw__lightgbm__q75__k33,33,res_bdy_len;dwin;dpkts;swin;state;ct_state_ttl;sloss;ct_flw_http_mthd;proto;ct_dst_ltm;ct_ftp_cmd;djit;sintpkt;stcpb;trans_depth;dur;dintpkt;stime;is_ftp_login;dloss;ct_src_ltm;dmeansz;synack;ltime;sbytes;ct_dst_sport_ltm;ct_srv_dst;ct_srv_src;sjit;smeansz;sttl;sload;dttl,,,,,,,,,,
unsw_candidate_feature_sets.csv,,53,candidate_feature_sets,unsw,,unsw,mi_ga,hybrid,elbow,unsw__mi_ga__elbow__k8,8,dbytes;sbytes;ct_src_dport_ltm;service;res_bdy_len;stcpb;synack;sloss,,,,,,,,,,
unsw_candidate_feature_sets.csv,,54,candidate_feature_sets,unsw,,unsw,mi_ga,hybrid,q25,unsw__mi_ga__q25__k11,11,dbytes;sbytes;ct_src_dport_ltm;service;res_bdy_len;stcpb;synack;sloss;djit;sintpkt;stime,,,,,,,,,,
unsw_candidate_feature_sets.csv,,55,candidate_feature_sets,unsw,,unsw,mi_ga,hybrid,q50,unsw__mi_ga__q50__k22,22,dbytes;sbytes;ct_src_dport_ltm;service;res_bdy_len;stcpb;synack;sloss;djit;sintpkt;stime;dintpkt;sload;sjit;proto;ltime;dloss;ct_srv_dst;ct_srv_src;dwin;dur;state,,,,,,,,,,
unsw_candidate_feature_sets.csv,,56,candidate_feature_sets,unsw,,unsw,mi_ga,hybrid,q75,unsw__mi_ga__q75__k33,33,dbytes;sbytes;ct_src_dport_ltm;service;res_bdy_len;stcpb;synack;sloss;djit;sintpkt;stime;dintpkt;sload;sjit;proto;ltime;dloss;ct_srv_dst;ct_srv_src;dwin;dur;state;sttl;dttl;dload;spkts;dpkts;swin;dtcpb;smeansz;dmeansz;trans_depth;tcprtt,,,,,,,,,,
unsw_candidate_feature_sets.csv,,57,candidate_feature_sets,unsw,,unsw,mi_rfe,hybrid,elbow,unsw__mi_rfe__elbow__k22,22,service;dloss;sload;proto;djit;sintpkt;synack;state;dbytes;stcpb;sbytes;dur;ct_srv_dst;sjit;ltime;dwin;res_bdy_len;ct_srv_src;stime;sloss;ct_src_dport_ltm;dintpkt,,,,,,,,,,
unsw_candidate_feature_sets.csv,,58,candidate_feature_sets,unsw,,unsw,mi_rfe,hybrid,q25,unsw__mi_rfe__q25__k11,11,service;dloss;sload;proto;djit;sintpkt;synack;state;dbytes;stcpb;sbytes,,,,,,,,,,
unsw_candidate_feature_sets.csv,,59,candidate_feature_sets,unsw,,unsw,mi_rfe,hybrid,q50,unsw__mi_rfe__q50__k22,22,service;dloss;sload;proto;djit;sintpkt;synack;state;dbytes;stcpb;sbytes;dur;ct_srv_dst;sjit;ltime;dwin;res_bdy_len;ct_srv_src;stime;sloss;ct_src_dport_ltm;dintpkt,,,,,,,,,,
unsw_candidate_feature_sets.csv,,60,candidate_feature_sets,unsw,,unsw,mi_rfe,hybrid,q75,unsw__mi_rfe__q75__k33,33,service;dloss;sload;proto;djit;sintpkt;synack;state;dbytes;stcpb;sbytes;dur;ct_srv_dst;sjit;ltime;dwin;res_bdy_len;ct_srv_src;stime;sloss;ct_src_dport_ltm;dintpkt;sttl;dttl;dload;spkts;dpkts;swin;dtcpb;smeansz;dmeansz;trans_depth;tcprtt,,,,,,,,,,
unsw_candidate_feature_sets.csv,,61,candidate_feature_sets,unsw,,unsw,mrmr,filter,elbow,unsw__mrmr__elbow__k11,11,synack;state;sloss;stime;dwin;dur;dbytes;sbytes;dloss;proto;dmeansz,,,,,,,,,,
unsw_candidate_feature_sets.csv,,62,candidate_feature_sets,unsw,,unsw,mrmr,filter,q25,unsw__mrmr__q25__k11,11,synack;state;sloss;stime;dwin;dur;dbytes;sbytes;dloss;proto;dmeansz,,,,,,,,,,
unsw_candidate_feature_sets.csv,,63,candidate_feature_sets,unsw,,unsw,mrmr,filter,q50,unsw__mrmr__q50__k22,22,synack;state;sloss;stime;dwin;dur;dbytes;sbytes;dloss;proto;dmeansz;djit;ct_src_dport_ltm;dintpkt;sload;sjit;trans_depth;sintpkt;stcpb;is_sm_ips_ports;res_bdy_len;ct_src_ltm,,,,,,,,,,
unsw_candidate_feature_sets.csv,,64,candidate_feature_sets,unsw,,unsw,mrmr,filter,q75,unsw__mrmr__q75__k33,33,synack;state;sloss;stime;dwin;dur;dbytes;sbytes;dloss;proto;dmeansz;djit;ct_src_dport_ltm;dintpkt;sload;sjit;trans_depth;sintpkt;stcpb;is_sm_ips_ports;res_bdy_len;ct_src_ltm;sttl;ltime;smeansz;ct_srv_dst;tcprtt;ackdat;ct_srv_src;dttl;ct_dst_src_ltm;dtcpb;service,,,,,,,,,,
unsw_candidate_feature_sets.csv,,65,candidate_feature_sets,unsw,,unsw,mutual_info,filter,elbow,unsw__mutual_info__elbow__k14,14,synack;sbytes;state;sloss;dwin;dbytes;dur;stcpb;dloss;proto;stime;sload;ct_src_dport_ltm;djit,,,,,,,,,,
unsw_candidate_feature_sets.csv,,66,candidate_feature_sets,unsw,,unsw,mutual_info,filter,q25,unsw__mutual_info__q25__k11,11,synack;sbytes;state;sloss;dwin;dbytes;dur;stcpb;dloss;proto;stime,,,,,,,,,,
unsw_candidate_feature_sets.csv,,67,candidate_feature_sets,unsw,,unsw,mutual_info,filter,q50,unsw__mutual_info__q50__k22,22,synack;sbytes;state;sloss;dwin;dbytes;dur;stcpb;dloss;proto;stime;sload;ct_src_dport_ltm;djit;sintpkt;ltime;dintpkt;ct_srv_dst;sjit;res_bdy_len;service;ct_srv_src,,,,,,,,,,
unsw_candidate_feature_sets.csv,,68,candidate_feature_sets,unsw,,unsw,mutual_info,filter,q75,unsw__mutual_info__q75__k33,33,synack;sbytes;state;sloss;dwin;dbytes;dur;stcpb;dloss;proto;stime;sload;ct_src_dport_ltm;djit;sintpkt;ltime;dintpkt;ct_srv_dst;sjit;res_bdy_len;service;ct_srv_src;ct_dst_ltm;trans_depth;dmeansz;is_ftp_login;dttl;ct_src_ltm;ct_flw_http_mthd;sttl;ct_ftp_cmd;ct_state_ttl;dload,,,,,,,,,,
unsw_candidate_feature_sets.csv,,69,candidate_feature_sets,unsw,,unsw,pearson,filter,elbow,unsw__pearson__elbow__k3,3,sbytes;synack;ct_dst_ltm,,,,,,,,,,
unsw_candidate_feature_sets.csv,,70,candidate_feature_sets,unsw,,unsw,pearson,filter,q25,unsw__pearson__q25__k11,11,sbytes;synack;ct_dst_ltm;ct_srv_dst;ct_srv_src;ct_flw_http_mthd;ct_state_ttl;ct_ftp_cmd;ct_src_dport_ltm;is_ftp_login;dload,,,,,,,,,,
unsw_candidate_feature_sets.csv,,71,candidate_feature_sets,unsw,,unsw,pearson,filter,q50,unsw__pearson__q50__k22,22,sbytes;synack;ct_dst_ltm;ct_srv_dst;ct_srv_src;ct_flw_http_mthd;ct_state_ttl;ct_ftp_cmd;ct_src_dport_ltm;is_ftp_login;dload;spkts;stcpb;sjit;res_bdy_len;ct_dst_src_ltm;ct_dst_sport_ltm;swin;dpkts;dloss;sloss;ltime,,,,,,,,,,
unsw_candidate_feature_sets.csv,,72,candidate_feature_sets,unsw,,unsw,pearson,filter,q75,unsw__pearson__q75__k33,33,sbytes;synack;ct_dst_ltm;ct_srv_dst;ct_srv_src;ct_flw_http_mthd;ct_state_ttl;ct_ftp_cmd;ct_src_dport_ltm;is_ftp_login;dload;spkts;stcpb;sjit;res_bdy_len;ct_dst_src_ltm;ct_dst_sport_ltm;swin;dpkts;dloss;sloss;ltime;dintpkt;sintpkt;service;dbytes;sload;dttl;dur;sttl;dwin;trans_depth;dtcpb,,,,,,,,,,
unsw_candidate_feature_sets.csv,,73,candidate_feature_sets,unsw,,unsw,pso,metaheuristic,elbow,unsw__pso__elbow__k31,31,djit;proto;stime;is_ftp_login;sload;res_bdy_len;dbytes;dttl;sbytes;sintpkt;trans_depth;ct_src_ltm;sttl;ltime;service;state;sloss;dintpkt;dwin;ct_dst_ltm;dur;ct_flw_http_mthd;synack;ct_src_dport_ltm;ct_srv_dst;dmeansz;ct_srv_src;dloss;sjit;stcpb;ct_ftp_cmd,,,,,,,,,,
unsw_candidate_feature_sets.csv,,74,candidate_feature_sets,unsw,,unsw,pso,metaheuristic,q25,unsw__pso__q25__k11,11,djit;proto;stime;is_ftp_login;sload;res_bdy_len;dbytes;dttl;sbytes;sintpkt;trans_depth,,,,,,,,,,
unsw_candidate_feature_sets.csv,,75,candidate_feature_sets,unsw,,unsw,pso,metaheuristic,q50,unsw__pso__q50__k22,22,djit;proto;stime;is_ftp_login;sload;res_bdy_len;dbytes;dttl;sbytes;sintpkt;trans_depth;ct_src_ltm;sttl;ltime;service;state;sloss;dintpkt;dwin;ct_dst_ltm;dur;ct_flw_http_mthd,,,,,,,,,,
unsw_candidate_feature_sets.csv,,76,candidate_feature_sets,unsw,,unsw,pso,metaheuristic,q75,unsw__pso__q75__k33,33,djit;proto;stime;is_ftp_login;sload;res_bdy_len;dbytes;dttl;sbytes;sintpkt;trans_depth;ct_src_ltm;sttl;ltime;service;state;sloss;dintpkt;dwin;ct_dst_ltm;dur;ct_flw_http_mthd;synack;ct_src_dport_ltm;ct_srv_dst;dmeansz;ct_srv_src;dloss;sjit;stcpb;ct_ftp_cmd;ct_state_ttl;dload,,,,,,,,,,
unsw_candidate_feature_sets.csv,,77,candidate_feature_sets,unsw,,unsw,reliefF,filter,elbow,unsw__reliefF__elbow__k29,29,synack;sbytes;stime;ct_src_dport_ltm;djit;dbytes;smeansz;dload;spkts;dintpkt;sintpkt;ltime;tcprtt;is_sm_ips_ports;ct_dst_src_ltm;state;dtcpb;ackdat;ct_src_ltm;ct_dst_sport_ltm;res_bdy_len;sjit;proto;dur;sttl;dttl;dmeansz;dwin;sload,,,,,,,,,,
unsw_candidate_feature_sets.csv,,78,candidate_feature_sets,unsw,,unsw,reliefF,filter,q25,unsw__reliefF__q25__k11,11,synack;sbytes;stime;ct_src_dport_ltm;djit;dbytes;smeansz;dload;spkts;dintpkt;sintpkt,,,,,,,,,,
unsw_candidate_feature_sets.csv,,79,candidate_feature_sets,unsw,,unsw,reliefF,filter,q50,unsw__reliefF__q50__k22,22,synack;sbytes;stime;ct_src_dport_ltm;djit;dbytes;smeansz;dload;spkts;dintpkt;sintpkt;ltime;tcprtt;is_sm_ips_ports;ct_dst_src_ltm;state;dtcpb;ackdat;ct_src_ltm;ct_dst_sport_ltm;res_bdy_len;sjit,,,,,,,,,,
unsw_candidate_feature_sets.csv,,80,candidate_feature_sets,unsw,,unsw,reliefF,filter,q75,unsw__reliefF__q75__k33,33,synack;sbytes;stime;ct_src_dport_ltm;djit;dbytes;smeansz;dload;spkts;dintpkt;sintpkt;ltime;tcprtt;is_sm_ips_ports;ct_dst_src_ltm;state;dtcpb;ackdat;ct_src_ltm;ct_dst_sport_ltm;res_bdy_len;sjit;proto;dur;sttl;dttl;dmeansz;dwin;sload;trans_depth;sloss;service;ct_srv_dst,,,,,,,,,,
unsw_candidate_feature_sets.csv,,81,candidate_feature_sets,unsw,,unsw,rf,embedded,elbow,unsw__rf__elbow__k5,5,sbytes;synack;dloss;stcpb;dbytes,,,,,,,,,,
unsw_candidate_feature_sets.csv,,82,candidate_feature_sets,unsw,,unsw,rf,embedded,q25,unsw__rf__q25__k11,11,sbytes;synack;dloss;stcpb;dbytes;sload;stime;ct_src_dport_ltm;state;dwin;dur,,,,,,,,,,
unsw_candidate_feature_sets.csv,,83,candidate_feature_sets,unsw,,unsw,rf,embedded,q50,unsw__rf__q50__k22,22,sbytes;synack;dloss;stcpb;dbytes;sload;stime;ct_src_dport_ltm;state;dwin;dur;proto;sloss;sintpkt;dintpkt;ltime;ct_srv_dst;djit;dttl;ct_dst_ltm;ct_srv_src;trans_depth,,,,,,,,,,
unsw_candidate_feature_sets.csv,,84,candidate_feature_sets,unsw,,unsw,rf,embedded,q75,unsw__rf__q75__k33,33,sbytes;synack;dloss;stcpb;dbytes;sload;stime;ct_src_dport_ltm;state;dwin;dur;proto;sloss;sintpkt;dintpkt;ltime;ct_srv_dst;djit;dttl;ct_dst_ltm;ct_srv_src;trans_depth;dmeansz;ct_flw_http_mthd;service;ct_state_ttl;is_ftp_login;dpkts;sjit;ct_ftp_cmd;res_bdy_len;ct_dst_sport_ltm;dload,,,,,,,,,,
unsw_candidate_feature_sets.csv,,85,candidate_feature_sets,unsw,,unsw,rfe,wrapper,elbow,unsw__rfe__elbow__k21,21,ct_dst_src_ltm;ct_src_dport_ltm;ct_dst_ltm;ct_state_ttl;ct_srv_dst;res_bdy_len;stcpb;djit;sintpkt;synack;is_sm_ips_ports;dttl;sttl;dbytes;sbytes;dload;sload;sjit;dur;dloss;spkts,,,,,,,,,,
unsw_candidate_feature_sets.csv,,86,candidate_feature_sets,unsw,,unsw,rfe,wrapper,q25,unsw__rfe__q25__k11,11,ct_dst_src_ltm;ct_src_dport_ltm;ct_dst_ltm;ct_state_ttl;ct_srv_dst;res_bdy_len;stcpb;djit;sintpkt;synack;is_sm_ips_ports,,,,,,,,,,
unsw_candidate_feature_sets.csv,,87,candidate_feature_sets,unsw,,unsw,rfe,wrapper,q50,unsw__rfe__q50__k22,22,ct_dst_src_ltm;ct_src_dport_ltm;ct_dst_ltm;ct_state_ttl;ct_srv_dst;res_bdy_len;stcpb;djit;sintpkt;synack;is_sm_ips_ports;dttl;sttl;dbytes;sbytes;dload;sload;sjit;dur;dloss;spkts;ct_flw_http_mthd,,,,,,,,,,
unsw_candidate_feature_sets.csv,,88,candidate_feature_sets,unsw,,unsw,rfe,wrapper,q75,unsw__rfe__q75__k33,33,ct_dst_src_ltm;ct_src_dport_ltm;ct_dst_ltm;ct_state_ttl;ct_srv_dst;res_bdy_len;stcpb;djit;sintpkt;synack;is_sm_ips_ports;dttl;sttl;dbytes;sbytes;dload;sload;sjit;dur;dloss;spkts;ct_flw_http_mthd;proto;ct_dst_sport_ltm;stime;tcprtt;ct_srv_src;is_ftp_login;ltime;ct_ftp_cmd;trans_depth;dtcpb;service,,,,,,,,,,
unsw_candidate_feature_sets.csv,,89,candidate_feature_sets,unsw,,unsw,rfecv,wrapper,elbow,unsw__rfecv__elbow__k33,33,ct_dst_src_ltm;ct_dst_sport_ltm;ct_src_dport_ltm;ct_dst_ltm;ct_srv_dst;ct_srv_src;ct_ftp_cmd;ct_flw_http_mthd;is_ftp_login;ct_state_ttl;is_sm_ips_ports;proto;synack;tcprtt;sintpkt;stime;ltime;sjit;djit;stcpb;dtcpb;res_bdy_len;trans_depth;dload;sload;service;spkts;dloss;dur;sbytes;dttl;sttl;dbytes,,,,,,,,,,
unsw_candidate_feature_sets.csv,,90,candidate_feature_sets,unsw,,unsw,rfecv,wrapper,q25,unsw__rfecv__q25__k11,11,ct_dst_src_ltm;ct_dst_sport_ltm;ct_src_dport_ltm;ct_dst_ltm;ct_srv_dst;ct_srv_src;ct_ftp_cmd;ct_flw_http_mthd;is_ftp_login;ct_state_ttl;is_sm_ips_ports,,,,,,,,,,
unsw_candidate_feature_sets.csv,,91,candidate_feature_sets,unsw,,unsw,rfecv,wrapper,q50,unsw__rfecv__q50__k22,22,ct_dst_src_ltm;ct_dst_sport_ltm;ct_src_dport_ltm;ct_dst_ltm;ct_srv_dst;ct_srv_src;ct_ftp_cmd;ct_flw_http_mthd;is_ftp_login;ct_state_ttl;is_sm_ips_ports;proto;synack;tcprtt;sintpkt;stime;ltime;sjit;djit;stcpb;dtcpb;res_bdy_len,,,,,,,,,,
unsw_candidate_feature_sets.csv,,92,candidate_feature_sets,unsw,,unsw,rfecv,wrapper,q75,unsw__rfecv__q75__k33,33,ct_dst_src_ltm;ct_dst_sport_ltm;ct_src_dport_ltm;ct_dst_ltm;ct_srv_dst;ct_srv_src;ct_ftp_cmd;ct_flw_http_mthd;is_ftp_login;ct_state_ttl;is_sm_ips_ports;proto;synack;tcprtt;sintpkt;stime;ltime;sjit;djit;stcpb;dtcpb;res_bdy_len;trans_depth;dload;sload;service;spkts;dloss;dur;sbytes;dttl;sttl;dbytes,,,,,,,,,,
unsw_candidate_feature_sets.csv,,93,candidate_feature_sets,unsw,,unsw,xgboost,embedded,elbow,unsw__xgboost__elbow__k3,3,synack;sbytes;dloss,,,,,,,,,,
unsw_candidate_feature_sets.csv,,94,candidate_feature_sets,unsw,,unsw,xgboost,embedded,q25,unsw__xgboost__q25__k11,11,synack;sbytes;dloss;ct_srv_dst;dbytes;ltime;ct_flw_http_mthd;sintpkt;ct_dst_sport_ltm;dwin;dur,,,,,,,,,,
unsw_candidate_feature_sets.csv,,95,candidate_feature_sets,unsw,,unsw,xgboost,embedded,q50,unsw__xgboost__q50__k22,22,synack;sbytes;dloss;ct_srv_dst;dbytes;ltime;ct_flw_http_mthd;sintpkt;ct_dst_sport_ltm;dwin;dur;state;service;dload;dttl;ct_src_dport_ltm;sloss;ct_dst_ltm;stcpb;is_ftp_login;sload;ct_state_ttl,,,,,,,,,,
unsw_candidate_feature_sets.csv,,96,candidate_feature_sets,unsw,,unsw,xgboost,embedded,q75,unsw__xgboost__q75__k33,33,synack;sbytes;dloss;ct_srv_dst;dbytes;ltime;ct_flw_http_mthd;sintpkt;ct_dst_sport_ltm;dwin;dur;state;service;dload;dttl;ct_src_dport_ltm;sloss;ct_dst_ltm;stcpb;is_ftp_login;sload;ct_state_ttl;sttl;ct_src_ltm;dtcpb;tcprtt;spkts;ct_srv_src;stime;proto;trans_depth;djit;dmeansz,,,,,,,,,,
unsw_core.csv,,1,core_feature_list,unsw,core,,,,,,,,synack,,,,,,,,,
unsw_core.csv,,2,core_feature_list,unsw,core,,,,,,,,sbytes,,,,,,,,,
unsw_core.csv,,3,core_feature_list,unsw,core,,,,,,,,dbytes,,,,,,,,,
unsw_core.csv,,4,core_feature_list,unsw,core,,,,,,,,ct_src_dport_ltm,,,,,,,,,
unsw_core.csv,,5,core_feature_list,unsw,core,,,,,,,,stcpb,,,,,,,,,
unsw_core.csv,,6,core_feature_list,unsw,core,,,,,,,,ct_srv_dst,,,,,,,,,
unsw_core.csv,,7,core_feature_list,unsw,core,,,,,,,,dloss,,,,,,,,,
unsw_effectiveness.csv,,1,champion_zone_feature_list,unsw,effectiveness,,,,,,,,synack,,,,,,,,,
unsw_effectiveness.csv,,2,champion_zone_feature_list,unsw,effectiveness,,,,,,,,dload,,,,,,,,,
unsw_effectiveness.csv,,3,champion_zone_feature_list,unsw,effectiveness,,,,,,,,dbytes,,,,,,,,,
unsw_effectiveness.csv,,4,champion_zone_feature_list,unsw,effectiveness,,,,,,,,sbytes,,,,,,,,,
unsw_effectiveness.csv,,5,champion_zone_feature_list,unsw,effectiveness,,,,,,,,stcpb,,,,,,,,,
unsw_effectiveness.csv,,6,champion_zone_feature_list,unsw,effectiveness,,,,,,,,spkts,,,,,,,,,
unsw_effectiveness.csv,,7,champion_zone_feature_list,unsw,effectiveness,,,,,,,,ct_src_dport_ltm,,,,,,,,,
unsw_effectiveness.csv,,8,champion_zone_feature_list,unsw,effectiveness,,,,,,,,djit,,,,,,,,,
unsw_effectiveness.csv,,9,champion_zone_feature_list,unsw,effectiveness,,,,,,,,sintpkt,,,,,,,,,
unsw_effectiveness.csv,,10,champion_zone_feature_list,unsw,effectiveness,,,,,,,,sttl,,,,,,,,,
unsw_effectiveness.csv,,11,champion_zone_feature_list,unsw,effectiveness,,,,,,,,dloss,,,,,,,,,
unsw_effectiveness.csv,,12,champion_zone_feature_list,unsw,effectiveness,,,,,,,,ct_state_ttl,,,,,,,,,
unsw_effectiveness.csv,,13,champion_zone_feature_list,unsw,effectiveness,,,,,,,,ct_srv_dst,,,,,,,,,
unsw_effectiveness.csv,,14,champion_zone_feature_list,unsw,effectiveness,,,,,,,,tcprtt,,,,,,,,,
unsw_effectiveness.csv,,15,champion_zone_feature_list,unsw,effectiveness,,,,,,,,state,,,,,,,,,
unsw_effectiveness.csv,,16,champion_zone_feature_list,unsw,effectiveness,,,,,,,,ct_srv_src,,,,,,,,,
unsw_effectiveness.csv,,17,champion_zone_feature_list,unsw,effectiveness,,,,,,,,ct_flw_http_mthd,,,,,,,,,
unsw_effectiveness.csv,,18,champion_zone_feature_list,unsw,effectiveness,,,,,,,,ct_dst_sport_ltm,,,,,,,,,
unsw_effectiveness.csv,,19,champion_zone_feature_list,unsw,effectiveness,,,,,,,,dtcpb,,,,,,,,,
unsw_effectiveness.csv,,20,champion_zone_feature_list,unsw,effectiveness,,,,,,,,ltime,,,,,,,,,
unsw_effectiveness.csv,,21,champion_zone_feature_list,unsw,effectiveness,,,,,,,,is_sm_ips_ports,,,,,,,,,
unsw_effectiveness.csv,,22,champion_zone_feature_list,unsw,effectiveness,,,,,,,,is_ftp_login,,,,,,,,,
unsw_efficiency.csv,,1,champion_zone_feature_list,unsw,efficiency,,,,,,,,synack,,,,,,,,,
unsw_efficiency.csv,,2,champion_zone_feature_list,unsw,efficiency,,,,,,,,sbytes,,,,,,,,,
unsw_efficiency.csv,,3,champion_zone_feature_list,unsw,efficiency,,,,,,,,dloss,,,,,,,,,
all_candidate_feature_sets.xlsx,Sheet1,1,candidate_feature_sets,,,unsw,boruta,wrapper,elbow,unsw__boruta__elbow__k33,33,sbytes;synack;dloss;stcpb;dbytes;dur;state;dwin;sload;stime;ct_src_dport_ltm;sloss;proto;ltime;dintpkt;sintpkt;djit;ct_srv_dst;ct_dst_ltm;dttl;trans_depth;ct_flw_http_mthd;dmeansz;service;ct_srv_src;ct_state_ttl;is_ftp_login;sttl;ct_dst_sport_ltm;ct_ftp_cmd;res_bdy_len;ct_src_ltm;sjit,,,,,,,,,,
all_candidate_feature_sets.xlsx,Sheet1,2,candidate_feature_sets,,,unsw,boruta,wrapper,q25,unsw__boruta__q25__k11,11,sbytes;synack;dloss;stcpb;dbytes;dur;state;dwin;sload;stime;ct_src_dport_ltm,,,,,,,,,,
all_candidate_feature_sets.xlsx,Sheet1,3,candidate_feature_sets,,,unsw,boruta,wrapper,q50,unsw__boruta__q50__k22,22,sbytes;synack;dloss;stcpb;dbytes;dur;state;dwin;sload;stime;ct_src_dport_ltm;sloss;proto;ltime;dintpkt;sintpkt;djit;ct_srv_dst;ct_dst_ltm;dttl;trans_depth;ct_flw_http_mthd,,,,,,,,,,
all_candidate_feature_sets.xlsx,Sheet1,4,candidate_feature_sets,,,unsw,boruta,wrapper,q75,unsw__boruta__q75__k33,33,sbytes;synack;dloss;stcpb;dbytes;dur;state;dwin;sload;stime;ct_src_dport_ltm;sloss;proto;ltime;dintpkt;sintpkt;djit;ct_srv_dst;ct_dst_ltm;dttl;trans_depth;ct_flw_http_mthd;dmeansz;service;ct_srv_src;ct_state_ttl;is_ftp_login;sttl;ct_dst_sport_ltm;ct_ftp_cmd;res_bdy_len;ct_src_ltm;sjit,,,,,,,,,,
all_candidate_feature_sets.xlsx,Sheet1,5,candidate_feature_sets,,,unsw,chi2,filter,elbow,unsw__chi2__elbow__k4,4,sbytes;synack;ct_dst_ltm;ct_srv_src,,,,,,,,,,
all_candidate_feature_sets.xlsx,Sheet1,6,candidate_feature_sets,,,unsw,chi2,filter,q25,unsw__chi2__q25__k11,11,sbytes;synack;ct_dst_ltm;ct_srv_src;ct_srv_dst;dload;spkts;ct_flw_http_mthd;ct_state_ttl;res_bdy_len;sjit,,,,,,,,,,
all_candidate_feature_sets.xlsx,Sheet1,7,candidate_feature_sets,,,unsw,chi2,filter,q50,unsw__chi2__q50__k22,22,sbytes;synack;ct_dst_ltm;ct_srv_src;ct_srv_dst;dload;spkts;ct_flw_http_mthd;ct_state_ttl;res_bdy_len;sjit;is_ftp_login;swin;dpkts;stcpb;ct_ftp_cmd;dloss;ct_dst_sport_ltm;ct_dst_src_ltm;ct_src_dport_ltm;dbytes;sloss,,,,,,,,,,
all_candidate_feature_sets.xlsx,Sheet1,8,candidate_feature_sets,,,unsw,chi2,filter,q75,unsw__chi2__q75__k33,33,sbytes;synack;ct_dst_ltm;ct_srv_src;ct_srv_dst;dload;spkts;ct_flw_http_mthd;ct_state_ttl;res_bdy_len;sjit;is_ftp_login;swin;dpkts;stcpb;ct_ftp_cmd;dloss;ct_dst_sport_ltm;ct_dst_src_ltm;ct_src_dport_ltm;dbytes;sloss;dintpkt;ltime;sintpkt;dtcpb;dwin;service;sload;dttl;is_sm_ips_ports;dur;tcprtt,,,,,,,,,,
all_candidate_feature_sets.xlsx,Sheet1,9,candidate_feature_sets,,,unsw,chi2_boruta,hybrid,elbow,unsw__chi2_boruta__elbow__k23,23,sbytes;synack;dloss;stcpb;dbytes;ct_src_dport_ltm;sloss;ct_srv_dst;ct_dst_ltm;ct_flw_http_mthd;ct_srv_src;ct_state_ttl;is_ftp_login;dload;dpkts;swin;res_bdy_len;sjit;ct_ftp_cmd;spkts;ct_dst_sport_ltm;ct_dst_src_ltm;proto,,,,,,,,,,
all_candidate_feature_sets.xlsx,Sheet1,10,candidate_feature_sets,,,unsw,chi2_boruta,hybrid,q25,unsw__chi2_boruta__q25__k11,11,sbytes;synack;dloss;stcpb;dbytes;ct_src_dport_ltm;sloss;ct_srv_dst;ct_dst_ltm;ct_flw_http_mthd;ct_srv_src,,,,,,,,,,
all_candidate_feature_sets.xlsx,Sheet1,11,candidate_feature_sets,,,unsw,chi2_boruta,hybrid,q50,unsw__chi2_boruta__q50__k22,22,sbytes;synack;dloss;stcpb;dbytes;ct_src_dport_ltm;sloss;ct_srv_dst;ct_dst_ltm;ct_flw_http_mthd;ct_srv_src;ct_state_ttl;is_ftp_login;dload;dpkts;swin;res_bdy_len;sjit;ct_ftp_cmd;spkts;ct_dst_sport_ltm;ct_dst_src_ltm,,,,,,,,,,
all_candidate_feature_sets.xlsx,Sheet1,12,candidate_feature_sets,,,unsw,chi2_boruta,hybrid,q75,unsw__chi2_boruta__q75__k33,33,sbytes;synack;dloss;stcpb;dbytes;ct_src_dport_ltm;sloss;ct_srv_dst;ct_dst_ltm;ct_flw_http_mthd;ct_srv_src;ct_state_ttl;is_ftp_login;dload;dpkts;swin;res_bdy_len;sjit;ct_ftp_cmd;spkts;ct_dst_sport_ltm;ct_dst_src_ltm;proto;state;dur;sttl;dttl;service;sload;dwin;dtcpb;smeansz;dmeansz,,,,,,,,,,
all_candidate_feature_sets.xlsx,Sheet1,13,candidate_feature_sets,,,unsw,chi2_xgboost,hybrid,elbow,unsw__chi2_xgboost__elbow__k3,3,synack;sbytes;dbytes,,,,,,,,,,
all_candidate_feature_sets.xlsx,Sheet1,14,candidate_feature_sets,,,unsw,chi2_xgboost,hybrid,q25,unsw__chi2_xgboost__q25__k11,11,synack;sbytes;dbytes;dloss;stcpb;ct_srv_dst;ct_src_dport_ltm;ct_flw_http_mthd;ct_dst_sport_ltm;spkts;dload,,,,,,,,,,
all_candidate_feature_sets.xlsx,Sheet1,15,candidate_feature_sets,,,unsw,chi2_xgboost,hybrid,q50,unsw__chi2_xgboost__q50__k22,22,synack;sbytes;dbytes;dloss;stcpb;ct_srv_dst;ct_src_dport_ltm;ct_flw_http_mthd;ct_dst_sport_ltm;spkts;dload;sloss;is_ftp_login;res_bdy_len;ct_srv_src;ct_state_ttl;ct_dst_ltm;swin;sjit;dpkts;ct_dst_src_ltm;ct_ftp_cmd,,,,,,,,,,
all_candidate_feature_sets.xlsx,Sheet1,16,candidate_feature_sets,,,unsw,chi2_xgboost,hybrid,q75,unsw__chi2_xgboost__q75__k33,33,synack;sbytes;dbytes;dloss;stcpb;ct_srv_dst;ct_src_dport_ltm;ct_flw_http_mthd;ct_dst_sport_ltm;spkts;dload;sloss;is_ftp_login;res_bdy_len;ct_srv_src;ct_state_ttl;ct_dst_ltm;swin;sjit;dpkts;ct_dst_src_ltm;ct_ftp_cmd;proto;state;dur;sttl;dttl;service;sload;dwin;dtcpb;smeansz;dmeansz,,,,,,,,,,
all_candidate_feature_sets.xlsx,Sheet1,17,candidate_feature_sets,,,unsw,elasticnet_c0.1,embedded,elbow,unsw__elasticnet_c0.1__elbow__k8,8,synack;dload;dbytes;sbytes;stcpb;spkts;ct_src_dport_ltm;djit,,,,,,,,,,
all_candidate_feature_sets.xlsx,Sheet1,18,candidate_feature_sets,,,unsw,elasticnet_c0.1,embedded,q25,unsw__elasticnet_c0.1__q25__k11,11,synack;dload;dbytes;sbytes;stcpb;spkts;ct_src_dport_ltm;djit;sintpkt;sttl;dloss,,,,,,,,,,
all_candidate_feature_sets.xlsx,Sheet1,19,candidate_feature_sets,,,unsw,elasticnet_c0.1,embedded,q50,unsw__elasticnet_c0.1__q50__k22,22,synack;dload;dbytes;sbytes;stcpb;spkts;ct_src_dport_ltm;djit;sintpkt;sttl;dloss;ct_state_ttl;ct_srv_dst;tcprtt;ct_srv_src;ct_flw_http_mthd;state;ct_dst_sport_ltm;dtcpb;ltime;is_sm_ips_ports;is_ftp_login,,,,,,,,,,
all_candidate_feature_sets.xlsx,Sheet1,20,candidate_feature_sets,,,unsw,elasticnet_c0.1,embedded,q75,unsw__elasticnet_c0.1__q75__k33,33,synack;dload;dbytes;sbytes;stcpb;spkts;ct_src_dport_ltm;djit;sintpkt;sttl;dloss;ct_state_ttl;ct_srv_dst;tcprtt;ct_srv_src;ct_flw_http_mthd;state;ct_dst_sport_ltm;dtcpb;ltime;is_sm_ips_ports;is_ftp_login;dpkts;proto;dur;dwin;sloss;trans_depth;stime;swin;sjit;res_bdy_len;ct_dst_ltm,,,,,,,,,,
all_candidate_feature_sets.xlsx,Sheet1,21,candidate_feature_sets,,,unsw,elasticnet_c1.0,embedded,elbow,unsw__elasticnet_c1.0__elbow__k8,8,synack;dload;dbytes;sbytes;stcpb;spkts;ct_src_dport_ltm;djit,,,,,,,,,,
all_candidate_feature_sets.xlsx,Sheet1,22,candidate_feature_sets,,,unsw,elasticnet_c1.0,embedded,q25,unsw__elasticnet_c1.0__q25__k11,11,synack;dload;dbytes;sbytes;stcpb;spkts;ct_src_dport_ltm;djit;sintpkt;sttl;dloss,,,,,,,,,,
all_candidate_feature_sets.xlsx,Sheet1,23,candidate_feature_sets,,,unsw,elasticnet_c1.0,embedded,q50,unsw__elasticnet_c1.0__q50__k22,22,synack;dload;dbytes;sbytes;stcpb;spkts;ct_src_dport_ltm;djit;sintpkt;sttl;dloss;ct_state_ttl;ct_srv_dst;tcprtt;state;ct_srv_src;ct_flw_http_mthd;ct_dst_sport_ltm;dtcpb;ltime;is_sm_ips_ports;is_ftp_login,,,,,,,,,,
all_candidate_feature_sets.xlsx,Sheet1,24,candidate_feature_sets,,,unsw,elasticnet_c1.0,embedded,q75,unsw__elasticnet_c1.0__q75__k33,33,synack;dload;dbytes;sbytes;stcpb;spkts;ct_src_dport_ltm;djit;sintpkt;sttl;dloss;ct_state_ttl;ct_srv_dst;tcprtt;state;ct_srv_src;ct_flw_http_mthd;ct_dst_sport_ltm;dtcpb;ltime;is_sm_ips_ports;is_ftp_login;dpkts;proto;dur;dwin;sloss;trans_depth;stime;swin;res_bdy_len;sjit;dttl,,,,,,,,,,
all_candidate_feature_sets.xlsx,Sheet1,25,candidate_feature_sets,,,unsw,fisher,filter,elbow,unsw__fisher__elbow__k3,3,sbytes;synack;ct_dst_ltm,,,,,,,,,,
all_candidate_feature_sets.xlsx,Sheet1,26,candidate_feature_sets,,,unsw,fisher,filter,q25,unsw__fisher__q25__k11,11,sbytes;synack;ct_dst_ltm;ct_srv_dst;ct_srv_src;ct_flw_http_mthd;ct_state_ttl;ct_ftp_cmd;ct_src_dport_ltm;is_ftp_login;dload,,,,,,,,,,
all_candidate_feature_sets.xlsx,Sheet1,27,candidate_feature_sets,,,unsw,fisher,filter,q50,unsw__fisher__q50__k22,22,sbytes;synack;ct_dst_ltm;ct_srv_dst;ct_srv_src;ct_flw_http_mthd;ct_state_ttl;ct_ftp_cmd;ct_src_dport_ltm;is_ftp_login;dload;spkts;stcpb;sjit;res_bdy_len;ct_dst_src_ltm;ct_dst_sport_ltm;swin;dpkts;dloss;sloss;ltime,,,,,,,,,,
all_candidate_feature_sets.xlsx,Sheet1,28,candidate_feature_sets,,,unsw,fisher,filter,q75,unsw__fisher__q75__k33,33,sbytes;synack;ct_dst_ltm;ct_srv_dst;ct_srv_src;ct_flw_http_mthd;ct_state_ttl;ct_ftp_cmd;ct_src_dport_ltm;is_ftp_login;dload;spkts;stcpb;sjit;res_bdy_len;ct_dst_src_ltm;ct_dst_sport_ltm;swin;dpkts;dloss;sloss;ltime;dintpkt;sintpkt;service;dbytes;sload;dttl;dur;sttl;dwin;trans_depth;dtcpb,,,,,,,,,,
all_candidate_feature_sets.xlsx,Sheet1,29,candidate_feature_sets,,,unsw,fisher_lightgbm,hybrid,elbow,unsw__fisher_lightgbm__elbow__k12,12,sloss;sjit;swin;dpkts;stcpb;ct_state_ttl;ltime;dloss;ct_flw_http_mthd;ct_dst_ltm;ct_ftp_cmd;ct_dst_sport_ltm,,,,,,,,,,
all_candidate_feature_sets.xlsx,Sheet1,30,candidate_feature_sets,,,unsw,fisher_lightgbm,hybrid,q25,unsw__fisher_lightgbm__q25__k11,11,sloss;sjit;swin;dpkts;stcpb;ct_state_ttl;ltime;dloss;ct_flw_http_mthd;ct_dst_ltm;ct_ftp_cmd,,,,,,,,,,
all_candidate_feature_sets.xlsx,Sheet1,31,candidate_feature_sets,,,unsw,fisher_lightgbm,hybrid,q50,unsw__fisher_lightgbm__q50__k22,22,sloss;sjit;swin;dpkts;stcpb;ct_state_ttl;ltime;dloss;ct_flw_http_mthd;ct_dst_ltm;ct_ftp_cmd;ct_dst_sport_ltm;sbytes;is_ftp_login;synack;ct_srv_dst;ct_srv_src;res_bdy_len;ct_src_dport_ltm;dload;ct_dst_src_ltm;spkts,,,,,,,,,,
all_candidate_feature_sets.xlsx,Sheet1,32,candidate_feature_sets,,,unsw,fisher_lightgbm,hybrid,q75,unsw__fisher_lightgbm__q75__k33,33,sloss;sjit;swin;dpkts;stcpb;ct_state_ttl;ltime;dloss;ct_flw_http_mthd;ct_dst_ltm;ct_ftp_cmd;ct_dst_sport_ltm;sbytes;is_ftp_login;synack;ct_srv_dst;ct_srv_src;res_bdy_len;ct_src_dport_ltm;dload;ct_dst_src_ltm;spkts;proto;state;dur;dbytes;sttl;dttl;service;sload;dwin;dtcpb;smeansz,,,,,,,,,,
all_candidate_feature_sets.xlsx,Sheet1,33,candidate_feature_sets,,,unsw,ga,metaheuristic,elbow,unsw__ga__elbow__k12,12,djit;sbytes;dbytes;sloss;state;ct_src_dport_ltm;ltime;ct_srv_dst;ct_dst_ltm;dloss;sjit;dmeansz,,,,,,,,,,
all_candidate_feature_sets.xlsx,Sheet1,34,candidate_feature_sets,,,unsw,ga,metaheuristic,q25,unsw__ga__q25__k11,11,djit;sbytes;dbytes;sloss;state;ct_src_dport_ltm;ltime;ct_srv_dst;ct_dst_ltm;dloss;sjit,,,,,,,,,,
all_candidate_feature_sets.xlsx,Sheet1,35,candidate_feature_sets,,,unsw,ga,metaheuristic,q50,unsw__ga__q50__k22,22,djit;sbytes;dbytes;sloss;state;ct_src_dport_ltm;ltime;ct_srv_dst;ct_dst_ltm;dloss;sjit;dmeansz;sintpkt;sload;dintpkt;ct_flw_http_mthd;sttl;dttl;service;ct_srv_src;dur;stcpb,,,,,,,,,,
all_candidate_feature_sets.xlsx,Sheet1,36,candidate_feature_sets,,,unsw,ga,metaheuristic,q75,unsw__ga__q75__k33,33,djit;sbytes;dbytes;sloss;state;ct_src_dport_ltm;ltime;ct_srv_dst;ct_dst_ltm;dloss;sjit;dmeansz;sintpkt;sload;dintpkt;ct_flw_http_mthd;sttl;dttl;service;ct_srv_src;dur;stcpb;dwin;synack;proto;stime;trans_depth;res_bdy_len;is_ftp_login;ct_src_ltm;ct_ftp_cmd;ct_state_ttl;dload,,,,,,,,,,
all_candidate_feature_sets.xlsx,Sheet1,37,candidate_feature_sets,,,unsw,lasso_c0.01,embedded,elbow,unsw__lasso_c0.01__elbow__k9,9,synack;sbytes;dbytes;dload;stcpb;spkts;ct_src_dport_ltm;sintpkt;ct_dst_sport_ltm,,,,,,,,,,
all_candidate_feature_sets.xlsx,Sheet1,38,candidate_feature_sets,,,unsw,lasso_c0.01,embedded,q25,unsw__lasso_c0.01__q25__k11,11,synack;sbytes;dbytes;dload;stcpb;spkts;ct_src_dport_ltm;sintpkt;ct_dst_sport_ltm;state;ct_srv_dst,,,,,,,,,,
all_candidate_feature_sets.xlsx,Sheet1,39,candidate_feature_sets,,,unsw,lasso_c0.01,embedded,q50,unsw__lasso_c0.01__q50__k22,22,synack;sbytes;dbytes;dload;stcpb;spkts;ct_src_dport_ltm;sintpkt;ct_dst_sport_ltm;state;ct_srv_dst;tcprtt;ct_state_ttl;ltime;djit;dwin;sloss;dtcpb;sttl;is_sm_ips_ports;ct_flw_http_mthd;trans_depth,,,,,,,,,,
all_candidate_feature_sets.xlsx,Sheet1,40,candidate_feature_sets,,,unsw,lasso_c0.01,embedded,q75,unsw__lasso_c0.01__q75__k33,33,synack;sbytes;dbytes;dload;stcpb;spkts;ct_src_dport_ltm;sintpkt;ct_dst_sport_ltm;state;ct_srv_dst;tcprtt;ct_state_ttl;ltime;djit;dwin;sloss;dtcpb;sttl;is_sm_ips_ports;ct_flw_http_mthd;trans_depth;ct_src_ltm;dpkts;sjit;res_bdy_len;dmeansz;ackdat;ct_ftp_cmd;ct_dst_ltm;ct_srv_src;ct_dst_src_ltm;is_ftp_login,,,,,,,,,,
all_candidate_feature_sets.xlsx,Sheet1,41,candidate_feature_sets,,,unsw,lasso_c0.1,embedded,elbow,unsw__lasso_c0.1__elbow__k8,8,synack;dload;dbytes;sbytes;stcpb;spkts;ct_src_dport_ltm;djit,,,,,,,,,,
all_candidate_feature_sets.xlsx,Sheet1,42,candidate_feature_sets,,,unsw,lasso_c0.1,embedded,q25,unsw__lasso_c0.1__q25__k11,11,synack;dload;dbytes;sbytes;stcpb;spkts;ct_src_dport_ltm;djit;sintpkt;sttl;dloss,,,,,,,,,,
all_candidate_feature_sets.xlsx,Sheet1,43,candidate_feature_sets,,,unsw,lasso_c0.1,embedded,q50,unsw__lasso_c0.1__q50__k22,22,synack;dload;dbytes;sbytes;stcpb;spkts;ct_src_dport_ltm;djit;sintpkt;sttl;dloss;ct_srv_dst;tcprtt;ct_state_ttl;ct_srv_src;ct_flw_http_mthd;state;ct_dst_sport_ltm;dtcpb;ltime;is_sm_ips_ports;dpkts,,,,,,,,,,
all_candidate_feature_sets.xlsx,Sheet1,44,candidate_feature_sets,,,unsw,lasso_c0.1,embedded,q75,unsw__lasso_c0.1__q75__k33,33,synack;dload;dbytes;sbytes;stcpb;spkts;ct_src_dport_ltm;djit;sintpkt;sttl;dloss;ct_srv_dst;tcprtt;ct_state_ttl;ct_srv_src;ct_flw_http_mthd;state;ct_dst_sport_ltm;dtcpb;ltime;is_sm_ips_ports;dpkts;is_ftp_login;proto;dwin;sloss;stime;trans_depth;dur;swin;sjit;res_bdy_len;ct_src_ltm,,,,,,,,,,
all_candidate_feature_sets.xlsx,Sheet1,45,candidate_feature_sets,,,unsw,lasso_c1.0,embedded,elbow,unsw__lasso_c1.0__elbow__k8,8,synack;dload;dbytes;sbytes;stcpb;spkts;ct_src_dport_ltm;djit,,,,,,,,,,
all_candidate_feature_sets.xlsx,Sheet1,46,candidate_feature_sets,,,unsw,lasso_c1.0,embedded,q25,unsw__lasso_c1.0__q25__k11,11,synack;dload;dbytes;sbytes;stcpb;spkts;ct_src_dport_ltm;djit;sintpkt;sttl;dloss,,,,,,,,,,
all_candidate_feature_sets.xlsx,Sheet1,47,candidate_feature_sets,,,unsw,lasso_c1.0,embedded,q50,unsw__lasso_c1.0__q50__k22,22,synack;dload;dbytes;sbytes;stcpb;spkts;ct_src_dport_ltm;djit;sintpkt;sttl;dloss;ct_state_ttl;ct_srv_dst;tcprtt;state;ct_srv_src;ct_flw_http_mthd;ct_dst_sport_ltm;dtcpb;ltime;is_sm_ips_ports;is_ftp_login,,,,,,,,,,
all_candidate_feature_sets.xlsx,Sheet1,48,candidate_feature_sets,,,unsw,lasso_c1.0,embedded,q75,unsw__lasso_c1.0__q75__k33,33,synack;dload;dbytes;sbytes;stcpb;spkts;ct_src_dport_ltm;djit;sintpkt;sttl;dloss;ct_state_ttl;ct_srv_dst;tcprtt;state;ct_srv_src;ct_flw_http_mthd;ct_dst_sport_ltm;dtcpb;ltime;is_sm_ips_ports;is_ftp_login;dpkts;proto;dur;dwin;sloss;trans_depth;stime;swin;sjit;res_bdy_len;dttl,,,,,,,,,,
all_candidate_feature_sets.xlsx,Sheet1,49,candidate_feature_sets,,,unsw,lightgbm,embedded,elbow,unsw__lightgbm__elbow__k11,11,res_bdy_len;dwin;dpkts;swin;state;ct_state_ttl;sloss;ct_flw_http_mthd;proto;ct_dst_ltm;ct_ftp_cmd,,,,,,,,,,
all_candidate_feature_sets.xlsx,Sheet1,50,candidate_feature_sets,,,unsw,lightgbm,embedded,q25,unsw__lightgbm__q25__k11,11,res_bdy_len;dwin;dpkts;swin;state;ct_state_ttl;sloss;ct_flw_http_mthd;proto;ct_dst_ltm;ct_ftp_cmd,,,,,,,,,,
all_candidate_feature_sets.xlsx,Sheet1,51,candidate_feature_sets,,,unsw,lightgbm,embedded,q50,unsw__lightgbm__q50__k22,22,res_bdy_len;dwin;dpkts;swin;state;ct_state_ttl;sloss;ct_flw_http_mthd;proto;ct_dst_ltm;ct_ftp_cmd;djit;sintpkt;stcpb;trans_depth;dur;dintpkt;stime;is_ftp_login;dloss;ct_src_ltm;dmeansz,,,,,,,,,,
all_candidate_feature_sets.xlsx,Sheet1,52,candidate_feature_sets,,,unsw,lightgbm,embedded,q75,unsw__lightgbm__q75__k33,33,res_bdy_len;dwin;dpkts;swin;state;ct_state_ttl;sloss;ct_flw_http_mthd;proto;ct_dst_ltm;ct_ftp_cmd;djit;sintpkt;stcpb;trans_depth;dur;dintpkt;stime;is_ftp_login;dloss;ct_src_ltm;dmeansz;synack;ltime;sbytes;ct_dst_sport_ltm;ct_srv_dst;ct_srv_src;sjit;smeansz;sttl;sload;dttl,,,,,,,,,,
all_candidate_feature_sets.xlsx,Sheet1,53,candidate_feature_sets,,,unsw,mi_ga,hybrid,elbow,unsw__mi_ga__elbow__k8,8,dbytes;sbytes;ct_src_dport_ltm;service;res_bdy_len;stcpb;synack;sloss,,,,,,,,,,
all_candidate_feature_sets.xlsx,Sheet1,54,candidate_feature_sets,,,unsw,mi_ga,hybrid,q25,unsw__mi_ga__q25__k11,11,dbytes;sbytes;ct_src_dport_ltm;service;res_bdy_len;stcpb;synack;sloss;djit;sintpkt;stime,,,,,,,,,,
all_candidate_feature_sets.xlsx,Sheet1,55,candidate_feature_sets,,,unsw,mi_ga,hybrid,q50,unsw__mi_ga__q50__k22,22,dbytes;sbytes;ct_src_dport_ltm;service;res_bdy_len;stcpb;synack;sloss;djit;sintpkt;stime;dintpkt;sload;sjit;proto;ltime;dloss;ct_srv_dst;ct_srv_src;dwin;dur;state,,,,,,,,,,
all_candidate_feature_sets.xlsx,Sheet1,56,candidate_feature_sets,,,unsw,mi_ga,hybrid,q75,unsw__mi_ga__q75__k33,33,dbytes;sbytes;ct_src_dport_ltm;service;res_bdy_len;stcpb;synack;sloss;djit;sintpkt;stime;dintpkt;sload;sjit;proto;ltime;dloss;ct_srv_dst;ct_srv_src;dwin;dur;state;sttl;dttl;dload;spkts;dpkts;swin;dtcpb;smeansz;dmeansz;trans_depth;tcprtt,,,,,,,,,,
all_candidate_feature_sets.xlsx,Sheet1,57,candidate_feature_sets,,,unsw,mi_rfe,hybrid,elbow,unsw__mi_rfe__elbow__k22,22,service;dloss;sload;proto;djit;sintpkt;synack;state;dbytes;stcpb;sbytes;dur;ct_srv_dst;sjit;ltime;dwin;res_bdy_len;ct_srv_src;stime;sloss;ct_src_dport_ltm;dintpkt,,,,,,,,,,
all_candidate_feature_sets.xlsx,Sheet1,58,candidate_feature_sets,,,unsw,mi_rfe,hybrid,q25,unsw__mi_rfe__q25__k11,11,service;dloss;sload;proto;djit;sintpkt;synack;state;dbytes;stcpb;sbytes,,,,,,,,,,
all_candidate_feature_sets.xlsx,Sheet1,59,candidate_feature_sets,,,unsw,mi_rfe,hybrid,q50,unsw__mi_rfe__q50__k22,22,service;dloss;sload;proto;djit;sintpkt;synack;state;dbytes;stcpb;sbytes;dur;ct_srv_dst;sjit;ltime;dwin;res_bdy_len;ct_srv_src;stime;sloss;ct_src_dport_ltm;dintpkt,,,,,,,,,,
all_candidate_feature_sets.xlsx,Sheet1,60,candidate_feature_sets,,,unsw,mi_rfe,hybrid,q75,unsw__mi_rfe__q75__k33,33,service;dloss;sload;proto;djit;sintpkt;synack;state;dbytes;stcpb;sbytes;dur;ct_srv_dst;sjit;ltime;dwin;res_bdy_len;ct_srv_src;stime;sloss;ct_src_dport_ltm;dintpkt;sttl;dttl;dload;spkts;dpkts;swin;dtcpb;smeansz;dmeansz;trans_depth;tcprtt,,,,,,,,,,
all_candidate_feature_sets.xlsx,Sheet1,61,candidate_feature_sets,,,unsw,mrmr,filter,elbow,unsw__mrmr__elbow__k11,11,synack;state;sloss;stime;dwin;dur;dbytes;sbytes;dloss;proto;dmeansz,,,,,,,,,,
all_candidate_feature_sets.xlsx,Sheet1,62,candidate_feature_sets,,,unsw,mrmr,filter,q25,unsw__mrmr__q25__k11,11,synack;state;sloss;stime;dwin;dur;dbytes;sbytes;dloss;proto;dmeansz,,,,,,,,,,
all_candidate_feature_sets.xlsx,Sheet1,63,candidate_feature_sets,,,unsw,mrmr,filter,q50,unsw__mrmr__q50__k22,22,synack;state;sloss;stime;dwin;dur;dbytes;sbytes;dloss;proto;dmeansz;djit;ct_src_dport_ltm;dintpkt;sload;sjit;trans_depth;sintpkt;stcpb;is_sm_ips_ports;res_bdy_len;ct_src_ltm,,,,,,,,,,
all_candidate_feature_sets.xlsx,Sheet1,64,candidate_feature_sets,,,unsw,mrmr,filter,q75,unsw__mrmr__q75__k33,33,synack;state;sloss;stime;dwin;dur;dbytes;sbytes;dloss;proto;dmeansz;djit;ct_src_dport_ltm;dintpkt;sload;sjit;trans_depth;sintpkt;stcpb;is_sm_ips_ports;res_bdy_len;ct_src_ltm;sttl;ltime;smeansz;ct_srv_dst;tcprtt;ackdat;ct_srv_src;dttl;ct_dst_src_ltm;dtcpb;service,,,,,,,,,,
all_candidate_feature_sets.xlsx,Sheet1,65,candidate_feature_sets,,,unsw,mutual_info,filter,elbow,unsw__mutual_info__elbow__k14,14,synack;sbytes;state;sloss;dwin;dbytes;dur;stcpb;dloss;proto;stime;sload;ct_src_dport_ltm;djit,,,,,,,,,,
all_candidate_feature_sets.xlsx,Sheet1,66,candidate_feature_sets,,,unsw,mutual_info,filter,q25,unsw__mutual_info__q25__k11,11,synack;sbytes;state;sloss;dwin;dbytes;dur;stcpb;dloss;proto;stime,,,,,,,,,,
all_candidate_feature_sets.xlsx,Sheet1,67,candidate_feature_sets,,,unsw,mutual_info,filter,q50,unsw__mutual_info__q50__k22,22,synack;sbytes;state;sloss;dwin;dbytes;dur;stcpb;dloss;proto;stime;sload;ct_src_dport_ltm;djit;sintpkt;ltime;dintpkt;ct_srv_dst;sjit;res_bdy_len;service;ct_srv_src,,,,,,,,,,
all_candidate_feature_sets.xlsx,Sheet1,68,candidate_feature_sets,,,unsw,mutual_info,filter,q75,unsw__mutual_info__q75__k33,33,synack;sbytes;state;sloss;dwin;dbytes;dur;stcpb;dloss;proto;stime;sload;ct_src_dport_ltm;djit;sintpkt;ltime;dintpkt;ct_srv_dst;sjit;res_bdy_len;service;ct_srv_src;ct_dst_ltm;trans_depth;dmeansz;is_ftp_login;dttl;ct_src_ltm;ct_flw_http_mthd;sttl;ct_ftp_cmd;ct_state_ttl;dload,,,,,,,,,,
all_candidate_feature_sets.xlsx,Sheet1,69,candidate_feature_sets,,,unsw,pearson,filter,elbow,unsw__pearson__elbow__k3,3,sbytes;synack;ct_dst_ltm,,,,,,,,,,
all_candidate_feature_sets.xlsx,Sheet1,70,candidate_feature_sets,,,unsw,pearson,filter,q25,unsw__pearson__q25__k11,11,sbytes;synack;ct_dst_ltm;ct_srv_dst;ct_srv_src;ct_flw_http_mthd;ct_state_ttl;ct_ftp_cmd;ct_src_dport_ltm;is_ftp_login;dload,,,,,,,,,,
all_candidate_feature_sets.xlsx,Sheet1,71,candidate_feature_sets,,,unsw,pearson,filter,q50,unsw__pearson__q50__k22,22,sbytes;synack;ct_dst_ltm;ct_srv_dst;ct_srv_src;ct_flw_http_mthd;ct_state_ttl;ct_ftp_cmd;ct_src_dport_ltm;is_ftp_login;dload;spkts;stcpb;sjit;res_bdy_len;ct_dst_src_ltm;ct_dst_sport_ltm;swin;dpkts;dloss;sloss;ltime,,,,,,,,,,
all_candidate_feature_sets.xlsx,Sheet1,72,candidate_feature_sets,,,unsw,pearson,filter,q75,unsw__pearson__q75__k33,33,sbytes;synack;ct_dst_ltm;ct_srv_dst;ct_srv_src;ct_flw_http_mthd;ct_state_ttl;ct_ftp_cmd;ct_src_dport_ltm;is_ftp_login;dload;spkts;stcpb;sjit;res_bdy_len;ct_dst_src_ltm;ct_dst_sport_ltm;swin;dpkts;dloss;sloss;ltime;dintpkt;sintpkt;service;dbytes;sload;dttl;dur;sttl;dwin;trans_depth;dtcpb,,,,,,,,,,
all_candidate_feature_sets.xlsx,Sheet1,73,candidate_feature_sets,,,unsw,pso,metaheuristic,elbow,unsw__pso__elbow__k31,31,djit;proto;stime;is_ftp_login;sload;res_bdy_len;dbytes;dttl;sbytes;sintpkt;trans_depth;ct_src_ltm;sttl;ltime;service;state;sloss;dintpkt;dwin;ct_dst_ltm;dur;ct_flw_http_mthd;synack;ct_src_dport_ltm;ct_srv_dst;dmeansz;ct_srv_src;dloss;sjit;stcpb;ct_ftp_cmd,,,,,,,,,,
all_candidate_feature_sets.xlsx,Sheet1,74,candidate_feature_sets,,,unsw,pso,metaheuristic,q25,unsw__pso__q25__k11,11,djit;proto;stime;is_ftp_login;sload;res_bdy_len;dbytes;dttl;sbytes;sintpkt;trans_depth,,,,,,,,,,
all_candidate_feature_sets.xlsx,Sheet1,75,candidate_feature_sets,,,unsw,pso,metaheuristic,q50,unsw__pso__q50__k22,22,djit;proto;stime;is_ftp_login;sload;res_bdy_len;dbytes;dttl;sbytes;sintpkt;trans_depth;ct_src_ltm;sttl;ltime;service;state;sloss;dintpkt;dwin;ct_dst_ltm;dur;ct_flw_http_mthd,,,,,,,,,,
all_candidate_feature_sets.xlsx,Sheet1,76,candidate_feature_sets,,,unsw,pso,metaheuristic,q75,unsw__pso__q75__k33,33,djit;proto;stime;is_ftp_login;sload;res_bdy_len;dbytes;dttl;sbytes;sintpkt;trans_depth;ct_src_ltm;sttl;ltime;service;state;sloss;dintpkt;dwin;ct_dst_ltm;dur;ct_flw_http_mthd;synack;ct_src_dport_ltm;ct_srv_dst;dmeansz;ct_srv_src;dloss;sjit;stcpb;ct_ftp_cmd;ct_state_ttl;dload,,,,,,,,,,
all_candidate_feature_sets.xlsx,Sheet1,77,candidate_feature_sets,,,unsw,reliefF,filter,elbow,unsw__reliefF__elbow__k29,29,synack;sbytes;stime;ct_src_dport_ltm;djit;dbytes;smeansz;dload;spkts;dintpkt;sintpkt;ltime;tcprtt;is_sm_ips_ports;ct_dst_src_ltm;state;dtcpb;ackdat;ct_src_ltm;ct_dst_sport_ltm;res_bdy_len;sjit;proto;dur;sttl;dttl;dmeansz;dwin;sload,,,,,,,,,,
all_candidate_feature_sets.xlsx,Sheet1,78,candidate_feature_sets,,,unsw,reliefF,filter,q25,unsw__reliefF__q25__k11,11,synack;sbytes;stime;ct_src_dport_ltm;djit;dbytes;smeansz;dload;spkts;dintpkt;sintpkt,,,,,,,,,,
all_candidate_feature_sets.xlsx,Sheet1,79,candidate_feature_sets,,,unsw,reliefF,filter,q50,unsw__reliefF__q50__k22,22,synack;sbytes;stime;ct_src_dport_ltm;djit;dbytes;smeansz;dload;spkts;dintpkt;sintpkt;ltime;tcprtt;is_sm_ips_ports;ct_dst_src_ltm;state;dtcpb;ackdat;ct_src_ltm;ct_dst_sport_ltm;res_bdy_len;sjit,,,,,,,,,,
all_candidate_feature_sets.xlsx,Sheet1,80,candidate_feature_sets,,,unsw,reliefF,filter,q75,unsw__reliefF__q75__k33,33,synack;sbytes;stime;ct_src_dport_ltm;djit;dbytes;smeansz;dload;spkts;dintpkt;sintpkt;ltime;tcprtt;is_sm_ips_ports;ct_dst_src_ltm;state;dtcpb;ackdat;ct_src_ltm;ct_dst_sport_ltm;res_bdy_len;sjit;proto;dur;sttl;dttl;dmeansz;dwin;sload;trans_depth;sloss;service;ct_srv_dst,,,,,,,,,,
all_candidate_feature_sets.xlsx,Sheet1,81,candidate_feature_sets,,,unsw,rf,embedded,elbow,unsw__rf__elbow__k5,5,sbytes;synack;dloss;stcpb;dbytes,,,,,,,,,,
all_candidate_feature_sets.xlsx,Sheet1,82,candidate_feature_sets,,,unsw,rf,embedded,q25,unsw__rf__q25__k11,11,sbytes;synack;dloss;stcpb;dbytes;sload;stime;ct_src_dport_ltm;state;dwin;dur,,,,,,,,,,
all_candidate_feature_sets.xlsx,Sheet1,83,candidate_feature_sets,,,unsw,rf,embedded,q50,unsw__rf__q50__k22,22,sbytes;synack;dloss;stcpb;dbytes;sload;stime;ct_src_dport_ltm;state;dwin;dur;proto;sloss;sintpkt;dintpkt;ltime;ct_srv_dst;djit;dttl;ct_dst_ltm;ct_srv_src;trans_depth,,,,,,,,,,
all_candidate_feature_sets.xlsx,Sheet1,84,candidate_feature_sets,,,unsw,rf,embedded,q75,unsw__rf__q75__k33,33,sbytes;synack;dloss;stcpb;dbytes;sload;stime;ct_src_dport_ltm;state;dwin;dur;proto;sloss;sintpkt;dintpkt;ltime;ct_srv_dst;djit;dttl;ct_dst_ltm;ct_srv_src;trans_depth;dmeansz;ct_flw_http_mthd;service;ct_state_ttl;is_ftp_login;dpkts;sjit;ct_ftp_cmd;res_bdy_len;ct_dst_sport_ltm;dload,,,,,,,,,,
all_candidate_feature_sets.xlsx,Sheet1,85,candidate_feature_sets,,,unsw,rfe,wrapper,elbow,unsw__rfe__elbow__k21,21,ct_dst_src_ltm;ct_src_dport_ltm;ct_dst_ltm;ct_state_ttl;ct_srv_dst;res_bdy_len;stcpb;djit;sintpkt;synack;is_sm_ips_ports;dttl;sttl;dbytes;sbytes;dload;sload;sjit;dur;dloss;spkts,,,,,,,,,,
all_candidate_feature_sets.xlsx,Sheet1,86,candidate_feature_sets,,,unsw,rfe,wrapper,q25,unsw__rfe__q25__k11,11,ct_dst_src_ltm;ct_src_dport_ltm;ct_dst_ltm;ct_state_ttl;ct_srv_dst;res_bdy_len;stcpb;djit;sintpkt;synack;is_sm_ips_ports,,,,,,,,,,
all_candidate_feature_sets.xlsx,Sheet1,87,candidate_feature_sets,,,unsw,rfe,wrapper,q50,unsw__rfe__q50__k22,22,ct_dst_src_ltm;ct_src_dport_ltm;ct_dst_ltm;ct_state_ttl;ct_srv_dst;res_bdy_len;stcpb;djit;sintpkt;synack;is_sm_ips_ports;dttl;sttl;dbytes;sbytes;dload;sload;sjit;dur;dloss;spkts;ct_flw_http_mthd,,,,,,,,,,
all_candidate_feature_sets.xlsx,Sheet1,88,candidate_feature_sets,,,unsw,rfe,wrapper,q75,unsw__rfe__q75__k33,33,ct_dst_src_ltm;ct_src_dport_ltm;ct_dst_ltm;ct_state_ttl;ct_srv_dst;res_bdy_len;stcpb;djit;sintpkt;synack;is_sm_ips_ports;dttl;sttl;dbytes;sbytes;dload;sload;sjit;dur;dloss;spkts;ct_flw_http_mthd;proto;ct_dst_sport_ltm;stime;tcprtt;ct_srv_src;is_ftp_login;ltime;ct_ftp_cmd;trans_depth;dtcpb;service,,,,,,,,,,
all_candidate_feature_sets.xlsx,Sheet1,89,candidate_feature_sets,,,unsw,rfecv,wrapper,elbow,unsw__rfecv__elbow__k33,33,ct_dst_src_ltm;ct_dst_sport_ltm;ct_src_dport_ltm;ct_dst_ltm;ct_srv_dst;ct_srv_src;ct_ftp_cmd;ct_flw_http_mthd;is_ftp_login;ct_state_ttl;is_sm_ips_ports;proto;synack;tcprtt;sintpkt;stime;ltime;sjit;djit;stcpb;dtcpb;res_bdy_len;trans_depth;dload;sload;service;spkts;dloss;dur;sbytes;dttl;sttl;dbytes,,,,,,,,,,
all_candidate_feature_sets.xlsx,Sheet1,90,candidate_feature_sets,,,unsw,rfecv,wrapper,q25,unsw__rfecv__q25__k11,11,ct_dst_src_ltm;ct_dst_sport_ltm;ct_src_dport_ltm;ct_dst_ltm;ct_srv_dst;ct_srv_src;ct_ftp_cmd;ct_flw_http_mthd;is_ftp_login;ct_state_ttl;is_sm_ips_ports,,,,,,,,,,
all_candidate_feature_sets.xlsx,Sheet1,91,candidate_feature_sets,,,unsw,rfecv,wrapper,q50,unsw__rfecv__q50__k22,22,ct_dst_src_ltm;ct_dst_sport_ltm;ct_src_dport_ltm;ct_dst_ltm;ct_srv_dst;ct_srv_src;ct_ftp_cmd;ct_flw_http_mthd;is_ftp_login;ct_state_ttl;is_sm_ips_ports;proto;synack;tcprtt;sintpkt;stime;ltime;sjit;djit;stcpb;dtcpb;res_bdy_len,,,,,,,,,,
all_candidate_feature_sets.xlsx,Sheet1,92,candidate_feature_sets,,,unsw,rfecv,wrapper,q75,unsw__rfecv__q75__k33,33,ct_dst_src_ltm;ct_dst_sport_ltm;ct_src_dport_ltm;ct_dst_ltm;ct_srv_dst;ct_srv_src;ct_ftp_cmd;ct_flw_http_mthd;is_ftp_login;ct_state_ttl;is_sm_ips_ports;proto;synack;tcprtt;sintpkt;stime;ltime;sjit;djit;stcpb;dtcpb;res_bdy_len;trans_depth;dload;sload;service;spkts;dloss;dur;sbytes;dttl;sttl;dbytes,,,,,,,,,,
all_candidate_feature_sets.xlsx,Sheet1,93,candidate_feature_sets,,,unsw,xgboost,embedded,elbow,unsw__xgboost__elbow__k3,3,synack;sbytes;dloss,,,,,,,,,,
all_candidate_feature_sets.xlsx,Sheet1,94,candidate_feature_sets,,,unsw,xgboost,embedded,q25,unsw__xgboost__q25__k11,11,synack;sbytes;dloss;ct_srv_dst;dbytes;ltime;ct_flw_http_mthd;sintpkt;ct_dst_sport_ltm;dwin;dur,,,,,,,,,,
all_candidate_feature_sets.xlsx,Sheet1,95,candidate_feature_sets,,,unsw,xgboost,embedded,q50,unsw__xgboost__q50__k22,22,synack;sbytes;dloss;ct_srv_dst;dbytes;ltime;ct_flw_http_mthd;sintpkt;ct_dst_sport_ltm;dwin;dur;state;service;dload;dttl;ct_src_dport_ltm;sloss;ct_dst_ltm;stcpb;is_ftp_login;sload;ct_state_ttl,,,,,,,,,,
all_candidate_feature_sets.xlsx,Sheet1,96,candidate_feature_sets,,,unsw,xgboost,embedded,q75,unsw__xgboost__q75__k33,33,synack;sbytes;dloss;ct_srv_dst;dbytes;ltime;ct_flw_http_mthd;sintpkt;ct_dst_sport_ltm;dwin;dur;state;service;dload;dttl;ct_src_dport_ltm;sloss;ct_dst_ltm;stcpb;is_ftp_login;sload;ct_state_ttl;sttl;ct_src_ltm;dtcpb;tcprtt;spkts;ct_srv_src;stime;proto;trans_depth;djit;dmeansz,,,,,,,,,,
all_candidate_feature_sets.xlsx,Sheet1,97,candidate_feature_sets,,,hikari,boruta,wrapper,elbow,hikari__boruta__elbow__k43,43,fwd_data_pkts_tot;fwd_subflow_bytes;fwd_pkts_tot;fwd_subflow_pkts;fwd_iat.std;bwd_init_window_size;fwd_pkts_payload.tot;fwd_iat.avg;active.tot;active.max;fwd_iat.max;fwd_iat.tot;flow_duration;flow_iat.tot;active.avg;flow_RST_flag_count;bwd_header_size_tot;flow_pkts_payload.avg;bwd_pkts_tot;flow_iat.max;bwd_pkts_payload.tot;flow_pkts_payload.tot;bwd_iat.min;fwd_pkts_payload.max;flow_iat.avg;bwd_subflow_pkts;bwd_iat.tot;flow_iat.std;flow_pkts_per_sec;fwd_pkts_per_sec;fwd_pkts_payload.std;fwd_last_window_size;bwd_iat.max;payload_bytes_per_second;fwd_iat.min;bwd_iat.avg;active.min;fwd_pkts_payload.avg;bwd_PSH_flag_count;bwd_header_size_min;bwd_iat.std;down_up_ratio;bwd_pkts_per_sec,,,,,,,,,,
all_candidate_feature_sets.xlsx,Sheet1,98,candidate_feature_sets,,,hikari,boruta,wrapper,q25,hikari__boruta__q25__k20,20,fwd_data_pkts_tot;fwd_subflow_bytes;fwd_pkts_tot;fwd_subflow_pkts;fwd_iat.std;bwd_init_window_size;fwd_pkts_payload.tot;fwd_iat.avg;active.tot;active.max;fwd_iat.max;fwd_iat.tot;flow_duration;flow_iat.tot;active.avg;flow_RST_flag_count;bwd_header_size_tot;flow_pkts_payload.avg;bwd_pkts_tot;flow_iat.max,,,,,,,,,,
all_candidate_feature_sets.xlsx,Sheet1,99,candidate_feature_sets,,,hikari,boruta,wrapper,q50,hikari__boruta__q50__k40,40,fwd_data_pkts_tot;fwd_subflow_bytes;fwd_pkts_tot;fwd_subflow_pkts;fwd_iat.std;bwd_init_window_size;fwd_pkts_payload.tot;fwd_iat.avg;active.tot;active.max;fwd_iat.max;fwd_iat.tot;flow_duration;flow_iat.tot;active.avg;flow_RST_flag_count;bwd_header_size_tot;flow_pkts_payload.avg;bwd_pkts_tot;flow_iat.max;bwd_pkts_payload.tot;flow_pkts_payload.tot;bwd_iat.min;fwd_pkts_payload.max;flow_iat.avg;bwd_subflow_pkts;bwd_iat.tot;flow_iat.std;flow_pkts_per_sec;fwd_pkts_per_sec;fwd_pkts_payload.std;fwd_last_window_size;bwd_iat.max;payload_bytes_per_second;fwd_iat.min;bwd_iat.avg;active.min;fwd_pkts_payload.avg;bwd_PSH_flag_count;bwd_header_size_min,,,,,,,,,,
all_candidate_feature_sets.xlsx,Sheet1,100,candidate_feature_sets,,,hikari,boruta,wrapper,q75,hikari__boruta__q75__k60,60,fwd_data_pkts_tot;fwd_subflow_bytes;fwd_pkts_tot;fwd_subflow_pkts;fwd_iat.std;bwd_init_window_size;fwd_pkts_payload.tot;fwd_iat.avg;active.tot;active.max;fwd_iat.max;fwd_iat.tot;flow_duration;flow_iat.tot;active.avg;flow_RST_flag_count;bwd_header_size_tot;flow_pkts_payload.avg;bwd_pkts_tot;flow_iat.max;bwd_pkts_payload.tot;flow_pkts_payload.tot;bwd_iat.min;fwd_pkts_payload.max;flow_iat.avg;bwd_subflow_pkts;bwd_iat.tot;flow_iat.std;flow_pkts_per_sec;fwd_pkts_per_sec;fwd_pkts_payload.std;fwd_last_window_size;bwd_iat.max;payload_bytes_per_second;fwd_iat.min;bwd_iat.avg;active.min;fwd_pkts_payload.avg;bwd_PSH_flag_count;bwd_header_size_min;bwd_iat.std;down_up_ratio;bwd_pkts_per_sec;bwd_subflow_bytes;bwd_data_pkts_tot;flow_iat.min;flow_pkts_payload.max;bwd_pkts_payload.max;fwd_header_size_tot;flow_ACK_flag_count;fwd_PSH_flag_count;bwd_pkts_payload.avg;flow_pkts_payload.std;fwd_header_size_min;idle.tot;flow_FIN_flag_count;bwd_header_size_max;bwd_pkts_payload.std;bwd_bulk_rate;idle.max,,,,,,,,,,
all_candidate_feature_sets.xlsx,Sheet1,101,candidate_feature_sets,,,hikari,chi2,filter,elbow,hikari__chi2__elbow__k7,7,bwd_init_window_size;bwd_bulk_rate;bwd_header_size_max;bwd_header_size_min;fwd_init_window_size;fwd_header_size_max;flow_FIN_flag_count,,,,,,,,,,
all_candidate_feature_sets.xlsx,Sheet1,102,candidate_feature_sets,,,hikari,chi2,filter,q25,hikari__chi2__q25__k20,20,bwd_init_window_size;bwd_bulk_rate;bwd_header_size_max;bwd_header_size_min;fwd_init_window_size;fwd_header_size_max;flow_FIN_flag_count;fwd_last_window_size;fwd_subflow_bytes;fwd_pkts_payload.std;flow_SYN_flag_count;fwd_header_size_min;bwd_pkts_payload.std;bwd_pkts_payload.max;flow_pkts_payload.max;flow_pkts_payload.std;fwd_pkts_payload.max;bwd_pkts_payload.min;flow_pkts_payload.avg;fwd_PSH_flag_count,,,,,,,,,,
all_candidate_feature_sets.xlsx,Sheet1,103,candidate_feature_sets,,,hikari,chi2,filter,q50,hikari__chi2__q50__k40,40,bwd_init_window_size;bwd_bulk_rate;bwd_header_size_max;bwd_header_size_min;fwd_init_window_size;fwd_header_size_max;flow_FIN_flag_count;fwd_last_window_size;fwd_subflow_bytes;fwd_pkts_payload.std;flow_SYN_flag_count;fwd_header_size_min;bwd_pkts_payload.std;bwd_pkts_payload.max;flow_pkts_payload.max;flow_pkts_payload.std;fwd_pkts_payload.max;bwd_pkts_payload.min;flow_pkts_payload.avg;fwd_PSH_flag_count;bwd_pkts_payload.avg;flow_pkts_per_sec;bwd_pkts_per_sec;fwd_data_pkts_tot;flow_pkts_payload.min;fwd_pkts_payload.min;fwd_iat.min;flow_iat.min;flow_RST_flag_count;fwd_pkts_payload.avg;fwd_pkts_per_sec;flow_iat.avg;fwd_iat.avg;idle.max;fwd_pkts_payload.tot;down_up_ratio;flow_iat.max;fwd_iat.max;active.min;idle.avg,,,,,,,,,,
all_candidate_feature_sets.xlsx,Sheet1,104,candidate_feature_sets,,,hikari,chi2,filter,q75,hikari__chi2__q75__k60,60,bwd_init_window_size;bwd_bulk_rate;bwd_header_size_max;bwd_header_size_min;fwd_init_window_size;fwd_header_size_max;flow_FIN_flag_count;fwd_last_window_size;fwd_subflow_bytes;fwd_pkts_payload.std;flow_SYN_flag_count;fwd_header_size_min;bwd_pkts_payload.std;bwd_pkts_payload.max;flow_pkts_payload.max;flow_pkts_payload.std;fwd_pkts_payload.max;bwd_pkts_payload.min;flow_pkts_payload.avg;fwd_PSH_flag_count;bwd_pkts_payload.avg;flow_pkts_per_sec;bwd_pkts_per_sec;fwd_data_pkts_tot;flow_pkts_payload.min;fwd_pkts_payload.min;fwd_iat.min;flow_iat.min;flow_RST_flag_count;fwd_pkts_payload.avg;fwd_pkts_per_sec;flow_iat.avg;fwd_iat.avg;idle.max;fwd_pkts_payload.tot;down_up_ratio;flow_iat.max;fwd_iat.max;active.min;idle.avg;active.avg;bwd_iat.max;idle.std;active.max;idle.min;bwd_subflow_pkts;active.tot;fwd_subflow_pkts;flow_iat.std;fwd_iat.std;bwd_iat.std;fwd_URG_flag_count;bwd_iat.avg;bwd_PSH_flag_count;bwd_header_size_tot;fwd_bulk_packets;flow_ACK_flag_count;bwd_pkts_tot;flow_CWR_flag_count;fwd_pkts_tot,,,,,,,,,,
all_candidate_feature_sets.xlsx,Sheet1,105,candidate_feature_sets,,,hikari,chi2_boruta,hybrid,elbow,hikari__chi2_boruta__elbow__k37,37,fwd_subflow_bytes;fwd_data_pkts_tot;fwd_pkts_payload.tot;fwd_iat.max;bwd_init_window_size;fwd_iat.avg;flow_iat.max;flow_pkts_payload.avg;flow_RST_flag_count;fwd_pkts_payload.max;active.min;flow_pkts_payload.max;bwd_pkts_payload.max;bwd_header_size_min;flow_iat.avg;fwd_PSH_flag_count;bwd_pkts_payload.avg;flow_pkts_per_sec;fwd_pkts_per_sec;fwd_pkts_payload.std;flow_pkts_payload.std;fwd_iat.min;fwd_pkts_payload.avg;down_up_ratio;flow_iat.min;bwd_pkts_per_sec;fwd_last_window_size;bwd_header_size_max;bwd_pkts_payload.std;flow_FIN_flag_count;fwd_header_size_min;bwd_bulk_rate;idle.max;flow_pkts_payload.min;flow_SYN_flag_count;fwd_init_window_size;fwd_pkts_payload.min,,,,,,,,,,
all_candidate_feature_sets.xlsx,Sheet1,106,candidate_feature_sets,,,hikari,chi2_boruta,hybrid,q25,hikari__chi2_boruta__q25__k20,20,fwd_subflow_bytes;fwd_data_pkts_tot;fwd_pkts_payload.tot;fwd_iat.max;bwd_init_window_size;fwd_iat.avg;flow_iat.max;flow_pkts_payload.avg;flow_RST_flag_count;fwd_pkts_payload.max;active.min;flow_pkts_payload.max;bwd_pkts_payload.max;bwd_header_size_min;flow_iat.avg;fwd_PSH_flag_count;bwd_pkts_payload.avg;flow_pkts_per_sec;fwd_pkts_per_sec;fwd_pkts_payload.std,,,,,,,,,,
all_candidate_feature_sets.xlsx,Sheet1,107,candidate_feature_sets,,,hikari,chi2_boruta,hybrid,q50,hikari__chi2_boruta__q50__k40,40,fwd_subflow_bytes;fwd_data_pkts_tot;fwd_pkts_payload.tot;fwd_iat.max;bwd_init_window_size;fwd_iat.avg;flow_iat.max;flow_pkts_payload.avg;flow_RST_flag_count;fwd_pkts_payload.max;active.min;flow_pkts_payload.max;bwd_pkts_payload.max;bwd_header_size_min;flow_iat.avg;fwd_PSH_flag_count;bwd_pkts_payload.avg;flow_pkts_per_sec;fwd_pkts_per_sec;fwd_pkts_payload.std;flow_pkts_payload.std;fwd_iat.min;fwd_pkts_payload.avg;down_up_ratio;flow_iat.min;bwd_pkts_per_sec;fwd_last_window_size;bwd_header_size_max;bwd_pkts_payload.std;flow_FIN_flag_count;fwd_header_size_min;bwd_bulk_rate;idle.max;flow_pkts_payload.min;flow_SYN_flag_count;fwd_init_window_size;fwd_pkts_payload.min;idle.avg;fwd_header_size_max;bwd_pkts_payload.min,,,,,,,,,,
all_candidate_feature_sets.xlsx,Sheet1,108,candidate_feature_sets,,,hikari,chi2_boruta,hybrid,q75,hikari__chi2_boruta__q75__k60,60,fwd_subflow_bytes;fwd_data_pkts_tot;fwd_pkts_payload.tot;fwd_iat.max;bwd_init_window_size;fwd_iat.avg;flow_iat.max;flow_pkts_payload.avg;flow_RST_flag_count;fwd_pkts_payload.max;active.min;flow_pkts_payload.max;bwd_pkts_payload.max;bwd_header_size_min;flow_iat.avg;fwd_PSH_flag_count;bwd_pkts_payload.avg;flow_pkts_per_sec;fwd_pkts_per_sec;fwd_pkts_payload.std;flow_pkts_payload.std;fwd_iat.min;fwd_pkts_payload.avg;down_up_ratio;flow_iat.min;bwd_pkts_per_sec;fwd_last_window_size;bwd_header_size_max;bwd_pkts_payload.std;flow_FIN_flag_count;fwd_header_size_min;bwd_bulk_rate;idle.max;flow_pkts_payload.min;flow_SYN_flag_count;fwd_init_window_size;fwd_pkts_payload.min;idle.avg;fwd_header_size_max;bwd_pkts_payload.min;flow_duration;fwd_pkts_tot;bwd_pkts_tot;bwd_data_pkts_tot;fwd_header_size_tot;bwd_header_size_tot;bwd_PSH_flag_count;flow_ACK_flag_count;fwd_URG_flag_count;bwd_URG_flag_count;flow_CWR_flag_count;flow_ECE_flag_count;bwd_pkts_payload.tot;flow_pkts_payload.tot;fwd_iat.tot;fwd_iat.std;bwd_iat.min;bwd_iat.max;bwd_iat.tot;bwd_iat.avg,,,,,,,,,,
all_candidate_feature_sets.xlsx,Sheet1,109,candidate_feature_sets,,,hikari,chi2_xgboost,hybrid,elbow,hikari__chi2_xgboost__elbow__k8,8,fwd_data_pkts_tot;fwd_subflow_bytes;flow_RST_flag_count;flow_FIN_flag_count;bwd_init_window_size;bwd_header_size_min;fwd_last_window_size;fwd_pkts_payload.tot,,,,,,,,,,
all_candidate_feature_sets.xlsx,Sheet1,110,candidate_feature_sets,,,hikari,chi2_xgboost,hybrid,q25,hikari__chi2_xgboost__q25__k20,20,fwd_data_pkts_tot;fwd_subflow_bytes;flow_RST_flag_count;flow_FIN_flag_count;bwd_init_window_size;bwd_header_size_min;fwd_last_window_size;fwd_pkts_payload.tot;fwd_header_size_min;fwd_pkts_payload.max;flow_pkts_payload.avg;fwd_iat.avg;down_up_ratio;flow_iat.max;flow_iat.avg;flow_pkts_per_sec;fwd_PSH_flag_count;flow_iat.min;active.min;fwd_iat.max,,,,,,,,,,
all_candidate_feature_sets.xlsx,Sheet1,111,candidate_feature_sets,,,hikari,chi2_xgboost,hybrid,q50,hikari__chi2_xgboost__q50__k40,40,fwd_data_pkts_tot;fwd_subflow_bytes;flow_RST_flag_count;flow_FIN_flag_count;bwd_init_window_size;bwd_header_size_min;fwd_last_window_size;fwd_pkts_payload.tot;fwd_header_size_min;fwd_pkts_payload.max;flow_pkts_payload.avg;fwd_iat.avg;down_up_ratio;flow_iat.max;flow_iat.avg;flow_pkts_per_sec;fwd_PSH_flag_count;flow_iat.min;active.min;fwd_iat.max;idle.max;fwd_pkts_payload.avg;bwd_pkts_per_sec;fwd_iat.min;fwd_pkts_per_sec;bwd_pkts_payload.avg;fwd_pkts_payload.std;bwd_pkts_payload.max;fwd_pkts_payload.min;flow_pkts_payload.min;idle.avg;bwd_bulk_rate;flow_pkts_payload.max;flow_pkts_payload.std;flow_SYN_flag_count;fwd_header_size_max;bwd_pkts_payload.std;bwd_header_size_max;fwd_init_window_size;bwd_pkts_payload.min,,,,,,,,,,
all_candidate_feature_sets.xlsx,Sheet1,112,candidate_feature_sets,,,hikari,chi2_xgboost,hybrid,q75,hikari__chi2_xgboost__q75__k60,60,fwd_data_pkts_tot;fwd_subflow_bytes;flow_RST_flag_count;flow_FIN_flag_count;bwd_init_window_size;bwd_header_size_min;fwd_last_window_size;fwd_pkts_payload.tot;fwd_header_size_min;fwd_pkts_payload.max;flow_pkts_payload.avg;fwd_iat.avg;down_up_ratio;flow_iat.max;flow_iat.avg;flow_pkts_per_sec;fwd_PSH_flag_count;flow_iat.min;active.min;fwd_iat.max;idle.max;fwd_pkts_payload.avg;bwd_pkts_per_sec;fwd_iat.min;fwd_pkts_per_sec;bwd_pkts_payload.avg;fwd_pkts_payload.std;bwd_pkts_payload.max;fwd_pkts_payload.min;flow_pkts_payload.min;idle.avg;bwd_bulk_rate;flow_pkts_payload.max;flow_pkts_payload.std;flow_SYN_flag_count;fwd_header_size_max;bwd_pkts_payload.std;bwd_header_size_max;fwd_init_window_size;bwd_pkts_payload.min;flow_duration;fwd_pkts_tot;bwd_pkts_tot;bwd_data_pkts_tot;fwd_header_size_tot;bwd_header_size_tot;bwd_PSH_flag_count;flow_ACK_flag_count;fwd_URG_flag_count;bwd_URG_flag_count;flow_CWR_flag_count;flow_ECE_flag_count;bwd_pkts_payload.tot;flow_pkts_payload.tot;fwd_iat.tot;fwd_iat.std;bwd_iat.min;bwd_iat.max;bwd_iat.tot;bwd_iat.avg,,,,,,,,,,
all_candidate_feature_sets.xlsx,Sheet1,113,candidate_feature_sets,,,hikari,elasticnet_c0.1,embedded,elbow,hikari__elasticnet_c0.1__elbow__k11,11,flow_RST_flag_count;bwd_pkts_payload.min;bwd_init_window_size;fwd_pkts_payload.avg;fwd_header_size_min;fwd_last_window_size;flow_FIN_flag_count;bwd_bulk_rate;down_up_ratio;flow_pkts_payload.avg;fwd_pkts_payload.std,,,,,,,,,,
all_candidate_feature_sets.xlsx,Sheet1,114,candidate_feature_sets,,,hikari,elasticnet_c0.1,embedded,q25,hikari__elasticnet_c0.1__q25__k20,20,flow_RST_flag_count;bwd_pkts_payload.min;bwd_init_window_size;fwd_pkts_payload.avg;fwd_header_size_min;fwd_last_window_size;flow_FIN_flag_count;bwd_bulk_rate;down_up_ratio;flow_pkts_payload.avg;fwd_pkts_payload.std;bwd_pkts_per_sec;flow_pkts_per_sec;bwd_iat.avg;fwd_bulk_bytes;fwd_pkts_payload.max;fwd_bulk_packets;fwd_pkts_per_sec;payload_bytes_per_second;bwd_header_size_min,,,,,,,,,,
all_candidate_feature_sets.xlsx,Sheet1,115,candidate_feature_sets,,,hikari,elasticnet_c0.1,embedded,q50,hikari__elasticnet_c0.1__q50__k40,40,flow_RST_flag_count;bwd_pkts_payload.min;bwd_init_window_size;fwd_pkts_payload.avg;fwd_header_size_min;fwd_last_window_size;flow_FIN_flag_count;bwd_bulk_rate;down_up_ratio;flow_pkts_payload.avg;fwd_pkts_payload.std;bwd_pkts_per_sec;flow_pkts_per_sec;bwd_iat.avg;fwd_bulk_bytes;fwd_pkts_payload.max;fwd_bulk_packets;fwd_pkts_per_sec;payload_bytes_per_second;bwd_header_size_min;active.min;flow_SYN_flag_count;bwd_pkts_payload.tot;flow_pkts_payload.tot;fwd_header_size_tot;active.avg;bwd_iat.tot;idle.std;idle.tot;fwd_pkts_payload.min;flow_pkts_payload.min;flow_iat.std;flow_iat.tot;flow_duration;fwd_bulk_rate;fwd_iat.tot;fwd_iat.avg;idle.max;fwd_init_window_size;fwd_pkts_payload.tot,,,,,,,,,,
all_candidate_feature_sets.xlsx,Sheet1,116,candidate_feature_sets,,,hikari,elasticnet_c0.1,embedded,q75,hikari__elasticnet_c0.1__q75__k60,60,flow_RST_flag_count;bwd_pkts_payload.min;bwd_init_window_size;fwd_pkts_payload.avg;fwd_header_size_min;fwd_last_window_size;flow_FIN_flag_count;bwd_bulk_rate;down_up_ratio;flow_pkts_payload.avg;fwd_pkts_payload.std;bwd_pkts_per_sec;flow_pkts_per_sec;bwd_iat.avg;fwd_bulk_bytes;fwd_pkts_payload.max;fwd_bulk_packets;fwd_pkts_per_sec;payload_bytes_per_second;bwd_header_size_min;active.min;flow_SYN_flag_count;bwd_pkts_payload.tot;flow_pkts_payload.tot;fwd_header_size_tot;active.avg;bwd_iat.tot;idle.std;idle.tot;fwd_pkts_payload.min;flow_pkts_payload.min;flow_iat.std;flow_iat.tot;flow_duration;fwd_bulk_rate;fwd_iat.tot;fwd_iat.avg;idle.max;fwd_init_window_size;fwd_pkts_payload.tot;bwd_subflow_bytes;flow_iat.max;bwd_iat.max;bwd_bulk_bytes;fwd_iat.max;bwd_iat.std;bwd_header_size_max;fwd_iat.std;bwd_data_pkts_tot;bwd_subflow_pkts;fwd_data_pkts_tot;fwd_PSH_flag_count;bwd_pkts_payload.std;flow_iat.avg;bwd_pkts_payload.avg;fwd_pkts_tot;bwd_iat.min;bwd_PSH_flag_count;bwd_bulk_packets;flow_pkts_payload.std,,,,,,,,,,
all_candidate_feature_sets.xlsx,Sheet1,117,candidate_feature_sets,,,hikari,elasticnet_c1.0,embedded,elbow,hikari__elasticnet_c1.0__elbow__k11,11,flow_RST_flag_count;bwd_pkts_payload.min;bwd_init_window_size;fwd_pkts_payload.avg;fwd_header_size_min;fwd_last_window_size;flow_FIN_flag_count;bwd_bulk_rate;down_up_ratio;flow_pkts_payload.avg;fwd_pkts_payload.std,,,,,,,,,,
all_candidate_feature_sets.xlsx,Sheet1,118,candidate_feature_sets,,,hikari,elasticnet_c1.0,embedded,q25,hikari__elasticnet_c1.0__q25__k20,20,flow_RST_flag_count;bwd_pkts_payload.min;bwd_init_window_size;fwd_pkts_payload.avg;fwd_header_size_min;fwd_last_window_size;flow_FIN_flag_count;bwd_bulk_rate;down_up_ratio;flow_pkts_payload.avg;fwd_pkts_payload.std;bwd_pkts_per_sec;flow_pkts_per_sec;bwd_iat.avg;fwd_bulk_bytes;fwd_pkts_payload.max;fwd_bulk_packets;fwd_pkts_per_sec;payload_bytes_per_second;bwd_header_size_min,,,,,,,,,,
all_candidate_feature_sets.xlsx,Sheet1,119,candidate_feature_sets,,,hikari,elasticnet_c1.0,embedded,q50,hikari__elasticnet_c1.0__q50__k40,40,flow_RST_flag_count;bwd_pkts_payload.min;bwd_init_window_size;fwd_pkts_payload.avg;fwd_header_size_min;fwd_last_window_size;flow_FIN_flag_count;bwd_bulk_rate;down_up_ratio;flow_pkts_payload.avg;fwd_pkts_payload.std;bwd_pkts_per_sec;flow_pkts_per_sec;bwd_iat.avg;fwd_bulk_bytes;fwd_pkts_payload.max;fwd_bulk_packets;fwd_pkts_per_sec;payload_bytes_per_second;bwd_header_size_min;active.min;flow_SYN_flag_count;bwd_pkts_payload.tot;flow_pkts_payload.tot;fwd_header_size_tot;active.avg;bwd_iat.tot;idle.std;idle.tot;flow_pkts_payload.min;fwd_pkts_payload.min;flow_iat.std;flow_iat.tot;flow_duration;fwd_bulk_rate;fwd_iat.tot;fwd_iat.avg;idle.max;fwd_init_window_size;fwd_pkts_payload.tot,,,,,,,,,,
all_candidate_feature_sets.xlsx,Sheet1,120,candidate_feature_sets,,,hikari,elasticnet_c1.0,embedded,q75,hikari__elasticnet_c1.0__q75__k60,60,flow_RST_flag_count;bwd_pkts_payload.min;bwd_init_window_size;fwd_pkts_payload.avg;fwd_header_size_min;fwd_last_window_size;flow_FIN_flag_count;bwd_bulk_rate;down_up_ratio;flow_pkts_payload.avg;fwd_pkts_payload.std;bwd_pkts_per_sec;flow_pkts_per_sec;bwd_iat.avg;fwd_bulk_bytes;fwd_pkts_payload.max;fwd_bulk_packets;fwd_pkts_per_sec;payload_bytes_per_second;bwd_header_size_min;active.min;flow_SYN_flag_count;bwd_pkts_payload.tot;flow_pkts_payload.tot;fwd_header_size_tot;active.avg;bwd_iat.tot;idle.std;idle.tot;flow_pkts_payload.min;fwd_pkts_payload.min;flow_iat.std;flow_iat.tot;flow_duration;fwd_bulk_rate;fwd_iat.tot;fwd_iat.avg;idle.max;fwd_init_window_size;fwd_pkts_payload.tot;bwd_subflow_bytes;flow_iat.max;bwd_iat.max;bwd_bulk_bytes;fwd_iat.max;bwd_iat.std;bwd_header_size_max;fwd_iat.std;bwd_data_pkts_tot;bwd_subflow_pkts;fwd_data_pkts_tot;fwd_PSH_flag_count;bwd_pkts_payload.std;flow_iat.avg;bwd_pkts_payload.avg;fwd_pkts_tot;bwd_iat.min;bwd_PSH_flag_count;bwd_bulk_packets;flow_pkts_payload.std,,,,,,,,,,
all_candidate_feature_sets.xlsx,Sheet1,121,candidate_feature_sets,,,hikari,fisher,filter,elbow,hikari__fisher__elbow__k23,23,bwd_init_window_size;bwd_header_size_max;fwd_pkts_payload.std;bwd_header_size_min;fwd_pkts_payload.max;bwd_bulk_rate;flow_SYN_flag_count;flow_FIN_flag_count;fwd_header_size_max;fwd_init_window_size;flow_RST_flag_count;fwd_pkts_payload.avg;bwd_pkts_payload.std;flow_pkts_payload.std;flow_pkts_payload.avg;bwd_pkts_payload.min;bwd_pkts_payload.avg;bwd_pkts_payload.max;flow_pkts_payload.max;flow_pkts_payload.min;fwd_pkts_payload.min;fwd_header_size_min;fwd_last_window_size,,,,,,,,,,
all_candidate_feature_sets.xlsx,Sheet1,122,candidate_feature_sets,,,hikari,fisher,filter,q25,hikari__fisher__q25__k20,20,bwd_init_window_size;bwd_header_size_max;fwd_pkts_payload.std;bwd_header_size_min;fwd_pkts_payload.max;bwd_bulk_rate;flow_SYN_flag_count;flow_FIN_flag_count;fwd_header_size_max;fwd_init_window_size;flow_RST_flag_count;fwd_pkts_payload.avg;bwd_pkts_payload.std;flow_pkts_payload.std;flow_pkts_payload.avg;bwd_pkts_payload.min;bwd_pkts_payload.avg;bwd_pkts_payload.max;flow_pkts_payload.max;flow_pkts_payload.min,,,,,,,,,,
all_candidate_feature_sets.xlsx,Sheet1,123,candidate_feature_sets,,,hikari,fisher,filter,q50,hikari__fisher__q50__k40,40,bwd_init_window_size;bwd_header_size_max;fwd_pkts_payload.std;bwd_header_size_min;fwd_pkts_payload.max;bwd_bulk_rate;flow_SYN_flag_count;flow_FIN_flag_count;fwd_header_size_max;fwd_init_window_size;flow_RST_flag_count;fwd_pkts_payload.avg;bwd_pkts_payload.std;flow_pkts_payload.std;flow_pkts_payload.avg;bwd_pkts_payload.min;bwd_pkts_payload.avg;bwd_pkts_payload.max;flow_pkts_payload.max;flow_pkts_payload.min;fwd_pkts_payload.min;fwd_header_size_min;fwd_last_window_size;down_up_ratio;bwd_pkts_per_sec;flow_pkts_per_sec;fwd_pkts_per_sec;fwd_subflow_bytes;fwd_PSH_flag_count;fwd_data_pkts_tot;active.min;active.avg;fwd_pkts_payload.tot;bwd_subflow_pkts;fwd_subflow_pkts;active.max;active.tot;idle.max;flow_iat.max;fwd_iat.avg,,,,,,,,,,
all_candidate_feature_sets.xlsx,Sheet1,124,candidate_feature_sets,,,hikari,fisher,filter,q75,hikari__fisher__q75__k60,60,bwd_init_window_size;bwd_header_size_max;fwd_pkts_payload.std;bwd_header_size_min;fwd_pkts_payload.max;bwd_bulk_rate;flow_SYN_flag_count;flow_FIN_flag_count;fwd_header_size_max;fwd_init_window_size;flow_RST_flag_count;fwd_pkts_payload.avg;bwd_pkts_payload.std;flow_pkts_payload.std;flow_pkts_payload.avg;bwd_pkts_payload.min;bwd_pkts_payload.avg;bwd_pkts_payload.max;flow_pkts_payload.max;flow_pkts_payload.min;fwd_pkts_payload.min;fwd_header_size_min;fwd_last_window_size;down_up_ratio;bwd_pkts_per_sec;flow_pkts_per_sec;fwd_pkts_per_sec;fwd_subflow_bytes;fwd_PSH_flag_count;fwd_data_pkts_tot;active.min;active.avg;fwd_pkts_payload.tot;bwd_subflow_pkts;fwd_subflow_pkts;active.max;active.tot;idle.max;flow_iat.max;fwd_iat.avg;flow_iat.avg;fwd_iat.max;bwd_PSH_flag_count;idle.avg;fwd_iat.min;flow_iat.min;bwd_header_size_tot;bwd_pkts_tot;flow_ACK_flag_count;idle.std;bwd_iat.avg;fwd_pkts_tot;idle.min;flow_iat.std;bwd_iat.max;fwd_iat.std;bwd_bulk_packets;bwd_iat.std;bwd_data_pkts_tot;fwd_header_size_tot,,,,,,,,,,
all_candidate_feature_sets.xlsx,Sheet1,125,candidate_feature_sets,,,hikari,fisher_lightgbm,hybrid,elbow,hikari__fisher_lightgbm__elbow__k28,28,bwd_bulk_rate;flow_iat.max;fwd_subflow_bytes;bwd_pkts_per_sec;fwd_iat.avg;down_up_ratio;flow_pkts_per_sec;fwd_pkts_payload.std;active.min;fwd_pkts_per_sec;flow_pkts_payload.avg;fwd_pkts_payload.avg;active.avg;flow_pkts_payload.std;active.tot;fwd_pkts_payload.tot;bwd_pkts_payload.std;active.max;fwd_PSH_flag_count;fwd_pkts_payload.max;fwd_subflow_pkts;bwd_subflow_pkts;bwd_init_window_size;bwd_pkts_payload.avg;idle.max;bwd_pkts_payload.max;fwd_last_window_size;fwd_header_size_max,,,,,,,,,,
all_candidate_feature_sets.xlsx,Sheet1,126,candidate_feature_sets,,,hikari,fisher_lightgbm,hybrid,q25,hikari__fisher_lightgbm__q25__k20,20,bwd_bulk_rate;flow_iat.max;fwd_subflow_bytes;bwd_pkts_per_sec;fwd_iat.avg;down_up_ratio;flow_pkts_per_sec;fwd_pkts_payload.std;active.min;fwd_pkts_per_sec;flow_pkts_payload.avg;fwd_pkts_payload.avg;active.avg;flow_pkts_payload.std;active.tot;fwd_pkts_payload.tot;bwd_pkts_payload.std;active.max;fwd_PSH_flag_count;fwd_pkts_payload.max,,,,,,,,,,
all_candidate_feature_sets.xlsx,Sheet1,127,candidate_feature_sets,,,hikari,fisher_lightgbm,hybrid,q50,hikari__fisher_lightgbm__q50__k40,40,bwd_bulk_rate;flow_iat.max;fwd_subflow_bytes;bwd_pkts_per_sec;fwd_iat.avg;down_up_ratio;flow_pkts_per_sec;fwd_pkts_payload.std;active.min;fwd_pkts_per_sec;flow_pkts_payload.avg;fwd_pkts_payload.avg;active.avg;flow_pkts_payload.std;active.tot;fwd_pkts_payload.tot;bwd_pkts_payload.std;active.max;fwd_PSH_flag_count;fwd_pkts_payload.max;fwd_subflow_pkts;bwd_subflow_pkts;bwd_init_window_size;bwd_pkts_payload.avg;idle.max;bwd_pkts_payload.max;fwd_last_window_size;fwd_header_size_max;bwd_header_size_max;fwd_data_pkts_tot;flow_RST_flag_count;flow_FIN_flag_count;flow_pkts_payload.min;bwd_header_size_min;fwd_header_size_min;fwd_init_window_size;flow_pkts_payload.max;flow_SYN_flag_count;bwd_pkts_payload.min;fwd_pkts_payload.min,,,,,,,,,,
all_candidate_feature_sets.xlsx,Sheet1,128,candidate_feature_sets,,,hikari,fisher_lightgbm,hybrid,q75,hikari__fisher_lightgbm__q75__k60,60,bwd_bulk_rate;flow_iat.max;fwd_subflow_bytes;bwd_pkts_per_sec;fwd_iat.avg;down_up_ratio;flow_pkts_per_sec;fwd_pkts_payload.std;active.min;fwd_pkts_per_sec;flow_pkts_payload.avg;fwd_pkts_payload.avg;active.avg;flow_pkts_payload.std;active.tot;fwd_pkts_payload.tot;bwd_pkts_payload.std;active.max;fwd_PSH_flag_count;fwd_pkts_payload.max;fwd_subflow_pkts;bwd_subflow_pkts;bwd_init_window_size;bwd_pkts_payload.avg;idle.max;bwd_pkts_payload.max;fwd_last_window_size;fwd_header_size_max;bwd_header_size_max;fwd_data_pkts_tot;flow_RST_flag_count;flow_FIN_flag_count;flow_pkts_payload.min;bwd_header_size_min;fwd_header_size_min;fwd_init_window_size;flow_pkts_payload.max;flow_SYN_flag_count;bwd_pkts_payload.min;fwd_pkts_payload.min;flow_duration;fwd_pkts_tot;bwd_pkts_tot;bwd_data_pkts_tot;fwd_header_size_tot;bwd_header_size_tot;bwd_PSH_flag_count;flow_ACK_flag_count;fwd_URG_flag_count;bwd_URG_flag_count;flow_CWR_flag_count;flow_ECE_flag_count;bwd_pkts_payload.tot;flow_pkts_payload.tot;fwd_iat.min;fwd_iat.max;fwd_iat.tot;fwd_iat.std;bwd_iat.min;bwd_iat.max,,,,,,,,,,
all_candidate_feature_sets.xlsx,Sheet1,129,candidate_feature_sets,,,hikari,ga,metaheuristic,elbow,hikari__ga__elbow__k28,28,bwd_header_size_tot;active.max;fwd_iat.std;bwd_pkts_payload.avg;flow_pkts_payload.avg;fwd_iat.tot;flow_pkts_payload.tot;bwd_subflow_bytes;fwd_subflow_pkts;flow_iat.std;active.avg;flow_iat.tot;fwd_iat.avg;flow_duration;fwd_iat.max;fwd_pkts_payload.std;fwd_pkts_payload.avg;active.tot;flow_pkts_payload.std;bwd_pkts_payload.tot;bwd_pkts_payload.max;fwd_pkts_payload.max;fwd_header_size_tot;fwd_pkts_tot;flow_pkts_payload.max;fwd_pkts_payload.tot;flow_iat.max;fwd_data_pkts_tot,,,,,,,,,,
all_candidate_feature_sets.xlsx,Sheet1,130,candidate_feature_sets,,,hikari,ga,metaheuristic,q25,hikari__ga__q25__k20,20,bwd_header_size_tot;active.max;fwd_iat.std;bwd_pkts_payload.avg;flow_pkts_payload.avg;fwd_iat.tot;flow_pkts_payload.tot;bwd_subflow_bytes;fwd_subflow_pkts;flow_iat.std;active.avg;flow_iat.tot;fwd_iat.avg;flow_duration;fwd_iat.max;fwd_pkts_payload.std;fwd_pkts_payload.avg;active.tot;flow_pkts_payload.std;bwd_pkts_payload.tot,,,,,,,,,,
all_candidate_feature_sets.xlsx,Sheet1,131,candidate_feature_sets,,,hikari,ga,metaheuristic,q50,hikari__ga__q50__k40,40,bwd_header_size_tot;active.max;fwd_iat.std;bwd_pkts_payload.avg;flow_pkts_payload.avg;fwd_iat.tot;flow_pkts_payload.tot;bwd_subflow_bytes;fwd_subflow_pkts;flow_iat.std;active.avg;flow_iat.tot;fwd_iat.avg;flow_duration;fwd_iat.max;fwd_pkts_payload.std;fwd_pkts_payload.avg;active.tot;flow_pkts_payload.std;bwd_pkts_payload.tot;bwd_pkts_payload.max;fwd_pkts_payload.max;fwd_header_size_tot;fwd_pkts_tot;flow_pkts_payload.max;fwd_pkts_payload.tot;flow_iat.max;fwd_data_pkts_tot;bwd_init_window_size;fwd_subflow_bytes;bwd_pkts_tot;bwd_pkts_payload.std;bwd_subflow_pkts;active.min;fwd_pkts_per_sec;payload_bytes_per_second;down_up_ratio;fwd_PSH_flag_count;flow_iat.avg;bwd_data_pkts_tot,,,,,,,,,,
all_candidate_feature_sets.xlsx,Sheet1,132,candidate_feature_sets,,,hikari,ga,metaheuristic,q75,hikari__ga__q75__k60,60,bwd_header_size_tot;active.max;fwd_iat.std;bwd_pkts_payload.avg;flow_pkts_payload.avg;fwd_iat.tot;flow_pkts_payload.tot;bwd_subflow_bytes;fwd_subflow_pkts;flow_iat.std;active.avg;flow_iat.tot;fwd_iat.avg;flow_duration;fwd_iat.max;fwd_pkts_payload.std;fwd_pkts_payload.avg;active.tot;flow_pkts_payload.std;bwd_pkts_payload.tot;bwd_pkts_payload.max;fwd_pkts_payload.max;fwd_header_size_tot;fwd_pkts_tot;flow_pkts_payload.max;fwd_pkts_payload.tot;flow_iat.max;fwd_data_pkts_tot;bwd_init_window_size;fwd_subflow_bytes;bwd_pkts_tot;bwd_pkts_payload.std;bwd_subflow_pkts;active.min;fwd_pkts_per_sec;payload_bytes_per_second;down_up_ratio;fwd_PSH_flag_count;flow_iat.avg;bwd_data_pkts_tot;bwd_iat.tot;flow_pkts_per_sec;flow_iat.min;bwd_iat.max;bwd_iat.std;bwd_PSH_flag_count;flow_ACK_flag_count;bwd_header_size_min;bwd_iat.avg;bwd_header_size_max;flow_FIN_flag_count;bwd_iat.min;flow_SYN_flag_count;bwd_pkts_per_sec;flow_RST_flag_count;fwd_last_window_size;flow_pkts_payload.min;fwd_pkts_payload.min;fwd_header_size_min;fwd_iat.min,,,,,,,,,,
all_candidate_feature_sets.xlsx,Sheet1,133,candidate_feature_sets,,,hikari,lasso_c0.01,embedded,elbow,hikari__lasso_c0.01__elbow__k11,11,flow_RST_flag_count;bwd_pkts_payload.min;bwd_init_window_size;fwd_pkts_payload.avg;fwd_header_size_min;flow_FIN_flag_count;fwd_last_window_size;bwd_bulk_rate;down_up_ratio;flow_pkts_payload.avg;fwd_pkts_payload.std,,,,,,,,,,
all_candidate_feature_sets.xlsx,Sheet1,134,candidate_feature_sets,,,hikari,lasso_c0.01,embedded,q25,hikari__lasso_c0.01__q25__k20,20,flow_RST_flag_count;bwd_pkts_payload.min;bwd_init_window_size;fwd_pkts_payload.avg;fwd_header_size_min;flow_FIN_flag_count;fwd_last_window_size;bwd_bulk_rate;down_up_ratio;flow_pkts_payload.avg;fwd_pkts_payload.std;bwd_pkts_per_sec;flow_pkts_per_sec;bwd_iat.avg;fwd_bulk_bytes;fwd_bulk_packets;fwd_pkts_payload.max;fwd_pkts_per_sec;active.min;payload_bytes_per_second,,,,,,,,,,
all_candidate_feature_sets.xlsx,Sheet1,135,candidate_feature_sets,,,hikari,lasso_c0.01,embedded,q50,hikari__lasso_c0.01__q50__k40,40,flow_RST_flag_count;bwd_pkts_payload.min;bwd_init_window_size;fwd_pkts_payload.avg;fwd_header_size_min;flow_FIN_flag_count;fwd_last_window_size;bwd_bulk_rate;down_up_ratio;flow_pkts_payload.avg;fwd_pkts_payload.std;bwd_pkts_per_sec;flow_pkts_per_sec;bwd_iat.avg;fwd_bulk_bytes;fwd_bulk_packets;fwd_pkts_payload.max;fwd_pkts_per_sec;active.min;payload_bytes_per_second;bwd_header_size_min;flow_SYN_flag_count;flow_pkts_payload.tot;bwd_pkts_payload.tot;fwd_header_size_tot;idle.std;bwd_iat.tot;idle.tot;idle.max;flow_iat.std;fwd_pkts_payload.min;flow_pkts_payload.min;flow_iat.tot;flow_iat.max;fwd_iat.avg;fwd_bulk_rate;fwd_init_window_size;bwd_subflow_bytes;fwd_iat.max;bwd_iat.max,,,,,,,,,,
all_candidate_feature_sets.xlsx,Sheet1,136,candidate_feature_sets,,,hikari,lasso_c0.01,embedded,q75,hikari__lasso_c0.01__q75__k60,60,flow_RST_flag_count;bwd_pkts_payload.min;bwd_init_window_size;fwd_pkts_payload.avg;fwd_header_size_min;flow_FIN_flag_count;fwd_last_window_size;bwd_bulk_rate;down_up_ratio;flow_pkts_payload.avg;fwd_pkts_payload.std;bwd_pkts_per_sec;flow_pkts_per_sec;bwd_iat.avg;fwd_bulk_bytes;fwd_bulk_packets;fwd_pkts_payload.max;fwd_pkts_per_sec;active.min;payload_bytes_per_second;bwd_header_size_min;flow_SYN_flag_count;flow_pkts_payload.tot;bwd_pkts_payload.tot;fwd_header_size_tot;idle.std;bwd_iat.tot;idle.tot;idle.max;flow_iat.std;fwd_pkts_payload.min;flow_pkts_payload.min;flow_iat.tot;flow_iat.max;fwd_iat.avg;fwd_bulk_rate;fwd_init_window_size;bwd_subflow_bytes;fwd_iat.max;bwd_iat.max;flow_iat.avg;fwd_iat.std;bwd_header_size_max;bwd_bulk_bytes;bwd_iat.std;flow_duration;fwd_iat.tot;active.avg;bwd_iat.min;bwd_subflow_pkts;fwd_pkts_payload.tot;bwd_data_pkts_tot;fwd_pkts_tot;bwd_pkts_payload.std;bwd_bulk_packets;fwd_iat.min;flow_iat.min;fwd_data_pkts_tot;bwd_PSH_flag_count;flow_CWR_flag_count,,,,,,,,,,
all_candidate_feature_sets.xlsx,Sheet1,137,candidate_feature_sets,,,hikari,lasso_c0.1,embedded,elbow,hikari__lasso_c0.1__elbow__k11,11,flow_RST_flag_count;bwd_pkts_payload.min;bwd_init_window_size;fwd_pkts_payload.avg;fwd_header_size_min;fwd_last_window_size;flow_FIN_flag_count;bwd_bulk_rate;down_up_ratio;flow_pkts_payload.avg;fwd_pkts_payload.std,,,,,,,,,,
all_candidate_feature_sets.xlsx,Sheet1,138,candidate_feature_sets,,,hikari,lasso_c0.1,embedded,q25,hikari__lasso_c0.1__q25__k20,20,flow_RST_flag_count;bwd_pkts_payload.min;bwd_init_window_size;fwd_pkts_payload.avg;fwd_header_size_min;fwd_last_window_size;flow_FIN_flag_count;bwd_bulk_rate;down_up_ratio;flow_pkts_payload.avg;fwd_pkts_payload.std;bwd_pkts_per_sec;flow_pkts_per_sec;bwd_iat.avg;fwd_bulk_bytes;fwd_pkts_payload.max;fwd_bulk_packets;fwd_pkts_per_sec;payload_bytes_per_second;bwd_header_size_min,,,,,,,,,,
all_candidate_feature_sets.xlsx,Sheet1,139,candidate_feature_sets,,,hikari,lasso_c0.1,embedded,q50,hikari__lasso_c0.1__q50__k40,40,flow_RST_flag_count;bwd_pkts_payload.min;bwd_init_window_size;fwd_pkts_payload.avg;fwd_header_size_min;fwd_last_window_size;flow_FIN_flag_count;bwd_bulk_rate;down_up_ratio;flow_pkts_payload.avg;fwd_pkts_payload.std;bwd_pkts_per_sec;flow_pkts_per_sec;bwd_iat.avg;fwd_bulk_bytes;fwd_pkts_payload.max;fwd_bulk_packets;fwd_pkts_per_sec;payload_bytes_per_second;bwd_header_size_min;active.min;flow_SYN_flag_count;bwd_pkts_payload.tot;flow_pkts_payload.tot;fwd_header_size_tot;active.avg;bwd_iat.tot;idle.std;idle.tot;flow_pkts_payload.min;fwd_pkts_payload.min;flow_iat.std;flow_iat.tot;flow_duration;fwd_bulk_rate;fwd_iat.tot;fwd_iat.avg;idle.max;fwd_init_window_size;fwd_pkts_payload.tot,,,,,,,,,,
all_candidate_feature_sets.xlsx,Sheet1,140,candidate_feature_sets,,,hikari,lasso_c0.1,embedded,q75,hikari__lasso_c0.1__q75__k60,60,flow_RST_flag_count;bwd_pkts_payload.min;bwd_init_window_size;fwd_pkts_payload.avg;fwd_header_size_min;fwd_last_window_size;flow_FIN_flag_count;bwd_bulk_rate;down_up_ratio;flow_pkts_payload.avg;fwd_pkts_payload.std;bwd_pkts_per_sec;flow_pkts_per_sec;bwd_iat.avg;fwd_bulk_bytes;fwd_pkts_payload.max;fwd_bulk_packets;fwd_pkts_per_sec;payload_bytes_per_second;bwd_header_size_min;active.min;flow_SYN_flag_count;bwd_pkts_payload.tot;flow_pkts_payload.tot;fwd_header_size_tot;active.avg;bwd_iat.tot;idle.std;idle.tot;flow_pkts_payload.min;fwd_pkts_payload.min;flow_iat.std;flow_iat.tot;flow_duration;fwd_bulk_rate;fwd_iat.tot;fwd_iat.avg;idle.max;fwd_init_window_size;fwd_pkts_payload.tot;bwd_subflow_bytes;flow_iat.max;bwd_iat.max;fwd_iat.max;bwd_bulk_bytes;bwd_iat.std;fwd_iat.std;bwd_header_size_max;bwd_data_pkts_tot;bwd_subflow_pkts;fwd_data_pkts_tot;fwd_PSH_flag_count;bwd_pkts_payload.std;flow_iat.avg;bwd_pkts_payload.avg;fwd_pkts_tot;bwd_iat.min;bwd_PSH_flag_count;bwd_bulk_packets;flow_pkts_payload.std,,,,,,,,,,
all_candidate_feature_sets.xlsx,Sheet1,141,candidate_feature_sets,,,hikari,lasso_c1.0,embedded,elbow,hikari__lasso_c1.0__elbow__k11,11,flow_RST_flag_count;bwd_pkts_payload.min;bwd_init_window_size;fwd_pkts_payload.avg;fwd_header_size_min;fwd_last_window_size;flow_FIN_flag_count;bwd_bulk_rate;down_up_ratio;flow_pkts_payload.avg;fwd_pkts_payload.std,,,,,,,,,,
all_candidate_feature_sets.xlsx,Sheet1,142,candidate_feature_sets,,,hikari,lasso_c1.0,embedded,q25,hikari__lasso_c1.0__q25__k20,20,flow_RST_flag_count;bwd_pkts_payload.min;bwd_init_window_size;fwd_pkts_payload.avg;fwd_header_size_min;fwd_last_window_size;flow_FIN_flag_count;bwd_bulk_rate;down_up_ratio;flow_pkts_payload.avg;fwd_pkts_payload.std;bwd_pkts_per_sec;flow_pkts_per_sec;bwd_iat.avg;fwd_bulk_bytes;fwd_pkts_payload.max;fwd_bulk_packets;fwd_pkts_per_sec;payload_bytes_per_second;bwd_header_size_min,,,,,,,,,,
all_candidate_feature_sets.xlsx,Sheet1,143,candidate_feature_sets,,,hikari,lasso_c1.0,embedded,q50,hikari__lasso_c1.0__q50__k40,40,flow_RST_flag_count;bwd_pkts_payload.min;bwd_init_window_size;fwd_pkts_payload.avg;fwd_header_size_min;fwd_last_window_size;flow_FIN_flag_count;bwd_bulk_rate;down_up_ratio;flow_pkts_payload.avg;fwd_pkts_payload.std;bwd_pkts_per_sec;flow_pkts_per_sec;bwd_iat.avg;fwd_bulk_bytes;fwd_pkts_payload.max;fwd_bulk_packets;fwd_pkts_per_sec;payload_bytes_per_second;bwd_header_size_min;active.min;flow_SYN_flag_count;bwd_pkts_payload.tot;flow_pkts_payload.tot;fwd_header_size_tot;active.avg;bwd_iat.tot;idle.std;idle.tot;flow_pkts_payload.min;fwd_pkts_payload.min;flow_iat.std;flow_iat.tot;flow_duration;fwd_bulk_rate;fwd_iat.tot;fwd_iat.avg;idle.max;fwd_init_window_size;fwd_pkts_payload.tot,,,,,,,,,,
all_candidate_feature_sets.xlsx,Sheet1,144,candidate_feature_sets,,,hikari,lasso_c1.0,embedded,q75,hikari__lasso_c1.0__q75__k60,60,flow_RST_flag_count;bwd_pkts_payload.min;bwd_init_window_size;fwd_pkts_payload.avg;fwd_header_size_min;fwd_last_window_size;flow_FIN_flag_count;bwd_bulk_rate;down_up_ratio;flow_pkts_payload.avg;fwd_pkts_payload.std;bwd_pkts_per_sec;flow_pkts_per_sec;bwd_iat.avg;fwd_bulk_bytes;fwd_pkts_payload.max;fwd_bulk_packets;fwd_pkts_per_sec;payload_bytes_per_second;bwd_header_size_min;active.min;flow_SYN_flag_count;bwd_pkts_payload.tot;flow_pkts_payload.tot;fwd_header_size_tot;active.avg;bwd_iat.tot;idle.std;idle.tot;flow_pkts_payload.min;fwd_pkts_payload.min;flow_iat.std;flow_iat.tot;flow_duration;fwd_bulk_rate;fwd_iat.tot;fwd_iat.avg;idle.max;fwd_init_window_size;fwd_pkts_payload.tot;bwd_subflow_bytes;flow_iat.max;bwd_iat.max;bwd_bulk_bytes;fwd_iat.max;bwd_iat.std;bwd_header_size_max;fwd_iat.std;bwd_data_pkts_tot;bwd_subflow_pkts;fwd_data_pkts_tot;fwd_PSH_flag_count;bwd_pkts_payload.std;flow_iat.avg;bwd_pkts_payload.avg;fwd_pkts_tot;bwd_iat.min;bwd_PSH_flag_count;bwd_bulk_packets;flow_pkts_payload.std,,,,,,,,,,
all_candidate_feature_sets.xlsx,Sheet1,145,candidate_feature_sets,,,hikari,lightgbm,embedded,elbow,hikari__lightgbm__elbow__k8,8,fwd_iat.min;bwd_iat.min;bwd_bulk_rate;flow_iat.min;fwd_iat.max;fwd_iat.std;down_up_ratio;bwd_iat.std,,,,,,,,,,
all_candidate_feature_sets.xlsx,Sheet1,146,candidate_feature_sets,,,hikari,lightgbm,embedded,q25,hikari__lightgbm__q25__k20,20,fwd_iat.min;bwd_iat.min;bwd_bulk_rate;flow_iat.min;fwd_iat.max;fwd_iat.std;down_up_ratio;bwd_iat.std;bwd_pkts_per_sec;fwd_pkts_payload.avg;fwd_pkts_payload.tot;active.min;fwd_iat.tot;flow_pkts_payload.avg;fwd_pkts_payload.std;bwd_iat.avg;fwd_pkts_per_sec;flow_pkts_payload.std;fwd_iat.avg;fwd_subflow_bytes,,,,,,,,,,
all_candidate_feature_sets.xlsx,Sheet1,147,candidate_feature_sets,,,hikari,lightgbm,embedded,q50,hikari__lightgbm__q50__k40,40,fwd_iat.min;bwd_iat.min;bwd_bulk_rate;flow_iat.min;fwd_iat.max;fwd_iat.std;down_up_ratio;bwd_iat.std;bwd_pkts_per_sec;fwd_pkts_payload.avg;fwd_pkts_payload.tot;active.min;fwd_iat.tot;flow_pkts_payload.avg;fwd_pkts_payload.std;bwd_iat.avg;fwd_pkts_per_sec;flow_pkts_payload.std;fwd_iat.avg;fwd_subflow_bytes;payload_bytes_per_second;bwd_iat.max;flow_pkts_payload.tot;bwd_iat.tot;flow_iat.std;fwd_pkts_payload.max;flow_duration;flow_pkts_per_sec;flow_iat.max;bwd_init_window_size;active.tot;flow_iat.avg;bwd_pkts_payload.std;bwd_pkts_payload.avg;bwd_PSH_flag_count;fwd_data_pkts_tot;bwd_bulk_packets;active.std;active.avg;fwd_pkts_tot,,,,,,,,,,
all_candidate_feature_sets.xlsx,Sheet1,148,candidate_feature_sets,,,hikari,lightgbm,embedded,q75,hikari__lightgbm__q75__k60,60,fwd_iat.min;bwd_iat.min;bwd_bulk_rate;flow_iat.min;fwd_iat.max;fwd_iat.std;down_up_ratio;bwd_iat.std;bwd_pkts_per_sec;fwd_pkts_payload.avg;fwd_pkts_payload.tot;active.min;fwd_iat.tot;flow_pkts_payload.avg;fwd_pkts_payload.std;bwd_iat.avg;fwd_pkts_per_sec;flow_pkts_payload.std;fwd_iat.avg;fwd_subflow_bytes;payload_bytes_per_second;bwd_iat.max;flow_pkts_payload.tot;bwd_iat.tot;flow_iat.std;fwd_pkts_payload.max;flow_duration;flow_pkts_per_sec;flow_iat.max;bwd_init_window_size;active.tot;flow_iat.avg;bwd_pkts_payload.std;bwd_pkts_payload.avg;bwd_PSH_flag_count;fwd_data_pkts_tot;bwd_bulk_packets;active.std;active.avg;fwd_pkts_tot;fwd_last_window_size;idle.min;bwd_header_size_tot;active.max;bwd_pkts_tot;bwd_data_pkts_tot;fwd_subflow_pkts;bwd_pkts_payload.max;bwd_bulk_bytes;bwd_subflow_pkts;flow_ACK_flag_count;fwd_header_size_tot;fwd_pkts_payload.min;flow_iat.tot;idle.max;idle.avg;fwd_header_size_max;bwd_header_size_max;bwd_subflow_bytes;flow_FIN_flag_count,,,,,,,,,,
all_candidate_feature_sets.xlsx,Sheet1,149,candidate_feature_sets,,,hikari,mi_ga,hybrid,elbow,hikari__mi_ga__elbow__k24,24,bwd_pkts_payload.avg;flow_pkts_payload.avg;bwd_pkts_payload.max;bwd_init_window_size;flow_pkts_payload.tot;flow_duration;flow_pkts_payload.max;flow_iat.max;bwd_header_size_tot;bwd_subflow_bytes;fwd_subflow_bytes;fwd_iat.max;fwd_iat.tot;fwd_data_pkts_tot;fwd_pkts_tot;fwd_header_size_tot;fwd_pkts_payload.max;fwd_subflow_pkts;flow_iat.tot;bwd_pkts_payload.tot;fwd_pkts_payload.avg;fwd_pkts_payload.std;flow_pkts_payload.std;flow_iat.std,,,,,,,,,,
all_candidate_feature_sets.xlsx,Sheet1,150,candidate_feature_sets,,,hikari,mi_ga,hybrid,q25,hikari__mi_ga__q25__k20,20,bwd_pkts_payload.avg;flow_pkts_payload.avg;bwd_pkts_payload.max;bwd_init_window_size;flow_pkts_payload.tot;flow_duration;flow_pkts_payload.max;flow_iat.max;bwd_header_size_tot;bwd_subflow_bytes;fwd_subflow_bytes;fwd_iat.max;fwd_iat.tot;fwd_data_pkts_tot;fwd_pkts_tot;fwd_header_size_tot;fwd_pkts_payload.max;fwd_subflow_pkts;flow_iat.tot;bwd_pkts_payload.tot,,,,,,,,,,
all_candidate_feature_sets.xlsx,Sheet1,151,candidate_feature_sets,,,hikari,mi_ga,hybrid,q50,hikari__mi_ga__q50__k40,40,bwd_pkts_payload.avg;flow_pkts_payload.avg;bwd_pkts_payload.max;bwd_init_window_size;flow_pkts_payload.tot;flow_duration;flow_pkts_payload.max;flow_iat.max;bwd_header_size_tot;bwd_subflow_bytes;fwd_subflow_bytes;fwd_iat.max;fwd_iat.tot;fwd_data_pkts_tot;fwd_pkts_tot;fwd_header_size_tot;fwd_pkts_payload.max;fwd_subflow_pkts;flow_iat.tot;bwd_pkts_payload.tot;fwd_pkts_payload.avg;fwd_pkts_payload.std;flow_pkts_payload.std;flow_iat.std;fwd_iat.std;active.tot;active.max;fwd_iat.avg;active.avg;fwd_pkts_payload.tot;bwd_subflow_pkts;bwd_pkts_payload.std;bwd_pkts_tot;active.min;fwd_pkts_per_sec;payload_bytes_per_second;flow_iat.avg;down_up_ratio;fwd_PSH_flag_count;bwd_data_pkts_tot,,,,,,,,,,
all_candidate_feature_sets.xlsx,Sheet1,152,candidate_feature_sets,,,hikari,mi_ga,hybrid,q75,hikari__mi_ga__q75__k60,60,bwd_pkts_payload.avg;flow_pkts_payload.avg;bwd_pkts_payload.max;bwd_init_window_size;flow_pkts_payload.tot;flow_duration;flow_pkts_payload.max;flow_iat.max;bwd_header_size_tot;bwd_subflow_bytes;fwd_subflow_bytes;fwd_iat.max;fwd_iat.tot;fwd_data_pkts_tot;fwd_pkts_tot;fwd_header_size_tot;fwd_pkts_payload.max;fwd_subflow_pkts;flow_iat.tot;bwd_pkts_payload.tot;fwd_pkts_payload.avg;fwd_pkts_payload.std;flow_pkts_payload.std;flow_iat.std;fwd_iat.std;active.tot;active.max;fwd_iat.avg;active.avg;fwd_pkts_payload.tot;bwd_subflow_pkts;bwd_pkts_payload.std;bwd_pkts_tot;active.min;fwd_pkts_per_sec;payload_bytes_per_second;flow_iat.avg;down_up_ratio;fwd_PSH_flag_count;bwd_data_pkts_tot;bwd_pkts_per_sec;flow_pkts_per_sec;fwd_header_size_min;fwd_header_size_max;bwd_header_size_min;bwd_header_size_max;flow_FIN_flag_count;flow_SYN_flag_count;flow_RST_flag_count;bwd_PSH_flag_count;flow_ACK_flag_count;fwd_URG_flag_count;bwd_URG_flag_count;flow_CWR_flag_count;flow_ECE_flag_count;fwd_pkts_payload.min;bwd_pkts_payload.min;flow_pkts_payload.min;fwd_iat.min;bwd_iat.min,,,,,,,,,,
all_candidate_feature_sets.xlsx,Sheet1,153,candidate_feature_sets,,,hikari,mi_rfe,hybrid,elbow,hikari__mi_rfe__elbow__k40,40,bwd_data_pkts_tot;fwd_PSH_flag_count;bwd_subflow_pkts;fwd_pkts_per_sec;flow_iat.std;bwd_pkts_payload.avg;bwd_header_size_tot;bwd_pkts_tot;flow_pkts_payload.avg;fwd_header_size_tot;flow_pkts_payload.tot;fwd_subflow_pkts;fwd_pkts_tot;bwd_pkts_payload.max;flow_pkts_payload.max;fwd_pkts_payload.tot;fwd_data_pkts_tot;bwd_pkts_payload.tot;fwd_iat.std;flow_iat.tot;payload_bytes_per_second;flow_duration;fwd_iat.tot;fwd_iat.max;active.tot;active.max;fwd_subflow_bytes;fwd_iat.avg;flow_iat.avg;flow_pkts_payload.std;fwd_pkts_payload.std;fwd_pkts_payload.max;active.min;down_up_ratio;bwd_subflow_bytes;bwd_pkts_payload.std;fwd_pkts_payload.avg;bwd_init_window_size;active.avg;flow_iat.max,,,,,,,,,,
all_candidate_feature_sets.xlsx,Sheet1,154,candidate_feature_sets,,,hikari,mi_rfe,hybrid,q25,hikari__mi_rfe__q25__k20,20,bwd_data_pkts_tot;fwd_PSH_flag_count;bwd_subflow_pkts;fwd_pkts_per_sec;flow_iat.std;bwd_pkts_payload.avg;bwd_header_size_tot;bwd_pkts_tot;flow_pkts_payload.avg;fwd_header_size_tot;flow_pkts_payload.tot;fwd_subflow_pkts;fwd_pkts_tot;bwd_pkts_payload.max;flow_pkts_payload.max;fwd_pkts_payload.tot;fwd_data_pkts_tot;bwd_pkts_payload.tot;fwd_iat.std;flow_iat.tot,,,,,,,,,,
all_candidate_feature_sets.xlsx,Sheet1,155,candidate_feature_sets,,,hikari,mi_rfe,hybrid,q50,hikari__mi_rfe__q50__k40,40,bwd_data_pkts_tot;fwd_PSH_flag_count;bwd_subflow_pkts;fwd_pkts_per_sec;flow_iat.std;bwd_pkts_payload.avg;bwd_header_size_tot;bwd_pkts_tot;flow_pkts_payload.avg;fwd_header_size_tot;flow_pkts_payload.tot;fwd_subflow_pkts;fwd_pkts_tot;bwd_pkts_payload.max;flow_pkts_payload.max;fwd_pkts_payload.tot;fwd_data_pkts_tot;bwd_pkts_payload.tot;fwd_iat.std;flow_iat.tot;payload_bytes_per_second;flow_duration;fwd_iat.tot;fwd_iat.max;active.tot;active.max;fwd_subflow_bytes;fwd_iat.avg;flow_iat.avg;flow_pkts_payload.std;fwd_pkts_payload.std;fwd_pkts_payload.max;active.min;down_up_ratio;bwd_subflow_bytes;bwd_pkts_payload.std;fwd_pkts_payload.avg;bwd_init_window_size;active.avg;flow_iat.max,,,,,,,,,,
all_candidate_feature_sets.xlsx,Sheet1,156,candidate_feature_sets,,,hikari,mi_rfe,hybrid,q75,hikari__mi_rfe__q75__k60,60,bwd_data_pkts_tot;fwd_PSH_flag_count;bwd_subflow_pkts;fwd_pkts_per_sec;flow_iat.std;bwd_pkts_payload.avg;bwd_header_size_tot;bwd_pkts_tot;flow_pkts_payload.avg;fwd_header_size_tot;flow_pkts_payload.tot;fwd_subflow_pkts;fwd_pkts_tot;bwd_pkts_payload.max;flow_pkts_payload.max;fwd_pkts_payload.tot;fwd_data_pkts_tot;bwd_pkts_payload.tot;fwd_iat.std;flow_iat.tot;payload_bytes_per_second;flow_duration;fwd_iat.tot;fwd_iat.max;active.tot;active.max;fwd_subflow_bytes;fwd_iat.avg;flow_iat.avg;flow_pkts_payload.std;fwd_pkts_payload.std;fwd_pkts_payload.max;active.min;down_up_ratio;bwd_subflow_bytes;bwd_pkts_payload.std;fwd_pkts_payload.avg;bwd_init_window_size;active.avg;flow_iat.max;bwd_pkts_per_sec;flow_pkts_per_sec;fwd_header_size_min;fwd_header_size_max;bwd_header_size_min;bwd_header_size_max;flow_FIN_flag_count;flow_SYN_flag_count;flow_RST_flag_count;bwd_PSH_flag_count;flow_ACK_flag_count;fwd_URG_flag_count;bwd_URG_flag_count;flow_CWR_flag_count;flow_ECE_flag_count;fwd_pkts_payload.min;bwd_pkts_payload.min;flow_pkts_payload.min;fwd_iat.min;bwd_iat.min,,,,,,,,,,
all_candidate_feature_sets.xlsx,Sheet1,157,candidate_feature_sets,,,hikari,mrmr,filter,elbow,hikari__mrmr__elbow__k8,8,fwd_subflow_bytes;fwd_iat.max;payload_bytes_per_second;bwd_iat.min;flow_pkts_payload.tot;fwd_pkts_payload.std;fwd_iat.tot;flow_ECE_flag_count,,,,,,,,,,
all_candidate_feature_sets.xlsx,Sheet1,158,candidate_feature_sets,,,hikari,mrmr,filter,q25,hikari__mrmr__q25__k20,20,fwd_subflow_bytes;fwd_iat.max;payload_bytes_per_second;bwd_iat.min;flow_pkts_payload.tot;fwd_pkts_payload.std;fwd_iat.tot;flow_ECE_flag_count;flow_iat.min;flow_pkts_per_sec;fwd_pkts_payload.tot;down_up_ratio;bwd_bulk_bytes;fwd_bulk_rate;flow_CWR_flag_count;fwd_iat.std;bwd_pkts_payload.tot;fwd_URG_flag_count;flow_RST_flag_count;bwd_URG_flag_count,,,,,,,,,,
all_candidate_feature_sets.xlsx,Sheet1,159,candidate_feature_sets,,,hikari,mrmr,filter,q50,hikari__mrmr__q50__k40,40,fwd_subflow_bytes;fwd_iat.max;payload_bytes_per_second;bwd_iat.min;flow_pkts_payload.tot;fwd_pkts_payload.std;fwd_iat.tot;flow_ECE_flag_count;flow_iat.min;flow_pkts_per_sec;fwd_pkts_payload.tot;down_up_ratio;bwd_bulk_bytes;fwd_bulk_rate;flow_CWR_flag_count;fwd_iat.std;bwd_pkts_payload.tot;fwd_URG_flag_count;flow_RST_flag_count;bwd_URG_flag_count;flow_iat.tot;bwd_bulk_rate;fwd_iat.avg;flow_pkts_payload.max;active.min;fwd_pkts_per_sec;fwd_bulk_bytes;fwd_header_size_tot;flow_duration;fwd_last_window_size;flow_iat.std;fwd_data_pkts_tot;flow_iat.avg;bwd_bulk_packets;fwd_pkts_payload.avg;bwd_subflow_bytes;bwd_iat.tot;bwd_init_window_size;fwd_bulk_packets;bwd_pkts_per_sec,,,,,,,,,,
all_candidate_feature_sets.xlsx,Sheet1,160,candidate_feature_sets,,,hikari,mrmr,filter,q75,hikari__mrmr__q75__k60,60,fwd_subflow_bytes;fwd_iat.max;payload_bytes_per_second;bwd_iat.min;flow_pkts_payload.tot;fwd_pkts_payload.std;fwd_iat.tot;flow_ECE_flag_count;flow_iat.min;flow_pkts_per_sec;fwd_pkts_payload.tot;down_up_ratio;bwd_bulk_bytes;fwd_bulk_rate;flow_CWR_flag_count;fwd_iat.std;bwd_pkts_payload.tot;fwd_URG_flag_count;flow_RST_flag_count;bwd_URG_flag_count;flow_iat.tot;bwd_bulk_rate;fwd_iat.avg;flow_pkts_payload.max;active.min;fwd_pkts_per_sec;fwd_bulk_bytes;fwd_header_size_tot;flow_duration;fwd_last_window_size;flow_iat.std;fwd_data_pkts_tot;flow_iat.avg;bwd_bulk_packets;fwd_pkts_payload.avg;bwd_subflow_bytes;bwd_iat.tot;bwd_init_window_size;fwd_bulk_packets;bwd_pkts_per_sec;bwd_iat.std;fwd_iat.min;active.avg;bwd_pkts_payload.max;bwd_pkts_payload.min;fwd_pkts_tot;bwd_iat.avg;fwd_PSH_flag_count;fwd_header_size_min;flow_pkts_payload.avg;bwd_PSH_flag_count;flow_iat.max;flow_pkts_payload.min;fwd_pkts_payload.max;bwd_header_size_tot;bwd_pkts_payload.avg;bwd_iat.max;active.max;fwd_pkts_payload.min;active.std,,,,,,,,,,
all_candidate_feature_sets.xlsx,Sheet1,161,candidate_feature_sets,,,hikari,mutual_info,filter,elbow,hikari__mutual_info__elbow__k50,50,fwd_subflow_bytes;fwd_pkts_payload.tot;flow_pkts_payload.tot;flow_pkts_payload.max;fwd_pkts_payload.max;fwd_pkts_payload.avg;fwd_header_size_tot;flow_pkts_payload.avg;fwd_iat.tot;fwd_subflow_pkts;bwd_pkts_payload.tot;fwd_data_pkts_tot;flow_iat.tot;fwd_iat.std;flow_duration;bwd_init_window_size;bwd_subflow_bytes;fwd_iat.max;fwd_iat.avg;bwd_pkts_payload.max;fwd_pkts_tot;flow_iat.max;flow_iat.std;fwd_pkts_payload.std;active.tot;bwd_pkts_payload.avg;bwd_header_size_tot;active.avg;active.max;flow_pkts_payload.std;bwd_pkts_tot;bwd_pkts_payload.std;bwd_subflow_pkts;active.min;fwd_pkts_per_sec;payload_bytes_per_second;down_up_ratio;fwd_PSH_flag_count;flow_iat.avg;bwd_data_pkts_tot;bwd_iat.tot;flow_pkts_per_sec;flow_iat.min;bwd_iat.max;bwd_iat.std;bwd_PSH_flag_count;flow_ACK_flag_count;bwd_header_size_min;bwd_iat.avg;bwd_header_size_max,,,,,,,,,,
all_candidate_feature_sets.xlsx,Sheet1,162,candidate_feature_sets,,,hikari,mutual_info,filter,q25,hikari__mutual_info__q25__k20,20,fwd_subflow_bytes;fwd_pkts_payload.tot;flow_pkts_payload.tot;flow_pkts_payload.max;fwd_pkts_payload.max;fwd_pkts_payload.avg;fwd_header_size_tot;flow_pkts_payload.avg;fwd_iat.tot;fwd_subflow_pkts;bwd_pkts_payload.tot;fwd_data_pkts_tot;flow_iat.tot;fwd_iat.std;flow_duration;bwd_init_window_size;bwd_subflow_bytes;fwd_iat.max;fwd_iat.avg;bwd_pkts_payload.max,,,,,,,,,,
all_candidate_feature_sets.xlsx,Sheet1,163,candidate_feature_sets,,,hikari,mutual_info,filter,q50,hikari__mutual_info__q50__k40,40,fwd_subflow_bytes;fwd_pkts_payload.tot;flow_pkts_payload.tot;flow_pkts_payload.max;fwd_pkts_payload.max;fwd_pkts_payload.avg;fwd_header_size_tot;flow_pkts_payload.avg;fwd_iat.tot;fwd_subflow_pkts;bwd_pkts_payload.tot;fwd_data_pkts_tot;flow_iat.tot;fwd_iat.std;flow_duration;bwd_init_window_size;bwd_subflow_bytes;fwd_iat.max;fwd_iat.avg;bwd_pkts_payload.max;fwd_pkts_tot;flow_iat.max;flow_iat.std;fwd_pkts_payload.std;active.tot;bwd_pkts_payload.avg;bwd_header_size_tot;active.avg;active.max;flow_pkts_payload.std;bwd_pkts_tot;bwd_pkts_payload.std;bwd_subflow_pkts;active.min;fwd_pkts_per_sec;payload_bytes_per_second;down_up_ratio;fwd_PSH_flag_count;flow_iat.avg;bwd_data_pkts_tot,,,,,,,,,,
all_candidate_feature_sets.xlsx,Sheet1,164,candidate_feature_sets,,,hikari,mutual_info,filter,q75,hikari__mutual_info__q75__k60,60,fwd_subflow_bytes;fwd_pkts_payload.tot;flow_pkts_payload.tot;flow_pkts_payload.max;fwd_pkts_payload.max;fwd_pkts_payload.avg;fwd_header_size_tot;flow_pkts_payload.avg;fwd_iat.tot;fwd_subflow_pkts;bwd_pkts_payload.tot;fwd_data_pkts_tot;flow_iat.tot;fwd_iat.std;flow_duration;bwd_init_window_size;bwd_subflow_bytes;fwd_iat.max;fwd_iat.avg;bwd_pkts_payload.max;fwd_pkts_tot;flow_iat.max;flow_iat.std;fwd_pkts_payload.std;active.tot;bwd_pkts_payload.avg;bwd_header_size_tot;active.avg;active.max;flow_pkts_payload.std;bwd_pkts_tot;bwd_pkts_payload.std;bwd_subflow_pkts;active.min;fwd_pkts_per_sec;payload_bytes_per_second;down_up_ratio;fwd_PSH_flag_count;flow_iat.avg;bwd_data_pkts_tot;bwd_iat.tot;flow_pkts_per_sec;flow_iat.min;bwd_iat.max;bwd_iat.std;bwd_PSH_flag_count;flow_ACK_flag_count;bwd_header_size_min;bwd_iat.avg;bwd_header_size_max;flow_FIN_flag_count;bwd_iat.min;flow_SYN_flag_count;bwd_pkts_per_sec;flow_RST_flag_count;fwd_last_window_size;flow_pkts_payload.min;fwd_pkts_payload.min;fwd_header_size_min;fwd_iat.min,,,,,,,,,,
all_candidate_feature_sets.xlsx,Sheet1,165,candidate_feature_sets,,,hikari,pearson,filter,elbow,hikari__pearson__elbow__k38,38,bwd_init_window_size;bwd_header_size_max;fwd_pkts_payload.std;bwd_header_size_min;fwd_pkts_payload.max;bwd_bulk_rate;flow_SYN_flag_count;flow_FIN_flag_count;fwd_header_size_max;fwd_init_window_size;flow_RST_flag_count;fwd_pkts_payload.avg;bwd_pkts_payload.std;flow_pkts_payload.std;flow_pkts_payload.avg;bwd_pkts_payload.min;bwd_pkts_payload.avg;bwd_pkts_payload.max;flow_pkts_payload.max;flow_pkts_payload.min;fwd_pkts_payload.min;fwd_header_size_min;fwd_last_window_size;down_up_ratio;bwd_pkts_per_sec;flow_pkts_per_sec;fwd_pkts_per_sec;fwd_subflow_bytes;fwd_PSH_flag_count;fwd_data_pkts_tot;active.min;active.avg;fwd_pkts_payload.tot;bwd_subflow_pkts;fwd_subflow_pkts;active.max;active.tot;idle.max,,,,,,,,,,
all_candidate_feature_sets.xlsx,Sheet1,166,candidate_feature_sets,,,hikari,pearson,filter,q25,hikari__pearson__q25__k20,20,bwd_init_window_size;bwd_header_size_max;fwd_pkts_payload.std;bwd_header_size_min;fwd_pkts_payload.max;bwd_bulk_rate;flow_SYN_flag_count;flow_FIN_flag_count;fwd_header_size_max;fwd_init_window_size;flow_RST_flag_count;fwd_pkts_payload.avg;bwd_pkts_payload.std;flow_pkts_payload.std;flow_pkts_payload.avg;bwd_pkts_payload.min;bwd_pkts_payload.avg;bwd_pkts_payload.max;flow_pkts_payload.max;flow_pkts_payload.min,,,,,,,,,,
all_candidate_feature_sets.xlsx,Sheet1,167,candidate_feature_sets,,,hikari,pearson,filter,q50,hikari__pearson__q50__k40,40,bwd_init_window_size;bwd_header_size_max;fwd_pkts_payload.std;bwd_header_size_min;fwd_pkts_payload.max;bwd_bulk_rate;flow_SYN_flag_count;flow_FIN_flag_count;fwd_header_size_max;fwd_init_window_size;flow_RST_flag_count;fwd_pkts_payload.avg;bwd_pkts_payload.std;flow_pkts_payload.std;flow_pkts_payload.avg;bwd_pkts_payload.min;bwd_pkts_payload.avg;bwd_pkts_payload.max;flow_pkts_payload.max;flow_pkts_payload.min;fwd_pkts_payload.min;fwd_header_size_min;fwd_last_window_size;down_up_ratio;bwd_pkts_per_sec;flow_pkts_per_sec;fwd_pkts_per_sec;fwd_subflow_bytes;fwd_PSH_flag_count;fwd_data_pkts_tot;active.min;active.avg;fwd_pkts_payload.tot;bwd_subflow_pkts;fwd_subflow_pkts;active.max;active.tot;idle.max;flow_iat.max;fwd_iat.avg,,,,,,,,,,
all_candidate_feature_sets.xlsx,Sheet1,168,candidate_feature_sets,,,hikari,pearson,filter,q75,hikari__pearson__q75__k60,60,bwd_init_window_size;bwd_header_size_max;fwd_pkts_payload.std;bwd_header_size_min;fwd_pkts_payload.max;bwd_bulk_rate;flow_SYN_flag_count;flow_FIN_flag_count;fwd_header_size_max;fwd_init_window_size;flow_RST_flag_count;fwd_pkts_payload.avg;bwd_pkts_payload.std;flow_pkts_payload.std;flow_pkts_payload.avg;bwd_pkts_payload.min;bwd_pkts_payload.avg;bwd_pkts_payload.max;flow_pkts_payload.max;flow_pkts_payload.min;fwd_pkts_payload.min;fwd_header_size_min;fwd_last_window_size;down_up_ratio;bwd_pkts_per_sec;flow_pkts_per_sec;fwd_pkts_per_sec;fwd_subflow_bytes;fwd_PSH_flag_count;fwd_data_pkts_tot;active.min;active.avg;fwd_pkts_payload.tot;bwd_subflow_pkts;fwd_subflow_pkts;active.max;active.tot;idle.max;flow_iat.max;fwd_iat.avg;flow_iat.avg;fwd_iat.max;bwd_PSH_flag_count;idle.avg;fwd_iat.min;flow_iat.min;bwd_header_size_tot;bwd_pkts_tot;flow_ACK_flag_count;idle.std;bwd_iat.avg;fwd_pkts_tot;idle.min;flow_iat.std;bwd_iat.max;fwd_iat.std;bwd_bulk_packets;bwd_iat.std;bwd_data_pkts_tot;fwd_header_size_tot,,,,,,,,,,
all_candidate_feature_sets.xlsx,Sheet1,169,candidate_feature_sets,,,hikari,pso,metaheuristic,elbow,hikari__pso__elbow__k31,31,fwd_subflow_bytes;flow_pkts_payload.tot;flow_pkts_payload.max;fwd_pkts_payload.max;fwd_pkts_payload.avg;fwd_header_size_tot;flow_pkts_payload.avg;fwd_iat.tot;bwd_pkts_payload.tot;fwd_data_pkts_tot;fwd_iat.std;fwd_iat.max;fwd_iat.avg;bwd_pkts_payload.max;fwd_pkts_tot;flow_iat.max;fwd_pkts_payload.std;active.tot;bwd_pkts_payload.avg;bwd_header_size_tot;active.avg;active.max;flow_pkts_payload.std;fwd_pkts_payload.tot;flow_duration;bwd_init_window_size;bwd_subflow_bytes;flow_iat.std;fwd_subflow_pkts;flow_iat.tot;bwd_pkts_tot,,,,,,,,,,
all_candidate_feature_sets.xlsx,Sheet1,170,candidate_feature_sets,,,hikari,pso,metaheuristic,q25,hikari__pso__q25__k20,20,fwd_subflow_bytes;flow_pkts_payload.tot;flow_pkts_payload.max;fwd_pkts_payload.max;fwd_pkts_payload.avg;fwd_header_size_tot;flow_pkts_payload.avg;fwd_iat.tot;bwd_pkts_payload.tot;fwd_data_pkts_tot;fwd_iat.std;fwd_iat.max;fwd_iat.avg;bwd_pkts_payload.max;fwd_pkts_tot;flow_iat.max;fwd_pkts_payload.std;active.tot;bwd_pkts_payload.avg;bwd_header_size_tot,,,,,,,,,,
all_candidate_feature_sets.xlsx,Sheet1,171,candidate_feature_sets,,,hikari,pso,metaheuristic,q50,hikari__pso__q50__k40,40,fwd_subflow_bytes;flow_pkts_payload.tot;flow_pkts_payload.max;fwd_pkts_payload.max;fwd_pkts_payload.avg;fwd_header_size_tot;flow_pkts_payload.avg;fwd_iat.tot;bwd_pkts_payload.tot;fwd_data_pkts_tot;fwd_iat.std;fwd_iat.max;fwd_iat.avg;bwd_pkts_payload.max;fwd_pkts_tot;flow_iat.max;fwd_pkts_payload.std;active.tot;bwd_pkts_payload.avg;bwd_header_size_tot;active.avg;active.max;flow_pkts_payload.std;fwd_pkts_payload.tot;flow_duration;bwd_init_window_size;bwd_subflow_bytes;flow_iat.std;fwd_subflow_pkts;flow_iat.tot;bwd_pkts_tot;bwd_pkts_payload.std;bwd_subflow_pkts;active.min;fwd_pkts_per_sec;payload_bytes_per_second;down_up_ratio;fwd_PSH_flag_count;flow_iat.avg;bwd_data_pkts_tot,,,,,,,,,,
all_candidate_feature_sets.xlsx,Sheet1,172,candidate_feature_sets,,,hikari,pso,metaheuristic,q75,hikari__pso__q75__k60,60,fwd_subflow_bytes;flow_pkts_payload.tot;flow_pkts_payload.max;fwd_pkts_payload.max;fwd_pkts_payload.avg;fwd_header_size_tot;flow_pkts_payload.avg;fwd_iat.tot;bwd_pkts_payload.tot;fwd_data_pkts_tot;fwd_iat.std;fwd_iat.max;fwd_iat.avg;bwd_pkts_payload.max;fwd_pkts_tot;flow_iat.max;fwd_pkts_payload.std;active.tot;bwd_pkts_payload.avg;bwd_header_size_tot;active.avg;active.max;flow_pkts_payload.std;fwd_pkts_payload.tot;flow_duration;bwd_init_window_size;bwd_subflow_bytes;flow_iat.std;fwd_subflow_pkts;flow_iat.tot;bwd_pkts_tot;bwd_pkts_payload.std;bwd_subflow_pkts;active.min;fwd_pkts_per_sec;payload_bytes_per_second;down_up_ratio;fwd_PSH_flag_count;flow_iat.avg;bwd_data_pkts_tot;bwd_iat.tot;flow_pkts_per_sec;flow_iat.min;bwd_iat.max;bwd_iat.std;bwd_PSH_flag_count;flow_ACK_flag_count;bwd_header_size_min;bwd_iat.avg;bwd_header_size_max;flow_FIN_flag_count;bwd_iat.min;flow_SYN_flag_count;bwd_pkts_per_sec;flow_RST_flag_count;fwd_last_window_size;flow_pkts_payload.min;fwd_pkts_payload.min;fwd_header_size_min;fwd_iat.min,,,,,,,,,,
all_candidate_feature_sets.xlsx,Sheet1,173,candidate_feature_sets,,,hikari,reliefF,filter,elbow,hikari__reliefF__elbow__k61,61,bwd_URG_flag_count;flow_ECE_flag_count;fwd_subflow_bytes;flow_iat.min;fwd_iat.min;flow_CWR_flag_count;bwd_bulk_rate;fwd_PSH_flag_count;fwd_data_pkts_tot;flow_iat.avg;fwd_pkts_payload.tot;bwd_subflow_pkts;fwd_subflow_pkts;fwd_iat.avg;bwd_pkts_payload.min;fwd_URG_flag_count;bwd_pkts_payload.tot;flow_pkts_payload.tot;bwd_PSH_flag_count;bwd_subflow_bytes;flow_SYN_flag_count;bwd_pkts_per_sec;fwd_init_window_size;flow_FIN_flag_count;flow_pkts_per_sec;flow_pkts_payload.min;fwd_pkts_payload.min;fwd_bulk_bytes;bwd_header_size_max;active.min;active.tot;fwd_pkts_per_sec;bwd_data_pkts_tot;flow_ACK_flag_count;bwd_header_size_tot;bwd_pkts_tot;fwd_pkts_tot;active.avg;fwd_header_size_max;fwd_last_window_size;fwd_bulk_rate;bwd_iat.min;fwd_header_size_tot;fwd_header_size_min;bwd_header_size_min;active.max;bwd_iat.tot;active.std;idle.max;bwd_bulk_bytes;fwd_iat.max;flow_iat.max;bwd_iat.max;idle.tot;payload_bytes_per_second;bwd_init_window_size;fwd_iat.tot;flow_iat.tot;flow_duration;idle.min;fwd_bulk_packets,,,,,,,,,,
all_candidate_feature_sets.xlsx,Sheet1,174,candidate_feature_sets,,,hikari,reliefF,filter,q25,hikari__reliefF__q25__k20,20,bwd_URG_flag_count;flow_ECE_flag_count;fwd_subflow_bytes;flow_iat.min;fwd_iat.min;flow_CWR_flag_count;bwd_bulk_rate;fwd_PSH_flag_count;fwd_data_pkts_tot;flow_iat.avg;fwd_pkts_payload.tot;bwd_subflow_pkts;fwd_subflow_pkts;fwd_iat.avg;bwd_pkts_payload.min;fwd_URG_flag_count;bwd_pkts_payload.tot;flow_pkts_payload.tot;bwd_PSH_flag_count;bwd_subflow_bytes,,,,,,,,,,
all_candidate_feature_sets.xlsx,Sheet1,175,candidate_feature_sets,,,hikari,reliefF,filter,q50,hikari__reliefF__q50__k40,40,bwd_URG_flag_count;flow_ECE_flag_count;fwd_subflow_bytes;flow_iat.min;fwd_iat.min;flow_CWR_flag_count;bwd_bulk_rate;fwd_PSH_flag_count;fwd_data_pkts_tot;flow_iat.avg;fwd_pkts_payload.tot;bwd_subflow_pkts;fwd_subflow_pkts;fwd_iat.avg;bwd_pkts_payload.min;fwd_URG_flag_count;bwd_pkts_payload.tot;flow_pkts_payload.tot;bwd_PSH_flag_count;bwd_subflow_bytes;flow_SYN_flag_count;bwd_pkts_per_sec;fwd_init_window_size;flow_FIN_flag_count;flow_pkts_per_sec;flow_pkts_payload.min;fwd_pkts_payload.min;fwd_bulk_bytes;bwd_header_size_max;active.min;active.tot;fwd_pkts_per_sec;bwd_data_pkts_tot;flow_ACK_flag_count;bwd_header_size_tot;bwd_pkts_tot;fwd_pkts_tot;active.avg;fwd_header_size_max;fwd_last_window_size,,,,,,,,,,
all_candidate_feature_sets.xlsx,Sheet1,176,candidate_feature_sets,,,hikari,reliefF,filter,q75,hikari__reliefF__q75__k60,60,bwd_URG_flag_count;flow_ECE_flag_count;fwd_subflow_bytes;flow_iat.min;fwd_iat.min;flow_CWR_flag_count;bwd_bulk_rate;fwd_PSH_flag_count;fwd_data_pkts_tot;flow_iat.avg;fwd_pkts_payload.tot;bwd_subflow_pkts;fwd_subflow_pkts;fwd_iat.avg;bwd_pkts_payload.min;fwd_URG_flag_count;bwd_pkts_payload.tot;flow_pkts_payload.tot;bwd_PSH_flag_count;bwd_subflow_bytes;flow_SYN_flag_count;bwd_pkts_per_sec;fwd_init_window_size;flow_FIN_flag_count;flow_pkts_per_sec;flow_pkts_payload.min;fwd_pkts_payload.min;fwd_bulk_bytes;bwd_header_size_max;active.min;active.tot;fwd_pkts_per_sec;bwd_data_pkts_tot;flow_ACK_flag_count;bwd_header_size_tot;bwd_pkts_tot;fwd_pkts_tot;active.avg;fwd_header_size_max;fwd_last_window_size;fwd_bulk_rate;bwd_iat.min;fwd_header_size_tot;fwd_header_size_min;bwd_header_size_min;active.max;bwd_iat.tot;active.std;idle.max;bwd_bulk_bytes;fwd_iat.max;flow_iat.max;bwd_iat.max;idle.tot;payload_bytes_per_second;bwd_init_window_size;fwd_iat.tot;flow_iat.tot;flow_duration;idle.min,,,,,,,,,,
all_candidate_feature_sets.xlsx,Sheet1,177,candidate_feature_sets,,,hikari,rf,embedded,elbow,hikari__rf__elbow__k20,20,fwd_subflow_pkts;fwd_subflow_bytes;fwd_pkts_tot;fwd_pkts_payload.tot;fwd_data_pkts_tot;fwd_iat.std;active.max;fwd_iat.max;bwd_init_window_size;active.tot;fwd_iat.avg;fwd_iat.tot;flow_RST_flag_count;active.avg;flow_iat.max;flow_duration;flow_iat.tot;bwd_pkts_tot;bwd_header_size_tot;bwd_iat.min,,,,,,,,,,
all_candidate_feature_sets.xlsx,Sheet1,178,candidate_feature_sets,,,hikari,rf,embedded,q25,hikari__rf__q25__k20,20,fwd_subflow_pkts;fwd_subflow_bytes;fwd_pkts_tot;fwd_pkts_payload.tot;fwd_data_pkts_tot;fwd_iat.std;active.max;fwd_iat.max;bwd_init_window_size;active.tot;fwd_iat.avg;fwd_iat.tot;flow_RST_flag_count;active.avg;flow_iat.max;flow_duration;flow_iat.tot;bwd_pkts_tot;bwd_header_size_tot;bwd_iat.min,,,,,,,,,,
all_candidate_feature_sets.xlsx,Sheet1,179,candidate_feature_sets,,,hikari,rf,embedded,q50,hikari__rf__q50__k40,40,fwd_subflow_pkts;fwd_subflow_bytes;fwd_pkts_tot;fwd_pkts_payload.tot;fwd_data_pkts_tot;fwd_iat.std;active.max;fwd_iat.max;bwd_init_window_size;active.tot;fwd_iat.avg;fwd_iat.tot;flow_RST_flag_count;active.avg;flow_iat.max;flow_duration;flow_iat.tot;bwd_pkts_tot;bwd_header_size_tot;bwd_iat.min;flow_iat.std;bwd_pkts_payload.tot;flow_iat.avg;flow_pkts_per_sec;flow_pkts_payload.avg;flow_pkts_payload.tot;fwd_pkts_per_sec;bwd_iat.tot;fwd_iat.min;bwd_subflow_bytes;bwd_iat.max;bwd_iat.std;bwd_iat.avg;fwd_pkts_payload.std;active.min;payload_bytes_per_second;bwd_pkts_payload.max;fwd_pkts_payload.max;bwd_pkts_per_sec;flow_ACK_flag_count,,,,,,,,,,
all_candidate_feature_sets.xlsx,Sheet1,180,candidate_feature_sets,,,hikari,rf,embedded,q75,hikari__rf__q75__k60,60,fwd_subflow_pkts;fwd_subflow_bytes;fwd_pkts_tot;fwd_pkts_payload.tot;fwd_data_pkts_tot;fwd_iat.std;active.max;fwd_iat.max;bwd_init_window_size;active.tot;fwd_iat.avg;fwd_iat.tot;flow_RST_flag_count;active.avg;flow_iat.max;flow_duration;flow_iat.tot;bwd_pkts_tot;bwd_header_size_tot;bwd_iat.min;flow_iat.std;bwd_pkts_payload.tot;flow_iat.avg;flow_pkts_per_sec;flow_pkts_payload.avg;flow_pkts_payload.tot;fwd_pkts_per_sec;bwd_iat.tot;fwd_iat.min;bwd_subflow_bytes;bwd_iat.max;bwd_iat.std;bwd_iat.avg;fwd_pkts_payload.std;active.min;payload_bytes_per_second;bwd_pkts_payload.max;fwd_pkts_payload.max;bwd_pkts_per_sec;flow_ACK_flag_count;bwd_bulk_rate;bwd_PSH_flag_count;fwd_last_window_size;flow_pkts_payload.std;flow_iat.min;fwd_pkts_payload.avg;bwd_header_size_min;bwd_data_pkts_tot;idle.tot;bwd_pkts_payload.avg;down_up_ratio;fwd_header_size_tot;flow_FIN_flag_count;flow_pkts_payload.max;idle.max;fwd_header_size_min;bwd_header_size_max;bwd_pkts_payload.std;fwd_PSH_flag_count;idle.avg,,,,,,,,,,
all_candidate_feature_sets.xlsx,Sheet1,181,candidate_feature_sets,,,hikari,rfe,wrapper,elbow,hikari__rfe__elbow__k39,39,fwd_last_window_size;fwd_bulk_rate;active.tot;flow_pkts_payload.max;flow_iat.min;flow_iat.std;bwd_iat.std;payload_bytes_per_second;fwd_subflow_pkts;fwd_subflow_bytes;bwd_subflow_pkts;bwd_subflow_bytes;fwd_bulk_bytes;bwd_bulk_bytes;bwd_bulk_packets;fwd_pkts_tot;down_up_ratio;fwd_header_size_min;bwd_header_size_tot;fwd_data_pkts_tot;bwd_data_pkts_tot;fwd_pkts_per_sec;flow_pkts_per_sec;bwd_pkts_tot;bwd_PSH_flag_count;fwd_PSH_flag_count;fwd_pkts_payload.max;fwd_iat.avg;fwd_iat.max;bwd_iat.min;bwd_iat.tot;bwd_pkts_payload.tot;flow_pkts_payload.tot;flow_pkts_payload.avg;flow_pkts_payload.std;fwd_pkts_payload.tot;fwd_pkts_payload.std;bwd_pkts_payload.min;bwd_pkts_payload.max,,,,,,,,,,
all_candidate_feature_sets.xlsx,Sheet1,182,candidate_feature_sets,,,hikari,rfe,wrapper,q25,hikari__rfe__q25__k20,20,fwd_last_window_size;fwd_bulk_rate;active.tot;flow_pkts_payload.max;flow_iat.min;flow_iat.std;bwd_iat.std;payload_bytes_per_second;fwd_subflow_pkts;fwd_subflow_bytes;bwd_subflow_pkts;bwd_subflow_bytes;fwd_bulk_bytes;bwd_bulk_bytes;bwd_bulk_packets;fwd_pkts_tot;down_up_ratio;fwd_header_size_min;bwd_header_size_tot;fwd_data_pkts_tot,,,,,,,,,,
all_candidate_feature_sets.xlsx,Sheet1,183,candidate_feature_sets,,,hikari,rfe,wrapper,q50,hikari__rfe__q50__k40,40,fwd_last_window_size;fwd_bulk_rate;active.tot;flow_pkts_payload.max;flow_iat.min;flow_iat.std;bwd_iat.std;payload_bytes_per_second;fwd_subflow_pkts;fwd_subflow_bytes;bwd_subflow_pkts;bwd_subflow_bytes;fwd_bulk_bytes;bwd_bulk_bytes;bwd_bulk_packets;fwd_pkts_tot;down_up_ratio;fwd_header_size_min;bwd_header_size_tot;fwd_data_pkts_tot;bwd_data_pkts_tot;fwd_pkts_per_sec;flow_pkts_per_sec;bwd_pkts_tot;bwd_PSH_flag_count;fwd_PSH_flag_count;fwd_pkts_payload.max;fwd_iat.avg;fwd_iat.max;bwd_iat.min;bwd_iat.tot;bwd_pkts_payload.tot;flow_pkts_payload.tot;flow_pkts_payload.avg;flow_pkts_payload.std;fwd_pkts_payload.tot;fwd_pkts_payload.std;bwd_pkts_payload.min;bwd_pkts_payload.max;flow_FIN_flag_count,,,,,,,,,,
all_candidate_feature_sets.xlsx,Sheet1,184,candidate_feature_sets,,,hikari,rfe,wrapper,q75,hikari__rfe__q75__k60,60,fwd_last_window_size;fwd_bulk_rate;active.tot;flow_pkts_payload.max;flow_iat.min;flow_iat.std;bwd_iat.std;payload_bytes_per_second;fwd_subflow_pkts;fwd_subflow_bytes;bwd_subflow_pkts;bwd_subflow_bytes;fwd_bulk_bytes;bwd_bulk_bytes;bwd_bulk_packets;fwd_pkts_tot;down_up_ratio;fwd_header_size_min;bwd_header_size_tot;fwd_data_pkts_tot;bwd_data_pkts_tot;fwd_pkts_per_sec;flow_pkts_per_sec;bwd_pkts_tot;bwd_PSH_flag_count;fwd_PSH_flag_count;fwd_pkts_payload.max;fwd_iat.avg;fwd_iat.max;bwd_iat.min;bwd_iat.tot;bwd_pkts_payload.tot;flow_pkts_payload.tot;flow_pkts_payload.avg;flow_pkts_payload.std;fwd_pkts_payload.tot;fwd_pkts_payload.std;bwd_pkts_payload.min;bwd_pkts_payload.max;flow_FIN_flag_count;bwd_header_size_min;flow_SYN_flag_count;fwd_init_window_size;active.max;bwd_iat.avg;bwd_pkts_per_sec;active.std;active.min;idle.tot;flow_iat.avg;bwd_iat.max;idle.max;idle.avg;idle.std;idle.min;flow_ACK_flag_count;bwd_pkts_payload.avg;bwd_init_window_size;fwd_iat.tot;fwd_pkts_payload.avg,,,,,,,,,,
all_candidate_feature_sets.xlsx,Sheet1,185,candidate_feature_sets,,,hikari,rfecv,wrapper,elbow,hikari__rfecv__elbow__k7,7,bwd_pkts_tot;bwd_header_size_tot;bwd_pkts_payload.max;flow_pkts_payload.max;bwd_pkts_payload.min;bwd_iat.min;fwd_bulk_bytes,,,,,,,,,,
all_candidate_feature_sets.xlsx,Sheet1,186,candidate_feature_sets,,,hikari,rfecv,wrapper,q25,hikari__rfecv__q25__k20,20,bwd_pkts_tot;bwd_header_size_tot;bwd_pkts_payload.max;flow_pkts_payload.max;bwd_pkts_payload.min;bwd_iat.min;fwd_bulk_bytes;fwd_pkts_per_sec;fwd_data_pkts_tot;fwd_PSH_flag_count;bwd_PSH_flag_count;down_up_ratio;fwd_header_size_min;flow_pkts_per_sec;fwd_pkts_tot;bwd_data_pkts_tot;bwd_iat.tot;active.tot;fwd_iat.avg;flow_iat.min,,,,,,,,,,
all_candidate_feature_sets.xlsx,Sheet1,187,candidate_feature_sets,,,hikari,rfecv,wrapper,q50,hikari__rfecv__q50__k40,40,bwd_pkts_tot;bwd_header_size_tot;bwd_pkts_payload.max;flow_pkts_payload.max;bwd_pkts_payload.min;bwd_iat.min;fwd_bulk_bytes;fwd_pkts_per_sec;fwd_data_pkts_tot;fwd_PSH_flag_count;bwd_PSH_flag_count;down_up_ratio;fwd_header_size_min;flow_pkts_per_sec;fwd_pkts_tot;bwd_data_pkts_tot;bwd_iat.tot;active.tot;fwd_iat.avg;flow_iat.min;bwd_iat.std;flow_iat.std;fwd_iat.max;fwd_pkts_payload.max;fwd_pkts_payload.std;payload_bytes_per_second;flow_pkts_payload.tot;bwd_subflow_bytes;bwd_pkts_payload.tot;bwd_subflow_pkts;fwd_subflow_pkts;fwd_pkts_payload.tot;flow_pkts_payload.std;flow_pkts_payload.avg;fwd_last_window_size;fwd_bulk_rate;fwd_subflow_bytes;bwd_bulk_packets;bwd_bulk_bytes;flow_FIN_flag_count,,,,,,,,,,
all_candidate_feature_sets.xlsx,Sheet1,188,candidate_feature_sets,,,hikari,rfecv,wrapper,q75,hikari__rfecv__q75__k60,60,bwd_pkts_tot;bwd_header_size_tot;bwd_pkts_payload.max;flow_pkts_payload.max;bwd_pkts_payload.min;bwd_iat.min;fwd_bulk_bytes;fwd_pkts_per_sec;fwd_data_pkts_tot;fwd_PSH_flag_count;bwd_PSH_flag_count;down_up_ratio;fwd_header_size_min;flow_pkts_per_sec;fwd_pkts_tot;bwd_data_pkts_tot;bwd_iat.tot;active.tot;fwd_iat.avg;flow_iat.min;bwd_iat.std;flow_iat.std;fwd_iat.max;fwd_pkts_payload.max;fwd_pkts_payload.std;payload_bytes_per_second;flow_pkts_payload.tot;bwd_subflow_bytes;bwd_pkts_payload.tot;bwd_subflow_pkts;fwd_subflow_pkts;fwd_pkts_payload.tot;flow_pkts_payload.std;flow_pkts_payload.avg;fwd_last_window_size;fwd_bulk_rate;fwd_subflow_bytes;bwd_bulk_packets;bwd_bulk_bytes;flow_FIN_flag_count;bwd_header_size_min;flow_SYN_flag_count;fwd_init_window_size;active.max;bwd_iat.avg;bwd_pkts_per_sec;active.std;active.min;idle.tot;flow_iat.avg;bwd_iat.max;idle.max;idle.avg;idle.std;idle.min;flow_ACK_flag_count;bwd_pkts_payload.avg;bwd_init_window_size;fwd_iat.tot;fwd_pkts_payload.avg,,,,,,,,,,
all_candidate_feature_sets.xlsx,Sheet1,189,candidate_feature_sets,,,hikari,xgboost,embedded,elbow,hikari__xgboost__elbow__k8,8,fwd_data_pkts_tot;fwd_subflow_bytes;fwd_subflow_pkts;flow_RST_flag_count;bwd_init_window_size;flow_FIN_flag_count;bwd_header_size_min;fwd_header_size_min,,,,,,,,,,
all_candidate_feature_sets.xlsx,Sheet1,190,candidate_feature_sets,,,hikari,xgboost,embedded,q25,hikari__xgboost__q25__k20,20,fwd_data_pkts_tot;fwd_subflow_bytes;fwd_subflow_pkts;flow_RST_flag_count;bwd_init_window_size;flow_FIN_flag_count;bwd_header_size_min;fwd_header_size_min;fwd_last_window_size;idle.tot;bwd_pkts_tot;flow_duration;flow_pkts_payload.tot;fwd_pkts_payload.max;bwd_header_size_tot;flow_iat.min;fwd_iat.tot;down_up_ratio;fwd_pkts_payload.tot;flow_iat.avg,,,,,,,,,,
all_candidate_feature_sets.xlsx,Sheet1,191,candidate_feature_sets,,,hikari,xgboost,embedded,q50,hikari__xgboost__q50__k40,40,fwd_data_pkts_tot;fwd_subflow_bytes;fwd_subflow_pkts;flow_RST_flag_count;bwd_init_window_size;flow_FIN_flag_count;bwd_header_size_min;fwd_header_size_min;fwd_last_window_size;idle.tot;bwd_pkts_tot;flow_duration;flow_pkts_payload.tot;fwd_pkts_payload.max;bwd_header_size_tot;flow_iat.min;fwd_iat.tot;down_up_ratio;fwd_pkts_payload.tot;flow_iat.avg;bwd_iat.min;fwd_bulk_bytes;flow_iat.tot;fwd_bulk_rate;idle.std;flow_iat.std;bwd_iat.tot;bwd_pkts_payload.avg;bwd_iat.std;flow_pkts_per_sec;fwd_PSH_flag_count;bwd_pkts_payload.tot;fwd_iat.avg;bwd_iat.avg;active.max;fwd_pkts_payload.std;fwd_iat.min;payload_bytes_per_second;bwd_subflow_pkts;fwd_iat.max,,,,,,,,,,
all_candidate_feature_sets.xlsx,Sheet1,192,candidate_feature_sets,,,hikari,xgboost,embedded,q75,hikari__xgboost__q75__k60,60,fwd_data_pkts_tot;fwd_subflow_bytes;fwd_subflow_pkts;flow_RST_flag_count;bwd_init_window_size;flow_FIN_flag_count;bwd_header_size_min;fwd_header_size_min;fwd_last_window_size;idle.tot;bwd_pkts_tot;flow_duration;flow_pkts_payload.tot;fwd_pkts_payload.max;bwd_header_size_tot;flow_iat.min;fwd_iat.tot;down_up_ratio;fwd_pkts_payload.tot;flow_iat.avg;bwd_iat.min;fwd_bulk_bytes;flow_iat.tot;fwd_bulk_rate;idle.std;flow_iat.std;bwd_iat.tot;bwd_pkts_payload.avg;bwd_iat.std;flow_pkts_per_sec;fwd_PSH_flag_count;bwd_pkts_payload.tot;fwd_iat.avg;bwd_iat.avg;active.max;fwd_pkts_payload.std;fwd_iat.min;payload_bytes_per_second;bwd_subflow_pkts;fwd_iat.max;fwd_pkts_per_sec;bwd_pkts_per_sec;flow_pkts_payload.max;fwd_pkts_payload.avg;flow_pkts_payload.avg;active.std;flow_iat.max;bwd_pkts_payload.max;bwd_PSH_flag_count;bwd_iat.max;fwd_iat.std;active.min;bwd_bulk_bytes;fwd_header_size_tot;bwd_bulk_rate;active.avg;active.tot;flow_pkts_payload.std;bwd_pkts_payload.std;fwd_pkts_payload.min,,,,,,,,,,
all_candidate_feature_sets.xlsx,Sheet1,193,candidate_feature_sets,,,ciciot,boruta,wrapper,elbow,ciciot__boruta__elbow__k20,20,Number;HTTPS;IAT;ack_flag_number;Rate;AVG;Tot size;Header_Length;ack_count;Variance;Std;Time_To_Live;Max;Tot sum;Min;psh_flag_number;TCP;syn_count;syn_flag_number;Protocol Type,,,,,,,,,,
all_candidate_feature_sets.xlsx,Sheet1,194,candidate_feature_sets,,,ciciot,boruta,wrapper,q25,ciciot__boruta__q25__k10,10,Number;HTTPS;IAT;ack_flag_number;Rate;AVG;Tot size;Header_Length;ack_count;Variance,,,,,,,,,,
all_candidate_feature_sets.xlsx,Sheet1,195,candidate_feature_sets,,,ciciot,boruta,wrapper,q50,ciciot__boruta__q50__k20,20,Number;HTTPS;IAT;ack_flag_number;Rate;AVG;Tot size;Header_Length;ack_count;Variance;Std;Time_To_Live;Max;Tot sum;Min;psh_flag_number;TCP;syn_count;syn_flag_number;Protocol Type,,,,,,,,,,
all_candidate_feature_sets.xlsx,Sheet1,196,candidate_feature_sets,,,ciciot,boruta,wrapper,q75,ciciot__boruta__q75__k30,30,Number;HTTPS;IAT;ack_flag_number;Rate;AVG;Tot size;Header_Length;ack_count;Variance;Std;Time_To_Live;Max;Tot sum;Min;psh_flag_number;TCP;syn_count;syn_flag_number;Protocol Type;UDP;ARP;LLC;ICMP;HTTP;rst_count;DNS;IPv;rst_flag_number;fin_count,,,,,,,,,,
all_candidate_feature_sets.xlsx,Sheet1,197,candidate_feature_sets,,,ciciot,chi2,filter,elbow,ciciot__chi2__elbow__k4,4,HTTPS;ack_flag_number;Std;Number,,,,,,,,,,
all_candidate_feature_sets.xlsx,Sheet1,198,candidate_feature_sets,,,ciciot,chi2,filter,q25,ciciot__chi2__q25__k10,10,HTTPS;ack_flag_number;Std;Number;Max;Tot size;AVG;Variance;DNS;Header_Length,,,,,,,,,,
all_candidate_feature_sets.xlsx,Sheet1,199,candidate_feature_sets,,,ciciot,chi2,filter,q50,ciciot__chi2__q50__k20,20,HTTPS;ack_flag_number;Std;Number;Max;Tot size;AVG;Variance;DNS;Header_Length;syn_count;syn_flag_number;ARP;ICMP;Time_To_Live;rst_count;TCP;rst_flag_number;fin_count;fin_flag_number,,,,,,,,,,
all_candidate_feature_sets.xlsx,Sheet1,200,candidate_feature_sets,,,ciciot,chi2,filter,q75,ciciot__chi2__q75__k30,30,HTTPS;ack_flag_number;Std;Number;Max;Tot size;AVG;Variance;DNS;Header_Length;syn_count;syn_flag_number;ARP;ICMP;Time_To_Live;rst_count;TCP;rst_flag_number;fin_count;fin_flag_number;SSH;psh_flag_number;IGMP;IAT;Min;DHCP;Rate;UDP;Protocol Type;Tot sum,,,,,,,,,,
all_candidate_feature_sets.xlsx,Sheet1,201,candidate_feature_sets,,,ciciot,chi2_boruta,hybrid,elbow,ciciot__chi2_boruta__elbow__k21,21,Number;HTTPS;ack_flag_number;AVG;Tot size;Header_Length;Std;Variance;Time_To_Live;Max;TCP;syn_count;syn_flag_number;ICMP;ARP;DNS;rst_count;rst_flag_number;fin_count;fin_flag_number;Protocol Type,,,,,,,,,,
all_candidate_feature_sets.xlsx,Sheet1,202,candidate_feature_sets,,,ciciot,chi2_boruta,hybrid,q25,ciciot__chi2_boruta__q25__k10,10,Number;HTTPS;ack_flag_number;AVG;Tot size;Header_Length;Std;Variance;Time_To_Live;Max,,,,,,,,,,
all_candidate_feature_sets.xlsx,Sheet1,203,candidate_feature_sets,,,ciciot,chi2_boruta,hybrid,q50,ciciot__chi2_boruta__q50__k20,20,Number;HTTPS;ack_flag_number;AVG;Tot size;Header_Length;Std;Variance;Time_To_Live;Max;TCP;syn_count;syn_flag_number;ICMP;ARP;DNS;rst_count;rst_flag_number;fin_count;fin_flag_number,,,,,,,,,,
all_candidate_feature_sets.xlsx,Sheet1,204,candidate_feature_sets,,,ciciot,chi2_boruta,hybrid,q75,ciciot__chi2_boruta__q75__k30,30,Number;HTTPS;ack_flag_number;AVG;Tot size;Header_Length;Std;Variance;Time_To_Live;Max;TCP;syn_count;syn_flag_number;ICMP;ARP;DNS;rst_count;rst_flag_number;fin_count;fin_flag_number;Protocol Type;Rate;psh_flag_number;ece_flag_number;cwr_flag_number;ack_count;HTTP;Telnet;SMTP;SSH,,,,,,,,,,
all_candidate_feature_sets.xlsx,Sheet1,205,candidate_feature_sets,,,ciciot,chi2_xgboost,hybrid,elbow,ciciot__chi2_xgboost__elbow__k3,3,Number;HTTPS;Header_Length,,,,,,,,,,
all_candidate_feature_sets.xlsx,Sheet1,206,candidate_feature_sets,,,ciciot,chi2_xgboost,hybrid,q25,ciciot__chi2_xgboost__q25__k10,10,Number;HTTPS;Header_Length;Max;syn_count;rst_count;DNS;Tot size;ack_flag_number;fin_count,,,,,,,,,,
all_candidate_feature_sets.xlsx,Sheet1,207,candidate_feature_sets,,,ciciot,chi2_xgboost,hybrid,q50,ciciot__chi2_xgboost__q50__k20,20,Number;HTTPS;Header_Length;Max;syn_count;rst_count;DNS;Tot size;ack_flag_number;fin_count;rst_flag_number;ARP;Time_To_Live;syn_flag_number;AVG;Variance;TCP;Std;ICMP;fin_flag_number,,,,,,,,,,
all_candidate_feature_sets.xlsx,Sheet1,208,candidate_feature_sets,,,ciciot,chi2_xgboost,hybrid,q75,ciciot__chi2_xgboost__q75__k30,30,Number;HTTPS;Header_Length;Max;syn_count;rst_count;DNS;Tot size;ack_flag_number;fin_count;rst_flag_number;ARP;Time_To_Live;syn_flag_number;AVG;Variance;TCP;Std;ICMP;fin_flag_number;Protocol Type;Rate;psh_flag_number;ece_flag_number;cwr_flag_number;ack_count;HTTP;Telnet;SMTP;SSH,,,,,,,,,,
all_candidate_feature_sets.xlsx,Sheet1,209,candidate_feature_sets,,,ciciot,elasticnet_c0.1,embedded,elbow,ciciot__elasticnet_c0.1__elbow__k7,7,Number;rst_flag_number;syn_flag_number;ack_flag_number;HTTPS;syn_count;ack_count,,,,,,,,,,
all_candidate_feature_sets.xlsx,Sheet1,210,candidate_feature_sets,,,ciciot,elasticnet_c0.1,embedded,q25,ciciot__elasticnet_c0.1__q25__k10,10,Number;rst_flag_number;syn_flag_number;ack_flag_number;HTTPS;syn_count;ack_count;Tot sum;Rate;fin_count,,,,,,,,,,
all_candidate_feature_sets.xlsx,Sheet1,211,candidate_feature_sets,,,ciciot,elasticnet_c0.1,embedded,q50,ciciot__elasticnet_c0.1__q50__k20,20,Number;rst_flag_number;syn_flag_number;ack_flag_number;HTTPS;syn_count;ack_count;Tot sum;Rate;fin_count;Header_Length;TCP;rst_count;psh_flag_number;Time_To_Live;UDP;Variance;Max;Protocol Type;cwr_flag_number,,,,,,,,,,
all_candidate_feature_sets.xlsx,Sheet1,212,candidate_feature_sets,,,ciciot,elasticnet_c0.1,embedded,q75,ciciot__elasticnet_c0.1__q75__k30,30,Number;rst_flag_number;syn_flag_number;ack_flag_number;HTTPS;syn_count;ack_count;Tot sum;Rate;fin_count;Header_Length;TCP;rst_count;psh_flag_number;Time_To_Live;UDP;Variance;Max;Protocol Type;cwr_flag_number;Std;ICMP;IRC;fin_flag_number;DNS;ece_flag_number;Tot size;AVG;SMTP;HTTP,,,,,,,,,,
all_candidate_feature_sets.xlsx,Sheet1,213,candidate_feature_sets,,,ciciot,elasticnet_c1.0,embedded,elbow,ciciot__elasticnet_c1.0__elbow__k7,7,Number;rst_flag_number;syn_flag_number;ack_flag_number;HTTPS;syn_count;ack_count,,,,,,,,,,
all_candidate_feature_sets.xlsx,Sheet1,214,candidate_feature_sets,,,ciciot,elasticnet_c1.0,embedded,q25,ciciot__elasticnet_c1.0__q25__k10,10,Number;rst_flag_number;syn_flag_number;ack_flag_number;HTTPS;syn_count;ack_count;Tot sum;fin_count;Rate,,,,,,,,,,
all_candidate_feature_sets.xlsx,Sheet1,215,candidate_feature_sets,,,ciciot,elasticnet_c1.0,embedded,q50,ciciot__elasticnet_c1.0__q50__k20,20,Number;rst_flag_number;syn_flag_number;ack_flag_number;HTTPS;syn_count;ack_count;Tot sum;fin_count;Rate;Header_Length;TCP;rst_count;psh_flag_number;UDP;Time_To_Live;Variance;Max;cwr_flag_number;Protocol Type,,,,,,,,,,
all_candidate_feature_sets.xlsx,Sheet1,216,candidate_feature_sets,,,ciciot,elasticnet_c1.0,embedded,q75,ciciot__elasticnet_c1.0__q75__k30,30,Number;rst_flag_number;syn_flag_number;ack_flag_number;HTTPS;syn_count;ack_count;Tot sum;fin_count;Rate;Header_Length;TCP;rst_count;psh_flag_number;UDP;Time_To_Live;Variance;Max;cwr_flag_number;Protocol Type;Std;ICMP;fin_flag_number;IRC;DNS;ece_flag_number;Tot size;AVG;SMTP;HTTP,,,,,,,,,,
all_candidate_feature_sets.xlsx,Sheet1,217,candidate_feature_sets,,,ciciot,fisher,filter,elbow,ciciot__fisher__elbow__k6,6,Number;Time_To_Live;Std;HTTPS;Max;Tot size,,,,,,,,,,
all_candidate_feature_sets.xlsx,Sheet1,218,candidate_feature_sets,,,ciciot,fisher,filter,q25,ciciot__fisher__q25__k10,10,Number;Time_To_Live;Std;HTTPS;Max;Tot size;AVG;ack_flag_number;Variance;Header_Length,,,,,,,,,,
all_candidate_feature_sets.xlsx,Sheet1,219,candidate_feature_sets,,,ciciot,fisher,filter,q50,ciciot__fisher__q50__k20,20,Number;Time_To_Live;Std;HTTPS;Max;Tot size;AVG;ack_flag_number;Variance;Header_Length;DNS;IPv;ARP;LLC;Rate;IAT;Min;syn_count;syn_flag_number;TCP,,,,,,,,,,
all_candidate_feature_sets.xlsx,Sheet1,220,candidate_feature_sets,,,ciciot,fisher,filter,q75,ciciot__fisher__q75__k30,30,Number;Time_To_Live;Std;HTTPS;Max;Tot size;AVG;ack_flag_number;Variance;Header_Length;DNS;IPv;ARP;LLC;Rate;IAT;Min;syn_count;syn_flag_number;TCP;SSH;ICMP;rst_count;rst_flag_number;fin_count;DHCP;IGMP;Tot sum;fin_flag_number;psh_flag_number,,,,,,,,,,
all_candidate_feature_sets.xlsx,Sheet1,221,candidate_feature_sets,,,ciciot,fisher_lightgbm,hybrid,elbow,ciciot__fisher_lightgbm__elbow__k15,15,Time_To_Live;Max;Tot size;Header_Length;IAT;Rate;HTTPS;Variance;Std;Min;DNS;syn_count;ack_flag_number;TCP;Number,,,,,,,,,,
all_candidate_feature_sets.xlsx,Sheet1,222,candidate_feature_sets,,,ciciot,fisher_lightgbm,hybrid,q25,ciciot__fisher_lightgbm__q25__k10,10,Time_To_Live;Max;Tot size;Header_Length;IAT;Rate;HTTPS;Variance;Std;Min,,,,,,,,,,
all_candidate_feature_sets.xlsx,Sheet1,223,candidate_feature_sets,,,ciciot,fisher_lightgbm,hybrid,q50,ciciot__fisher_lightgbm__q50__k20,20,Time_To_Live;Max;Tot size;Header_Length;IAT;Rate;HTTPS;Variance;Std;Min;DNS;syn_count;ack_flag_number;TCP;Number;IPv;ARP;syn_flag_number;LLC;AVG,,,,,,,,,,
all_candidate_feature_sets.xlsx,Sheet1,224,candidate_feature_sets,,,ciciot,fisher_lightgbm,hybrid,q75,ciciot__fisher_lightgbm__q75__k30,30,Time_To_Live;Max;Tot size;Header_Length;IAT;Rate;HTTPS;Variance;Std;Min;DNS;syn_count;ack_flag_number;TCP;Number;IPv;ARP;syn_flag_number;LLC;AVG;Protocol Type;fin_flag_number;rst_flag_number;psh_flag_number;ece_flag_number;cwr_flag_number;ack_count;fin_count;rst_count;HTTP,,,,,,,,,,
all_candidate_feature_sets.xlsx,Sheet1,225,candidate_feature_sets,,,ciciot,ga,metaheuristic,elbow,ciciot__ga__elbow__k7,7,rst_flag_number;ack_count;ack_flag_number;HTTP;syn_flag_number;Protocol Type;Tot size,,,,,,,,,,
all_candidate_feature_sets.xlsx,Sheet1,226,candidate_feature_sets,,,ciciot,ga,metaheuristic,q25,ciciot__ga__q25__k10,10,rst_flag_number;ack_count;ack_flag_number;HTTP;syn_flag_number;Protocol Type;Tot size;IAT;psh_flag_number;Std,,,,,,,,,,
all_candidate_feature_sets.xlsx,Sheet1,227,candidate_feature_sets,,,ciciot,ga,metaheuristic,q50,ciciot__ga__q50__k20,20,rst_flag_number;ack_count;ack_flag_number;HTTP;syn_flag_number;Protocol Type;Tot size;IAT;psh_flag_number;Std;Min;Header_Length;AVG;HTTPS;Variance;fin_flag_number;TCP;UDP;syn_count;Time_To_Live,,,,,,,,,,
all_candidate_feature_sets.xlsx,Sheet1,228,candidate_feature_sets,,,ciciot,ga,metaheuristic,q75,ciciot__ga__q75__k30,30,rst_flag_number;ack_count;ack_flag_number;HTTP;syn_flag_number;Protocol Type;Tot size;IAT;psh_flag_number;Std;Min;Header_Length;AVG;HTTPS;Variance;fin_flag_number;TCP;UDP;syn_count;Time_To_Live;Rate;Max;LLC;Tot sum;ARP;IPv;DNS;Number;ICMP;fin_count,,,,,,,,,,
all_candidate_feature_sets.xlsx,Sheet1,229,candidate_feature_sets,,,ciciot,lasso_c0.01,embedded,elbow,ciciot__lasso_c0.01__elbow__k4,4,Number;HTTPS;ack_flag_number;Rate,,,,,,,,,,
all_candidate_feature_sets.xlsx,Sheet1,230,candidate_feature_sets,,,ciciot,lasso_c0.01,embedded,q25,ciciot__lasso_c0.01__q25__k10,10,Number;HTTPS;ack_flag_number;Rate;syn_flag_number;ack_count;rst_flag_number;Time_To_Live;Std;Tot sum,,,,,,,,,,
all_candidate_feature_sets.xlsx,Sheet1,231,candidate_feature_sets,,,ciciot,lasso_c0.01,embedded,q50,ciciot__lasso_c0.01__q50__k20,20,Number;HTTPS;ack_flag_number;Rate;syn_flag_number;ack_count;rst_flag_number;Time_To_Live;Std;Tot sum;Max;DNS;Variance;IRC;UDP;cwr_flag_number;SSH;IPv;ARP;LLC,,,,,,,,,,
all_candidate_feature_sets.xlsx,Sheet1,232,candidate_feature_sets,,,ciciot,lasso_c0.01,embedded,q75,ciciot__lasso_c0.01__q75__k30,30,Number;HTTPS;ack_flag_number;Rate;syn_flag_number;ack_count;rst_flag_number;Time_To_Live;Std;Tot sum;Max;DNS;Variance;IRC;UDP;cwr_flag_number;SSH;IPv;ARP;LLC;Min;Telnet;SMTP;AVG;Tot size;IAT;DHCP;TCP;IGMP;ICMP,,,,,,,,,,
all_candidate_feature_sets.xlsx,Sheet1,233,candidate_feature_sets,,,ciciot,lasso_c0.1,embedded,elbow,ciciot__lasso_c0.1__elbow__k7,7,Number;rst_flag_number;syn_flag_number;ack_flag_number;HTTPS;syn_count;ack_count,,,,,,,,,,
all_candidate_feature_sets.xlsx,Sheet1,234,candidate_feature_sets,,,ciciot,lasso_c0.1,embedded,q25,ciciot__lasso_c0.1__q25__k10,10,Number;rst_flag_number;syn_flag_number;ack_flag_number;HTTPS;syn_count;ack_count;fin_count;Tot sum;Rate,,,,,,,,,,
all_candidate_feature_sets.xlsx,Sheet1,235,candidate_feature_sets,,,ciciot,lasso_c0.1,embedded,q50,ciciot__lasso_c0.1__q50__k20,20,Number;rst_flag_number;syn_flag_number;ack_flag_number;HTTPS;syn_count;ack_count;fin_count;Tot sum;Rate;rst_count;TCP;Header_Length;psh_flag_number;Time_To_Live;Variance;UDP;Max;Protocol Type;cwr_flag_number,,,,,,,,,,
all_candidate_feature_sets.xlsx,Sheet1,236,candidate_feature_sets,,,ciciot,lasso_c0.1,embedded,q75,ciciot__lasso_c0.1__q75__k30,30,Number;rst_flag_number;syn_flag_number;ack_flag_number;HTTPS;syn_count;ack_count;fin_count;Tot sum;Rate;rst_count;TCP;Header_Length;psh_flag_number;Time_To_Live;Variance;UDP;Max;Protocol Type;cwr_flag_number;Std;DNS;IRC;ICMP;ece_flag_number;Tot size;AVG;SMTP;HTTP;SSH,,,,,,,,,,
all_candidate_feature_sets.xlsx,Sheet1,237,candidate_feature_sets,,,ciciot,lasso_c1.0,embedded,elbow,ciciot__lasso_c1.0__elbow__k7,7,Number;rst_flag_number;syn_flag_number;ack_flag_number;HTTPS;syn_count;ack_count,,,,,,,,,,
all_candidate_feature_sets.xlsx,Sheet1,238,candidate_feature_sets,,,ciciot,lasso_c1.0,embedded,q25,ciciot__lasso_c1.0__q25__k10,10,Number;rst_flag_number;syn_flag_number;ack_flag_number;HTTPS;syn_count;ack_count;Tot sum;fin_count;Rate,,,,,,,,,,
all_candidate_feature_sets.xlsx,Sheet1,239,candidate_feature_sets,,,ciciot,lasso_c1.0,embedded,q50,ciciot__lasso_c1.0__q50__k20,20,Number;rst_flag_number;syn_flag_number;ack_flag_number;HTTPS;syn_count;ack_count;Tot sum;fin_count;Rate;Header_Length;TCP;rst_count;psh_flag_number;UDP;Time_To_Live;Variance;Max;Protocol Type;cwr_flag_number,,,,,,,,,,
all_candidate_feature_sets.xlsx,Sheet1,240,candidate_feature_sets,,,ciciot,lasso_c1.0,embedded,q75,ciciot__lasso_c1.0__q75__k30,30,Number;rst_flag_number;syn_flag_number;ack_flag_number;HTTPS;syn_count;ack_count;Tot sum;fin_count;Rate;Header_Length;TCP;rst_count;psh_flag_number;UDP;Time_To_Live;Variance;Max;Protocol Type;cwr_flag_number;Std;ICMP;fin_flag_number;IRC;DNS;ece_flag_number;Tot size;AVG;SMTP;HTTP,,,,,,,,,,
all_candidate_feature_sets.xlsx,Sheet1,241,candidate_feature_sets,,,ciciot,lightgbm,embedded,elbow,ciciot__lightgbm__elbow__k13,13,Time_To_Live;Max;Rate;IAT;Header_Length;Tot sum;AVG;HTTPS;psh_flag_number;Variance;Min;Std;DNS,,,,,,,,,,
all_candidate_feature_sets.xlsx,Sheet1,242,candidate_feature_sets,,,ciciot,lightgbm,embedded,q25,ciciot__lightgbm__q25__k10,10,Time_To_Live;Max;Rate;IAT;Header_Length;Tot sum;AVG;HTTPS;psh_flag_number;Variance,,,,,,,,,,
all_candidate_feature_sets.xlsx,Sheet1,243,candidate_feature_sets,,,ciciot,lightgbm,embedded,q50,ciciot__lightgbm__q50__k20,20,Time_To_Live;Max;Rate;IAT;Header_Length;Tot sum;AVG;HTTPS;psh_flag_number;Variance;Min;Std;DNS;UDP;HTTP;syn_flag_number;ICMP;ack_flag_number;fin_flag_number;Number,,,,,,,,,,
all_candidate_feature_sets.xlsx,Sheet1,244,candidate_feature_sets,,,ciciot,lightgbm,embedded,q75,ciciot__lightgbm__q75__k30,30,Time_To_Live;Max;Rate;IAT;Header_Length;Tot sum;AVG;HTTPS;psh_flag_number;Variance;Min;Std;DNS;UDP;HTTP;syn_flag_number;ICMP;ack_flag_number;fin_flag_number;Number;TCP;ARP;SSH;DHCP;rst_flag_number;IPv;syn_count;ack_count;IGMP;fin_count,,,,,,,,,,
all_candidate_feature_sets.xlsx,Sheet1,245,candidate_feature_sets,,,ciciot,mi_ga,hybrid,elbow,ciciot__mi_ga__elbow__k7,7,UDP;syn_flag_number;Tot sum;Header_Length;IAT;psh_flag_number;ack_flag_number,,,,,,,,,,
all_candidate_feature_sets.xlsx,Sheet1,246,candidate_feature_sets,,,ciciot,mi_ga,hybrid,q25,ciciot__mi_ga__q25__k10,10,UDP;syn_flag_number;Tot sum;Header_Length;IAT;psh_flag_number;ack_flag_number;ack_count;HTTPS;Rate,,,,,,,,,,
all_candidate_feature_sets.xlsx,Sheet1,247,candidate_feature_sets,,,ciciot,mi_ga,hybrid,q50,ciciot__mi_ga__q50__k20,20,UDP;syn_flag_number;Tot sum;Header_Length;IAT;psh_flag_number;ack_flag_number;ack_count;HTTPS;Rate;Min;Std;Tot size;syn_count;AVG;TCP;Time_To_Live;Max;Number;Variance,,,,,,,,,,
all_candidate_feature_sets.xlsx,Sheet1,248,candidate_feature_sets,,,ciciot,mi_ga,hybrid,q75,ciciot__mi_ga__q75__k30,30,UDP;syn_flag_number;Tot sum;Header_Length;IAT;psh_flag_number;ack_flag_number;ack_count;HTTPS;Rate;Min;Std;Tot size;syn_count;AVG;TCP;Time_To_Live;Max;Number;Variance;Protocol Type;fin_flag_number;rst_flag_number;ece_flag_number;cwr_flag_number;fin_count;rst_count;HTTP;DNS;Telnet,,,,,,,,,,
all_candidate_feature_sets.xlsx,Sheet1,249,candidate_feature_sets,,,ciciot,mi_rfe,hybrid,elbow,ciciot__mi_rfe__elbow__k20,20,syn_count;syn_flag_number;Variance;TCP;Tot sum;Header_Length;Max;Number;HTTPS;ack_flag_number;Std;psh_flag_number;Rate;IAT;ack_count;UDP;Min;Time_To_Live;Tot size;AVG,,,,,,,,,,
all_candidate_feature_sets.xlsx,Sheet1,250,candidate_feature_sets,,,ciciot,mi_rfe,hybrid,q25,ciciot__mi_rfe__q25__k10,10,syn_count;syn_flag_number;Variance;TCP;Tot sum;Header_Length;Max;Number;HTTPS;ack_flag_number,,,,,,,,,,
all_candidate_feature_sets.xlsx,Sheet1,251,candidate_feature_sets,,,ciciot,mi_rfe,hybrid,q50,ciciot__mi_rfe__q50__k20,20,syn_count;syn_flag_number;Variance;TCP;Tot sum;Header_Length;Max;Number;HTTPS;ack_flag_number;Std;psh_flag_number;Rate;IAT;ack_count;UDP;Min;Time_To_Live;Tot size;AVG,,,,,,,,,,
all_candidate_feature_sets.xlsx,Sheet1,252,candidate_feature_sets,,,ciciot,mi_rfe,hybrid,q75,ciciot__mi_rfe__q75__k30,30,syn_count;syn_flag_number;Variance;TCP;Tot sum;Header_Length;Max;Number;HTTPS;ack_flag_number;Std;psh_flag_number;Rate;IAT;ack_count;UDP;Min;Time_To_Live;Tot size;AVG;Protocol Type;fin_flag_number;rst_flag_number;ece_flag_number;cwr_flag_number;fin_count;rst_count;HTTP;DNS;Telnet,,,,,,,,,,
all_candidate_feature_sets.xlsx,Sheet1,253,candidate_feature_sets,,,ciciot,mrmr,filter,elbow,ciciot__mrmr__elbow__k5,5,Number;ack_count;Tot sum;IAT;Telnet,,,,,,,,,,
all_candidate_feature_sets.xlsx,Sheet1,254,candidate_feature_sets,,,ciciot,mrmr,filter,q25,ciciot__mrmr__q25__k10,10,Number;ack_count;Tot sum;IAT;Telnet;UDP;cwr_flag_number;IGMP;Rate;HTTP,,,,,,,,,,
all_candidate_feature_sets.xlsx,Sheet1,255,candidate_feature_sets,,,ciciot,mrmr,filter,q50,ciciot__mrmr__q50__k20,20,Number;ack_count;Tot sum;IAT;Telnet;UDP;cwr_flag_number;IGMP;Rate;HTTP;Variance;SMTP;DHCP;HTTPS;SSH;Min;fin_flag_number;Time_To_Live;psh_flag_number;IRC,,,,,,,,,,
all_candidate_feature_sets.xlsx,Sheet1,256,candidate_feature_sets,,,ciciot,mrmr,filter,q75,ciciot__mrmr__q75__k30,30,Number;ack_count;Tot sum;IAT;Telnet;UDP;cwr_flag_number;IGMP;Rate;HTTP;Variance;SMTP;DHCP;HTTPS;SSH;Min;fin_flag_number;Time_To_Live;psh_flag_number;IRC;IPv;syn_flag_number;ece_flag_number;DNS;ICMP;AVG;Header_Length;LLC;fin_count;Tot size,,,,,,,,,,
all_candidate_feature_sets.xlsx,Sheet1,257,candidate_feature_sets,,,ciciot,mutual_info,filter,elbow,ciciot__mutual_info__elbow__k20,20,Number;Header_Length;Tot sum;ack_count;AVG;HTTPS;Tot size;ack_flag_number;Time_To_Live;IAT;Rate;Std;Max;Variance;psh_flag_number;TCP;UDP;Min;syn_flag_number;syn_count,,,,,,,,,,
all_candidate_feature_sets.xlsx,Sheet1,258,candidate_feature_sets,,,ciciot,mutual_info,filter,q25,ciciot__mutual_info__q25__k10,10,Number;Header_Length;Tot sum;ack_count;AVG;HTTPS;Tot size;ack_flag_number;Time_To_Live;IAT,,,,,,,,,,
all_candidate_feature_sets.xlsx,Sheet1,259,candidate_feature_sets,,,ciciot,mutual_info,filter,q50,ciciot__mutual_info__q50__k20,20,Number;Header_Length;Tot sum;ack_count;AVG;HTTPS;Tot size;ack_flag_number;Time_To_Live;IAT;Rate;Std;Max;Variance;psh_flag_number;TCP;UDP;Min;syn_flag_number;syn_count,,,,,,,,,,
all_candidate_feature_sets.xlsx,Sheet1,260,candidate_feature_sets,,,ciciot,mutual_info,filter,q75,ciciot__mutual_info__q75__k30,30,Number;Header_Length;Tot sum;ack_count;AVG;HTTPS;Tot size;ack_flag_number;Time_To_Live;IAT;Rate;Std;Max;Variance;psh_flag_number;TCP;UDP;Min;syn_flag_number;syn_count;IPv;LLC;ICMP;ARP;fin_flag_number;DNS;Protocol Type;fin_count;rst_flag_number;HTTP,,,,,,,,,,
all_candidate_feature_sets.xlsx,Sheet1,261,candidate_feature_sets,,,ciciot,pearson,filter,elbow,ciciot__pearson__elbow__k17,17,Number;Time_To_Live;Std;HTTPS;Max;Tot size;AVG;ack_flag_number;Variance;Header_Length;DNS;IPv;ARP;LLC;Rate;IAT;Min,,,,,,,,,,
all_candidate_feature_sets.xlsx,Sheet1,262,candidate_feature_sets,,,ciciot,pearson,filter,q25,ciciot__pearson__q25__k10,10,Number;Time_To_Live;Std;HTTPS;Max;Tot size;AVG;ack_flag_number;Variance;Header_Length,,,,,,,,,,
all_candidate_feature_sets.xlsx,Sheet1,263,candidate_feature_sets,,,ciciot,pearson,filter,q50,ciciot__pearson__q50__k20,20,Number;Time_To_Live;Std;HTTPS;Max;Tot size;AVG;ack_flag_number;Variance;Header_Length;DNS;IPv;ARP;LLC;Rate;IAT;Min;syn_count;syn_flag_number;TCP,,,,,,,,,,
all_candidate_feature_sets.xlsx,Sheet1,264,candidate_feature_sets,,,ciciot,pearson,filter,q75,ciciot__pearson__q75__k30,30,Number;Time_To_Live;Std;HTTPS;Max;Tot size;AVG;ack_flag_number;Variance;Header_Length;DNS;IPv;ARP;LLC;Rate;IAT;Min;syn_count;syn_flag_number;TCP;SSH;ICMP;rst_count;rst_flag_number;fin_count;DHCP;IGMP;Tot sum;fin_flag_number;psh_flag_number,,,,,,,,,,
all_candidate_feature_sets.xlsx,Sheet1,265,candidate_feature_sets,,,ciciot,pso,metaheuristic,elbow,ciciot__pso__elbow__k15,15,ICMP;DNS;Protocol Type;Time_To_Live;IAT;IPv;ack_count;fin_flag_number;rst_flag_number;HTTP;fin_count;AVG;syn_flag_number;psh_flag_number;ack_flag_number,,,,,,,,,,
all_candidate_feature_sets.xlsx,Sheet1,266,candidate_feature_sets,,,ciciot,pso,metaheuristic,q25,ciciot__pso__q25__k10,10,ICMP;DNS;Protocol Type;Time_To_Live;IAT;IPv;ack_count;fin_flag_number;rst_flag_number;HTTP,,,,,,,,,,
all_candidate_feature_sets.xlsx,Sheet1,267,candidate_feature_sets,,,ciciot,pso,metaheuristic,q50,ciciot__pso__q50__k20,20,ICMP;DNS;Protocol Type;Time_To_Live;IAT;IPv;ack_count;fin_flag_number;rst_flag_number;HTTP;fin_count;AVG;syn_flag_number;psh_flag_number;ack_flag_number;HTTPS;Min;TCP;Tot size;Variance,,,,,,,,,,
all_candidate_feature_sets.xlsx,Sheet1,268,candidate_feature_sets,,,ciciot,pso,metaheuristic,q75,ciciot__pso__q75__k30,30,ICMP;DNS;Protocol Type;Time_To_Live;IAT;IPv;ack_count;fin_flag_number;rst_flag_number;HTTP;fin_count;AVG;syn_flag_number;psh_flag_number;ack_flag_number;HTTPS;Min;TCP;Tot size;Variance;Header_Length;Max;Std;ARP;syn_count;UDP;Number;Rate;LLC;Tot sum,,,,,,,,,,
all_candidate_feature_sets.xlsx,Sheet1,269,candidate_feature_sets,,,ciciot,reliefF,filter,elbow,ciciot__reliefF__elbow__k35,35,IAT;cwr_flag_number;SSH;Number;fin_flag_number;fin_count;ece_flag_number;Protocol Type;DHCP;IGMP;IRC;SMTP;ICMP;Telnet;syn_count;TCP;syn_flag_number;HTTP;UDP;psh_flag_number;Variance;HTTPS;rst_count;rst_flag_number;Tot sum;ack_count;Tot size;AVG;Header_Length;Min;LLC;IPv;ARP;DNS;ack_flag_number,,,,,,,,,,
all_candidate_feature_sets.xlsx,Sheet1,270,candidate_feature_sets,,,ciciot,reliefF,filter,q25,ciciot__reliefF__q25__k10,10,IAT;cwr_flag_number;SSH;Number;fin_flag_number;fin_count;ece_flag_number;Protocol Type;DHCP;IGMP,,,,,,,,,,
all_candidate_feature_sets.xlsx,Sheet1,271,candidate_feature_sets,,,ciciot,reliefF,filter,q50,ciciot__reliefF__q50__k20,20,IAT;cwr_flag_number;SSH;Number;fin_flag_number;fin_count;ece_flag_number;Protocol Type;DHCP;IGMP;IRC;SMTP;ICMP;Telnet;syn_count;TCP;syn_flag_number;HTTP;UDP;psh_flag_number,,,,,,,,,,
all_candidate_feature_sets.xlsx,Sheet1,272,candidate_feature_sets,,,ciciot,reliefF,filter,q75,ciciot__reliefF__q75__k30,30,IAT;cwr_flag_number;SSH;Number;fin_flag_number;fin_count;ece_flag_number;Protocol Type;DHCP;IGMP;IRC;SMTP;ICMP;Telnet;syn_count;TCP;syn_flag_number;HTTP;UDP;psh_flag_number;Variance;HTTPS;rst_count;rst_flag_number;Tot sum;ack_count;Tot size;AVG;Header_Length;Min,,,,,,,,,,
all_candidate_feature_sets.xlsx,Sheet1,273,candidate_feature_sets,,,ciciot,rf,embedded,elbow,ciciot__rf__elbow__k15,15,Number;HTTPS;ack_flag_number;Tot size;IAT;AVG;Header_Length;Rate;ack_count;Max;Std;Variance;Tot sum;Time_To_Live;Min,,,,,,,,,,
all_candidate_feature_sets.xlsx,Sheet1,274,candidate_feature_sets,,,ciciot,rf,embedded,q25,ciciot__rf__q25__k10,10,Number;HTTPS;ack_flag_number;Tot size;IAT;AVG;Header_Length;Rate;ack_count;Max,,,,,,,,,,
all_candidate_feature_sets.xlsx,Sheet1,275,candidate_feature_sets,,,ciciot,rf,embedded,q50,ciciot__rf__q50__k20,20,Number;HTTPS;ack_flag_number;Tot size;IAT;AVG;Header_Length;Rate;ack_count;Max;Std;Variance;Tot sum;Time_To_Live;Min;TCP;psh_flag_number;syn_count;syn_flag_number;HTTP,,,,,,,,,,
all_candidate_feature_sets.xlsx,Sheet1,276,candidate_feature_sets,,,ciciot,rf,embedded,q75,ciciot__rf__q75__k30,30,Number;HTTPS;ack_flag_number;Tot size;IAT;AVG;Header_Length;Rate;ack_count;Max;Std;Variance;Tot sum;Time_To_Live;Min;TCP;psh_flag_number;syn_count;syn_flag_number;HTTP;UDP;rst_count;ICMP;DNS;IPv;rst_flag_number;Protocol Type;LLC;ARP;fin_count,,,,,,,,,,
all_candidate_feature_sets.xlsx,Sheet1,277,candidate_feature_sets,,,ciciot,rfe,wrapper,elbow,ciciot__rfe__elbow__k19,19,Variance;Number;Std;Max;TCP;ICMP;Tot sum;psh_flag_number;rst_flag_number;syn_flag_number;UDP;HTTPS;fin_count;Protocol Type;Rate;syn_count;HTTP;rst_count;fin_flag_number,,,,,,,,,,
all_candidate_feature_sets.xlsx,Sheet1,278,candidate_feature_sets,,,ciciot,rfe,wrapper,q25,ciciot__rfe__q25__k10,10,Variance;Number;Std;Max;TCP;ICMP;Tot sum;psh_flag_number;rst_flag_number;syn_flag_number,,,,,,,,,,
all_candidate_feature_sets.xlsx,Sheet1,279,candidate_feature_sets,,,ciciot,rfe,wrapper,q50,ciciot__rfe__q50__k20,20,Variance;Number;Std;Max;TCP;ICMP;Tot sum;psh_flag_number;rst_flag_number;syn_flag_number;UDP;HTTPS;fin_count;Protocol Type;Rate;syn_count;HTTP;rst_count;fin_flag_number;Tot size,,,,,,,,,,
all_candidate_feature_sets.xlsx,Sheet1,280,candidate_feature_sets,,,ciciot,rfe,wrapper,q75,ciciot__rfe__q75__k30,30,Variance;Number;Std;Max;TCP;ICMP;Tot sum;psh_flag_number;rst_flag_number;syn_flag_number;UDP;HTTPS;fin_count;Protocol Type;Rate;syn_count;HTTP;rst_count;fin_flag_number;Tot size;ack_count;ack_flag_number;Header_Length;IRC;AVG;cwr_flag_number;ece_flag_number;DNS;Min;SMTP,,,,,,,,,,
all_candidate_feature_sets.xlsx,Sheet1,281,candidate_feature_sets,,,ciciot,rfecv,wrapper,elbow,ciciot__rfecv__elbow__k34,34,Variance;Number;IAT;Tot size;Std;AVG;Max;Min;Tot sum;LLC;IPv;ICMP;IRC;TCP;UDP;HTTPS;DNS;SMTP;ack_count;syn_count;fin_count;rst_count;HTTP;psh_flag_number;rst_flag_number;syn_flag_number;fin_flag_number;Rate;cwr_flag_number;ece_flag_number;ack_flag_number;Protocol Type;Time_To_Live;Header_Length,,,,,,,,,,
all_candidate_feature_sets.xlsx,Sheet1,282,candidate_feature_sets,,,ciciot,rfecv,wrapper,q25,ciciot__rfecv__q25__k10,10,Variance;Number;IAT;Tot size;Std;AVG;Max;Min;Tot sum;LLC,,,,,,,,,,
all_candidate_feature_sets.xlsx,Sheet1,283,candidate_feature_sets,,,ciciot,rfecv,wrapper,q50,ciciot__rfecv__q50__k20,20,Variance;Number;IAT;Tot size;Std;AVG;Max;Min;Tot sum;LLC;IPv;ICMP;IRC;TCP;UDP;HTTPS;DNS;SMTP;ack_count;syn_count,,,,,,,,,,
all_candidate_feature_sets.xlsx,Sheet1,284,candidate_feature_sets,,,ciciot,rfecv,wrapper,q75,ciciot__rfecv__q75__k30,30,Variance;Number;IAT;Tot size;Std;AVG;Max;Min;Tot sum;LLC;IPv;ICMP;IRC;TCP;UDP;HTTPS;DNS;SMTP;ack_count;syn_count;fin_count;rst_count;HTTP;psh_flag_number;rst_flag_number;syn_flag_number;fin_flag_number;Rate;cwr_flag_number;ece_flag_number,,,,,,,,,,
all_candidate_feature_sets.xlsx,Sheet1,285,candidate_feature_sets,,,ciciot,xgboost,embedded,elbow,ciciot__xgboost__elbow__k3,3,Number;HTTPS;Max,,,,,,,,,,
all_candidate_feature_sets.xlsx,Sheet1,286,candidate_feature_sets,,,ciciot,xgboost,embedded,q25,ciciot__xgboost__q25__k10,10,Number;HTTPS;Max;IAT;syn_flag_number;rst_flag_number;Min;syn_count;Header_Length;Tot size,,,,,,,,,,
all_candidate_feature_sets.xlsx,Sheet1,287,candidate_feature_sets,,,ciciot,xgboost,embedded,q50,ciciot__xgboost__q50__k20,20,Number;HTTPS;Max;IAT;syn_flag_number;rst_flag_number;Min;syn_count;Header_Length;Tot size;fin_count;AVG;fin_flag_number;Time_To_Live;ack_flag_number;psh_flag_number;rst_count;ack_count;Std;Rate,,,,,,,,,,
all_candidate_feature_sets.xlsx,Sheet1,288,candidate_feature_sets,,,ciciot,xgboost,embedded,q75,ciciot__xgboost__q75__k30,30,Number;HTTPS;Max;IAT;syn_flag_number;rst_flag_number;Min;syn_count;Header_Length;Tot size;fin_count;AVG;fin_flag_number;Time_To_Live;ack_flag_number;psh_flag_number;rst_count;ack_count;Std;Rate;TCP;HTTP;IPv;Tot sum;Variance;DNS;LLC;UDP;ICMP;ARP,,,,,,,,,,
ciciot_balanced.csv,,1,champion_zone_feature_list,ciciot,balanced,,,,,,,,Variance,,,,,,,,,
ciciot_balanced.csv,,2,champion_zone_feature_list,ciciot,balanced,,,,,,,,Number,,,,,,,,,
ciciot_balanced.csv,,3,champion_zone_feature_list,ciciot,balanced,,,,,,,,Std,,,,,,,,,
ciciot_balanced.csv,,4,champion_zone_feature_list,ciciot,balanced,,,,,,,,Max,,,,,,,,,
ciciot_balanced.csv,,5,champion_zone_feature_list,ciciot,balanced,,,,,,,,TCP,,,,,,,,,
ciciot_balanced.csv,,6,champion_zone_feature_list,ciciot,balanced,,,,,,,,ICMP,,,,,,,,,
ciciot_balanced.csv,,7,champion_zone_feature_list,ciciot,balanced,,,,,,,,Tot sum,,,,,,,,,
ciciot_balanced.csv,,8,champion_zone_feature_list,ciciot,balanced,,,,,,,,psh_flag_number,,,,,,,,,
ciciot_balanced.csv,,9,champion_zone_feature_list,ciciot,balanced,,,,,,,,rst_flag_number,,,,,,,,,
ciciot_balanced.csv,,10,champion_zone_feature_list,ciciot,balanced,,,,,,,,syn_flag_number,,,,,,,,,
ciciot_balanced.csv,,11,champion_zone_feature_list,ciciot,balanced,,,,,,,,UDP,,,,,,,,,
ciciot_balanced.csv,,12,champion_zone_feature_list,ciciot,balanced,,,,,,,,HTTPS,,,,,,,,,
ciciot_balanced.csv,,13,champion_zone_feature_list,ciciot,balanced,,,,,,,,fin_count,,,,,,,,,
ciciot_balanced.csv,,14,champion_zone_feature_list,ciciot,balanced,,,,,,,,Protocol Type,,,,,,,,,
ciciot_balanced.csv,,15,champion_zone_feature_list,ciciot,balanced,,,,,,,,Rate,,,,,,,,,
ciciot_balanced.csv,,16,champion_zone_feature_list,ciciot,balanced,,,,,,,,syn_count,,,,,,,,,
ciciot_balanced.csv,,17,champion_zone_feature_list,ciciot,balanced,,,,,,,,HTTP,,,,,,,,,
ciciot_balanced.csv,,18,champion_zone_feature_list,ciciot,balanced,,,,,,,,rst_count,,,,,,,,,
ciciot_balanced.csv,,19,champion_zone_feature_list,ciciot,balanced,,,,,,,,fin_flag_number,,,,,,,,,
ciciot_candidate_feature_sets.csv,,1,candidate_feature_sets,ciciot,,ciciot,boruta,wrapper,elbow,ciciot__boruta__elbow__k20,20,Number;HTTPS;IAT;ack_flag_number;Rate;AVG;Tot size;Header_Length;ack_count;Variance;Std;Time_To_Live;Max;Tot sum;Min;psh_flag_number;TCP;syn_count;syn_flag_number;Protocol Type,,,,,,,,,,
ciciot_candidate_feature_sets.csv,,2,candidate_feature_sets,ciciot,,ciciot,boruta,wrapper,q25,ciciot__boruta__q25__k10,10,Number;HTTPS;IAT;ack_flag_number;Rate;AVG;Tot size;Header_Length;ack_count;Variance,,,,,,,,,,
ciciot_candidate_feature_sets.csv,,3,candidate_feature_sets,ciciot,,ciciot,boruta,wrapper,q50,ciciot__boruta__q50__k20,20,Number;HTTPS;IAT;ack_flag_number;Rate;AVG;Tot size;Header_Length;ack_count;Variance;Std;Time_To_Live;Max;Tot sum;Min;psh_flag_number;TCP;syn_count;syn_flag_number;Protocol Type,,,,,,,,,,
ciciot_candidate_feature_sets.csv,,4,candidate_feature_sets,ciciot,,ciciot,boruta,wrapper,q75,ciciot__boruta__q75__k30,30,Number;HTTPS;IAT;ack_flag_number;Rate;AVG;Tot size;Header_Length;ack_count;Variance;Std;Time_To_Live;Max;Tot sum;Min;psh_flag_number;TCP;syn_count;syn_flag_number;Protocol Type;UDP;ARP;LLC;ICMP;HTTP;rst_count;DNS;IPv;rst_flag_number;fin_count,,,,,,,,,,
ciciot_candidate_feature_sets.csv,,5,candidate_feature_sets,ciciot,,ciciot,chi2,filter,elbow,ciciot__chi2__elbow__k4,4,HTTPS;ack_flag_number;Std;Number,,,,,,,,,,
ciciot_candidate_feature_sets.csv,,6,candidate_feature_sets,ciciot,,ciciot,chi2,filter,q25,ciciot__chi2__q25__k10,10,HTTPS;ack_flag_number;Std;Number;Max;Tot size;AVG;Variance;DNS;Header_Length,,,,,,,,,,
ciciot_candidate_feature_sets.csv,,7,candidate_feature_sets,ciciot,,ciciot,chi2,filter,q50,ciciot__chi2__q50__k20,20,HTTPS;ack_flag_number;Std;Number;Max;Tot size;AVG;Variance;DNS;Header_Length;syn_count;syn_flag_number;ARP;ICMP;Time_To_Live;rst_count;TCP;rst_flag_number;fin_count;fin_flag_number,,,,,,,,,,
ciciot_candidate_feature_sets.csv,,8,candidate_feature_sets,ciciot,,ciciot,chi2,filter,q75,ciciot__chi2__q75__k30,30,HTTPS;ack_flag_number;Std;Number;Max;Tot size;AVG;Variance;DNS;Header_Length;syn_count;syn_flag_number;ARP;ICMP;Time_To_Live;rst_count;TCP;rst_flag_number;fin_count;fin_flag_number;SSH;psh_flag_number;IGMP;IAT;Min;DHCP;Rate;UDP;Protocol Type;Tot sum,,,,,,,,,,
ciciot_candidate_feature_sets.csv,,9,candidate_feature_sets,ciciot,,ciciot,chi2_boruta,hybrid,elbow,ciciot__chi2_boruta__elbow__k21,21,Number;HTTPS;ack_flag_number;AVG;Tot size;Header_Length;Std;Variance;Time_To_Live;Max;TCP;syn_count;syn_flag_number;ICMP;ARP;DNS;rst_count;rst_flag_number;fin_count;fin_flag_number;Protocol Type,,,,,,,,,,
ciciot_candidate_feature_sets.csv,,10,candidate_feature_sets,ciciot,,ciciot,chi2_boruta,hybrid,q25,ciciot__chi2_boruta__q25__k10,10,Number;HTTPS;ack_flag_number;AVG;Tot size;Header_Length;Std;Variance;Time_To_Live;Max,,,,,,,,,,
ciciot_candidate_feature_sets.csv,,11,candidate_feature_sets,ciciot,,ciciot,chi2_boruta,hybrid,q50,ciciot__chi2_boruta__q50__k20,20,Number;HTTPS;ack_flag_number;AVG;Tot size;Header_Length;Std;Variance;Time_To_Live;Max;TCP;syn_count;syn_flag_number;ICMP;ARP;DNS;rst_count;rst_flag_number;fin_count;fin_flag_number,,,,,,,,,,
ciciot_candidate_feature_sets.csv,,12,candidate_feature_sets,ciciot,,ciciot,chi2_boruta,hybrid,q75,ciciot__chi2_boruta__q75__k30,30,Number;HTTPS;ack_flag_number;AVG;Tot size;Header_Length;Std;Variance;Time_To_Live;Max;TCP;syn_count;syn_flag_number;ICMP;ARP;DNS;rst_count;rst_flag_number;fin_count;fin_flag_number;Protocol Type;Rate;psh_flag_number;ece_flag_number;cwr_flag_number;ack_count;HTTP;Telnet;SMTP;SSH,,,,,,,,,,
ciciot_candidate_feature_sets.csv,,13,candidate_feature_sets,ciciot,,ciciot,chi2_xgboost,hybrid,elbow,ciciot__chi2_xgboost__elbow__k3,3,Number;HTTPS;Header_Length,,,,,,,,,,
ciciot_candidate_feature_sets.csv,,14,candidate_feature_sets,ciciot,,ciciot,chi2_xgboost,hybrid,q25,ciciot__chi2_xgboost__q25__k10,10,Number;HTTPS;Header_Length;Max;syn_count;rst_count;DNS;Tot size;ack_flag_number;fin_count,,,,,,,,,,
ciciot_candidate_feature_sets.csv,,15,candidate_feature_sets,ciciot,,ciciot,chi2_xgboost,hybrid,q50,ciciot__chi2_xgboost__q50__k20,20,Number;HTTPS;Header_Length;Max;syn_count;rst_count;DNS;Tot size;ack_flag_number;fin_count;rst_flag_number;ARP;Time_To_Live;syn_flag_number;AVG;Variance;TCP;Std;ICMP;fin_flag_number,,,,,,,,,,
ciciot_candidate_feature_sets.csv,,16,candidate_feature_sets,ciciot,,ciciot,chi2_xgboost,hybrid,q75,ciciot__chi2_xgboost__q75__k30,30,Number;HTTPS;Header_Length;Max;syn_count;rst_count;DNS;Tot size;ack_flag_number;fin_count;rst_flag_number;ARP;Time_To_Live;syn_flag_number;AVG;Variance;TCP;Std;ICMP;fin_flag_number;Protocol Type;Rate;psh_flag_number;ece_flag_number;cwr_flag_number;ack_count;HTTP;Telnet;SMTP;SSH,,,,,,,,,,
ciciot_candidate_feature_sets.csv,,17,candidate_feature_sets,ciciot,,ciciot,elasticnet_c0.1,embedded,elbow,ciciot__elasticnet_c0.1__elbow__k7,7,Number;rst_flag_number;syn_flag_number;ack_flag_number;HTTPS;syn_count;ack_count,,,,,,,,,,
ciciot_candidate_feature_sets.csv,,18,candidate_feature_sets,ciciot,,ciciot,elasticnet_c0.1,embedded,q25,ciciot__elasticnet_c0.1__q25__k10,10,Number;rst_flag_number;syn_flag_number;ack_flag_number;HTTPS;syn_count;ack_count;Tot sum;Rate;fin_count,,,,,,,,,,
ciciot_candidate_feature_sets.csv,,19,candidate_feature_sets,ciciot,,ciciot,elasticnet_c0.1,embedded,q50,ciciot__elasticnet_c0.1__q50__k20,20,Number;rst_flag_number;syn_flag_number;ack_flag_number;HTTPS;syn_count;ack_count;Tot sum;Rate;fin_count;Header_Length;TCP;rst_count;psh_flag_number;Time_To_Live;UDP;Variance;Max;Protocol Type;cwr_flag_number,,,,,,,,,,
ciciot_candidate_feature_sets.csv,,20,candidate_feature_sets,ciciot,,ciciot,elasticnet_c0.1,embedded,q75,ciciot__elasticnet_c0.1__q75__k30,30,Number;rst_flag_number;syn_flag_number;ack_flag_number;HTTPS;syn_count;ack_count;Tot sum;Rate;fin_count;Header_Length;TCP;rst_count;psh_flag_number;Time_To_Live;UDP;Variance;Max;Protocol Type;cwr_flag_number;Std;ICMP;IRC;fin_flag_number;DNS;ece_flag_number;Tot size;AVG;SMTP;HTTP,,,,,,,,,,
ciciot_candidate_feature_sets.csv,,21,candidate_feature_sets,ciciot,,ciciot,elasticnet_c1.0,embedded,elbow,ciciot__elasticnet_c1.0__elbow__k7,7,Number;rst_flag_number;syn_flag_number;ack_flag_number;HTTPS;syn_count;ack_count,,,,,,,,,,
ciciot_candidate_feature_sets.csv,,22,candidate_feature_sets,ciciot,,ciciot,elasticnet_c1.0,embedded,q25,ciciot__elasticnet_c1.0__q25__k10,10,Number;rst_flag_number;syn_flag_number;ack_flag_number;HTTPS;syn_count;ack_count;Tot sum;fin_count;Rate,,,,,,,,,,
ciciot_candidate_feature_sets.csv,,23,candidate_feature_sets,ciciot,,ciciot,elasticnet_c1.0,embedded,q50,ciciot__elasticnet_c1.0__q50__k20,20,Number;rst_flag_number;syn_flag_number;ack_flag_number;HTTPS;syn_count;ack_count;Tot sum;fin_count;Rate;Header_Length;TCP;rst_count;psh_flag_number;UDP;Time_To_Live;Variance;Max;cwr_flag_number;Protocol Type,,,,,,,,,,
ciciot_candidate_feature_sets.csv,,24,candidate_feature_sets,ciciot,,ciciot,elasticnet_c1.0,embedded,q75,ciciot__elasticnet_c1.0__q75__k30,30,Number;rst_flag_number;syn_flag_number;ack_flag_number;HTTPS;syn_count;ack_count;Tot sum;fin_count;Rate;Header_Length;TCP;rst_count;psh_flag_number;UDP;Time_To_Live;Variance;Max;cwr_flag_number;Protocol Type;Std;ICMP;fin_flag_number;IRC;DNS;ece_flag_number;Tot size;AVG;SMTP;HTTP,,,,,,,,,,
ciciot_candidate_feature_sets.csv,,25,candidate_feature_sets,ciciot,,ciciot,fisher,filter,elbow,ciciot__fisher__elbow__k6,6,Number;Time_To_Live;Std;HTTPS;Max;Tot size,,,,,,,,,,
ciciot_candidate_feature_sets.csv,,26,candidate_feature_sets,ciciot,,ciciot,fisher,filter,q25,ciciot__fisher__q25__k10,10,Number;Time_To_Live;Std;HTTPS;Max;Tot size;AVG;ack_flag_number;Variance;Header_Length,,,,,,,,,,
ciciot_candidate_feature_sets.csv,,27,candidate_feature_sets,ciciot,,ciciot,fisher,filter,q50,ciciot__fisher__q50__k20,20,Number;Time_To_Live;Std;HTTPS;Max;Tot size;AVG;ack_flag_number;Variance;Header_Length;DNS;IPv;ARP;LLC;Rate;IAT;Min;syn_count;syn_flag_number;TCP,,,,,,,,,,
ciciot_candidate_feature_sets.csv,,28,candidate_feature_sets,ciciot,,ciciot,fisher,filter,q75,ciciot__fisher__q75__k30,30,Number;Time_To_Live;Std;HTTPS;Max;Tot size;AVG;ack_flag_number;Variance;Header_Length;DNS;IPv;ARP;LLC;Rate;IAT;Min;syn_count;syn_flag_number;TCP;SSH;ICMP;rst_count;rst_flag_number;fin_count;DHCP;IGMP;Tot sum;fin_flag_number;psh_flag_number,,,,,,,,,,
ciciot_candidate_feature_sets.csv,,29,candidate_feature_sets,ciciot,,ciciot,fisher_lightgbm,hybrid,elbow,ciciot__fisher_lightgbm__elbow__k15,15,Time_To_Live;Max;Tot size;Header_Length;IAT;Rate;HTTPS;Variance;Std;Min;DNS;syn_count;ack_flag_number;TCP;Number,,,,,,,,,,
ciciot_candidate_feature_sets.csv,,30,candidate_feature_sets,ciciot,,ciciot,fisher_lightgbm,hybrid,q25,ciciot__fisher_lightgbm__q25__k10,10,Time_To_Live;Max;Tot size;Header_Length;IAT;Rate;HTTPS;Variance;Std;Min,,,,,,,,,,
ciciot_candidate_feature_sets.csv,,31,candidate_feature_sets,ciciot,,ciciot,fisher_lightgbm,hybrid,q50,ciciot__fisher_lightgbm__q50__k20,20,Time_To_Live;Max;Tot size;Header_Length;IAT;Rate;HTTPS;Variance;Std;Min;DNS;syn_count;ack_flag_number;TCP;Number;IPv;ARP;syn_flag_number;LLC;AVG,,,,,,,,,,
ciciot_candidate_feature_sets.csv,,32,candidate_feature_sets,ciciot,,ciciot,fisher_lightgbm,hybrid,q75,ciciot__fisher_lightgbm__q75__k30,30,Time_To_Live;Max;Tot size;Header_Length;IAT;Rate;HTTPS;Variance;Std;Min;DNS;syn_count;ack_flag_number;TCP;Number;IPv;ARP;syn_flag_number;LLC;AVG;Protocol Type;fin_flag_number;rst_flag_number;psh_flag_number;ece_flag_number;cwr_flag_number;ack_count;fin_count;rst_count;HTTP,,,,,,,,,,
ciciot_candidate_feature_sets.csv,,33,candidate_feature_sets,ciciot,,ciciot,ga,metaheuristic,elbow,ciciot__ga__elbow__k7,7,rst_flag_number;ack_count;ack_flag_number;HTTP;syn_flag_number;Protocol Type;Tot size,,,,,,,,,,
ciciot_candidate_feature_sets.csv,,34,candidate_feature_sets,ciciot,,ciciot,ga,metaheuristic,q25,ciciot__ga__q25__k10,10,rst_flag_number;ack_count;ack_flag_number;HTTP;syn_flag_number;Protocol Type;Tot size;IAT;psh_flag_number;Std,,,,,,,,,,
ciciot_candidate_feature_sets.csv,,35,candidate_feature_sets,ciciot,,ciciot,ga,metaheuristic,q50,ciciot__ga__q50__k20,20,rst_flag_number;ack_count;ack_flag_number;HTTP;syn_flag_number;Protocol Type;Tot size;IAT;psh_flag_number;Std;Min;Header_Length;AVG;HTTPS;Variance;fin_flag_number;TCP;UDP;syn_count;Time_To_Live,,,,,,,,,,
ciciot_candidate_feature_sets.csv,,36,candidate_feature_sets,ciciot,,ciciot,ga,metaheuristic,q75,ciciot__ga__q75__k30,30,rst_flag_number;ack_count;ack_flag_number;HTTP;syn_flag_number;Protocol Type;Tot size;IAT;psh_flag_number;Std;Min;Header_Length;AVG;HTTPS;Variance;fin_flag_number;TCP;UDP;syn_count;Time_To_Live;Rate;Max;LLC;Tot sum;ARP;IPv;DNS;Number;ICMP;fin_count,,,,,,,,,,
ciciot_candidate_feature_sets.csv,,37,candidate_feature_sets,ciciot,,ciciot,lasso_c0.01,embedded,elbow,ciciot__lasso_c0.01__elbow__k4,4,Number;HTTPS;ack_flag_number;Rate,,,,,,,,,,
ciciot_candidate_feature_sets.csv,,38,candidate_feature_sets,ciciot,,ciciot,lasso_c0.01,embedded,q25,ciciot__lasso_c0.01__q25__k10,10,Number;HTTPS;ack_flag_number;Rate;syn_flag_number;ack_count;rst_flag_number;Time_To_Live;Std;Tot sum,,,,,,,,,,
ciciot_candidate_feature_sets.csv,,39,candidate_feature_sets,ciciot,,ciciot,lasso_c0.01,embedded,q50,ciciot__lasso_c0.01__q50__k20,20,Number;HTTPS;ack_flag_number;Rate;syn_flag_number;ack_count;rst_flag_number;Time_To_Live;Std;Tot sum;Max;DNS;Variance;IRC;UDP;cwr_flag_number;SSH;IPv;ARP;LLC,,,,,,,,,,
ciciot_candidate_feature_sets.csv,,40,candidate_feature_sets,ciciot,,ciciot,lasso_c0.01,embedded,q75,ciciot__lasso_c0.01__q75__k30,30,Number;HTTPS;ack_flag_number;Rate;syn_flag_number;ack_count;rst_flag_number;Time_To_Live;Std;Tot sum;Max;DNS;Variance;IRC;UDP;cwr_flag_number;SSH;IPv;ARP;LLC;Min;Telnet;SMTP;AVG;Tot size;IAT;DHCP;TCP;IGMP;ICMP,,,,,,,,,,
ciciot_candidate_feature_sets.csv,,41,candidate_feature_sets,ciciot,,ciciot,lasso_c0.1,embedded,elbow,ciciot__lasso_c0.1__elbow__k7,7,Number;rst_flag_number;syn_flag_number;ack_flag_number;HTTPS;syn_count;ack_count,,,,,,,,,,
ciciot_candidate_feature_sets.csv,,42,candidate_feature_sets,ciciot,,ciciot,lasso_c0.1,embedded,q25,ciciot__lasso_c0.1__q25__k10,10,Number;rst_flag_number;syn_flag_number;ack_flag_number;HTTPS;syn_count;ack_count;fin_count;Tot sum;Rate,,,,,,,,,,
ciciot_candidate_feature_sets.csv,,43,candidate_feature_sets,ciciot,,ciciot,lasso_c0.1,embedded,q50,ciciot__lasso_c0.1__q50__k20,20,Number;rst_flag_number;syn_flag_number;ack_flag_number;HTTPS;syn_count;ack_count;fin_count;Tot sum;Rate;rst_count;TCP;Header_Length;psh_flag_number;Time_To_Live;Variance;UDP;Max;Protocol Type;cwr_flag_number,,,,,,,,,,
ciciot_candidate_feature_sets.csv,,44,candidate_feature_sets,ciciot,,ciciot,lasso_c0.1,embedded,q75,ciciot__lasso_c0.1__q75__k30,30,Number;rst_flag_number;syn_flag_number;ack_flag_number;HTTPS;syn_count;ack_count;fin_count;Tot sum;Rate;rst_count;TCP;Header_Length;psh_flag_number;Time_To_Live;Variance;UDP;Max;Protocol Type;cwr_flag_number;Std;DNS;IRC;ICMP;ece_flag_number;Tot size;AVG;SMTP;HTTP;SSH,,,,,,,,,,
ciciot_candidate_feature_sets.csv,,45,candidate_feature_sets,ciciot,,ciciot,lasso_c1.0,embedded,elbow,ciciot__lasso_c1.0__elbow__k7,7,Number;rst_flag_number;syn_flag_number;ack_flag_number;HTTPS;syn_count;ack_count,,,,,,,,,,
ciciot_candidate_feature_sets.csv,,46,candidate_feature_sets,ciciot,,ciciot,lasso_c1.0,embedded,q25,ciciot__lasso_c1.0__q25__k10,10,Number;rst_flag_number;syn_flag_number;ack_flag_number;HTTPS;syn_count;ack_count;Tot sum;fin_count;Rate,,,,,,,,,,
ciciot_candidate_feature_sets.csv,,47,candidate_feature_sets,ciciot,,ciciot,lasso_c1.0,embedded,q50,ciciot__lasso_c1.0__q50__k20,20,Number;rst_flag_number;syn_flag_number;ack_flag_number;HTTPS;syn_count;ack_count;Tot sum;fin_count;Rate;Header_Length;TCP;rst_count;psh_flag_number;UDP;Time_To_Live;Variance;Max;Protocol Type;cwr_flag_number,,,,,,,,,,
ciciot_candidate_feature_sets.csv,,48,candidate_feature_sets,ciciot,,ciciot,lasso_c1.0,embedded,q75,ciciot__lasso_c1.0__q75__k30,30,Number;rst_flag_number;syn_flag_number;ack_flag_number;HTTPS;syn_count;ack_count;Tot sum;fin_count;Rate;Header_Length;TCP;rst_count;psh_flag_number;UDP;Time_To_Live;Variance;Max;Protocol Type;cwr_flag_number;Std;ICMP;fin_flag_number;IRC;DNS;ece_flag_number;Tot size;AVG;SMTP;HTTP,,,,,,,,,,
ciciot_candidate_feature_sets.csv,,49,candidate_feature_sets,ciciot,,ciciot,lightgbm,embedded,elbow,ciciot__lightgbm__elbow__k13,13,Time_To_Live;Max;Rate;IAT;Header_Length;Tot sum;AVG;HTTPS;psh_flag_number;Variance;Min;Std;DNS,,,,,,,,,,
ciciot_candidate_feature_sets.csv,,50,candidate_feature_sets,ciciot,,ciciot,lightgbm,embedded,q25,ciciot__lightgbm__q25__k10,10,Time_To_Live;Max;Rate;IAT;Header_Length;Tot sum;AVG;HTTPS;psh_flag_number;Variance,,,,,,,,,,
ciciot_candidate_feature_sets.csv,,51,candidate_feature_sets,ciciot,,ciciot,lightgbm,embedded,q50,ciciot__lightgbm__q50__k20,20,Time_To_Live;Max;Rate;IAT;Header_Length;Tot sum;AVG;HTTPS;psh_flag_number;Variance;Min;Std;DNS;UDP;HTTP;syn_flag_number;ICMP;ack_flag_number;fin_flag_number;Number,,,,,,,,,,
ciciot_candidate_feature_sets.csv,,52,candidate_feature_sets,ciciot,,ciciot,lightgbm,embedded,q75,ciciot__lightgbm__q75__k30,30,Time_To_Live;Max;Rate;IAT;Header_Length;Tot sum;AVG;HTTPS;psh_flag_number;Variance;Min;Std;DNS;UDP;HTTP;syn_flag_number;ICMP;ack_flag_number;fin_flag_number;Number;TCP;ARP;SSH;DHCP;rst_flag_number;IPv;syn_count;ack_count;IGMP;fin_count,,,,,,,,,,
ciciot_candidate_feature_sets.csv,,53,candidate_feature_sets,ciciot,,ciciot,mi_ga,hybrid,elbow,ciciot__mi_ga__elbow__k7,7,UDP;syn_flag_number;Tot sum;Header_Length;IAT;psh_flag_number;ack_flag_number,,,,,,,,,,
ciciot_candidate_feature_sets.csv,,54,candidate_feature_sets,ciciot,,ciciot,mi_ga,hybrid,q25,ciciot__mi_ga__q25__k10,10,UDP;syn_flag_number;Tot sum;Header_Length;IAT;psh_flag_number;ack_flag_number;ack_count;HTTPS;Rate,,,,,,,,,,
ciciot_candidate_feature_sets.csv,,55,candidate_feature_sets,ciciot,,ciciot,mi_ga,hybrid,q50,ciciot__mi_ga__q50__k20,20,UDP;syn_flag_number;Tot sum;Header_Length;IAT;psh_flag_number;ack_flag_number;ack_count;HTTPS;Rate;Min;Std;Tot size;syn_count;AVG;TCP;Time_To_Live;Max;Number;Variance,,,,,,,,,,
ciciot_candidate_feature_sets.csv,,56,candidate_feature_sets,ciciot,,ciciot,mi_ga,hybrid,q75,ciciot__mi_ga__q75__k30,30,UDP;syn_flag_number;Tot sum;Header_Length;IAT;psh_flag_number;ack_flag_number;ack_count;HTTPS;Rate;Min;Std;Tot size;syn_count;AVG;TCP;Time_To_Live;Max;Number;Variance;Protocol Type;fin_flag_number;rst_flag_number;ece_flag_number;cwr_flag_number;fin_count;rst_count;HTTP;DNS;Telnet,,,,,,,,,,
ciciot_candidate_feature_sets.csv,,57,candidate_feature_sets,ciciot,,ciciot,mi_rfe,hybrid,elbow,ciciot__mi_rfe__elbow__k20,20,syn_count;syn_flag_number;Variance;TCP;Tot sum;Header_Length;Max;Number;HTTPS;ack_flag_number;Std;psh_flag_number;Rate;IAT;ack_count;UDP;Min;Time_To_Live;Tot size;AVG,,,,,,,,,,
ciciot_candidate_feature_sets.csv,,58,candidate_feature_sets,ciciot,,ciciot,mi_rfe,hybrid,q25,ciciot__mi_rfe__q25__k10,10,syn_count;syn_flag_number;Variance;TCP;Tot sum;Header_Length;Max;Number;HTTPS;ack_flag_number,,,,,,,,,,
ciciot_candidate_feature_sets.csv,,59,candidate_feature_sets,ciciot,,ciciot,mi_rfe,hybrid,q50,ciciot__mi_rfe__q50__k20,20,syn_count;syn_flag_number;Variance;TCP;Tot sum;Header_Length;Max;Number;HTTPS;ack_flag_number;Std;psh_flag_number;Rate;IAT;ack_count;UDP;Min;Time_To_Live;Tot size;AVG,,,,,,,,,,
ciciot_candidate_feature_sets.csv,,60,candidate_feature_sets,ciciot,,ciciot,mi_rfe,hybrid,q75,ciciot__mi_rfe__q75__k30,30,syn_count;syn_flag_number;Variance;TCP;Tot sum;Header_Length;Max;Number;HTTPS;ack_flag_number;Std;psh_flag_number;Rate;IAT;ack_count;UDP;Min;Time_To_Live;Tot size;AVG;Protocol Type;fin_flag_number;rst_flag_number;ece_flag_number;cwr_flag_number;fin_count;rst_count;HTTP;DNS;Telnet,,,,,,,,,,
ciciot_candidate_feature_sets.csv,,61,candidate_feature_sets,ciciot,,ciciot,mrmr,filter,elbow,ciciot__mrmr__elbow__k5,5,Number;ack_count;Tot sum;IAT;Telnet,,,,,,,,,,
ciciot_candidate_feature_sets.csv,,62,candidate_feature_sets,ciciot,,ciciot,mrmr,filter,q25,ciciot__mrmr__q25__k10,10,Number;ack_count;Tot sum;IAT;Telnet;UDP;cwr_flag_number;IGMP;Rate;HTTP,,,,,,,,,,
ciciot_candidate_feature_sets.csv,,63,candidate_feature_sets,ciciot,,ciciot,mrmr,filter,q50,ciciot__mrmr__q50__k20,20,Number;ack_count;Tot sum;IAT;Telnet;UDP;cwr_flag_number;IGMP;Rate;HTTP;Variance;SMTP;DHCP;HTTPS;SSH;Min;fin_flag_number;Time_To_Live;psh_flag_number;IRC,,,,,,,,,,
ciciot_candidate_feature_sets.csv,,64,candidate_feature_sets,ciciot,,ciciot,mrmr,filter,q75,ciciot__mrmr__q75__k30,30,Number;ack_count;Tot sum;IAT;Telnet;UDP;cwr_flag_number;IGMP;Rate;HTTP;Variance;SMTP;DHCP;HTTPS;SSH;Min;fin_flag_number;Time_To_Live;psh_flag_number;IRC;IPv;syn_flag_number;ece_flag_number;DNS;ICMP;AVG;Header_Length;LLC;fin_count;Tot size,,,,,,,,,,
ciciot_candidate_feature_sets.csv,,65,candidate_feature_sets,ciciot,,ciciot,mutual_info,filter,elbow,ciciot__mutual_info__elbow__k20,20,Number;Header_Length;Tot sum;ack_count;AVG;HTTPS;Tot size;ack_flag_number;Time_To_Live;IAT;Rate;Std;Max;Variance;psh_flag_number;TCP;UDP;Min;syn_flag_number;syn_count,,,,,,,,,,
ciciot_candidate_feature_sets.csv,,66,candidate_feature_sets,ciciot,,ciciot,mutual_info,filter,q25,ciciot__mutual_info__q25__k10,10,Number;Header_Length;Tot sum;ack_count;AVG;HTTPS;Tot size;ack_flag_number;Time_To_Live;IAT,,,,,,,,,,
ciciot_candidate_feature_sets.csv,,67,candidate_feature_sets,ciciot,,ciciot,mutual_info,filter,q50,ciciot__mutual_info__q50__k20,20,Number;Header_Length;Tot sum;ack_count;AVG;HTTPS;Tot size;ack_flag_number;Time_To_Live;IAT;Rate;Std;Max;Variance;psh_flag_number;TCP;UDP;Min;syn_flag_number;syn_count,,,,,,,,,,
ciciot_candidate_feature_sets.csv,,68,candidate_feature_sets,ciciot,,ciciot,mutual_info,filter,q75,ciciot__mutual_info__q75__k30,30,Number;Header_Length;Tot sum;ack_count;AVG;HTTPS;Tot size;ack_flag_number;Time_To_Live;IAT;Rate;Std;Max;Variance;psh_flag_number;TCP;UDP;Min;syn_flag_number;syn_count;IPv;LLC;ICMP;ARP;fin_flag_number;DNS;Protocol Type;fin_count;rst_flag_number;HTTP,,,,,,,,,,
ciciot_candidate_feature_sets.csv,,69,candidate_feature_sets,ciciot,,ciciot,pearson,filter,elbow,ciciot__pearson__elbow__k17,17,Number;Time_To_Live;Std;HTTPS;Max;Tot size;AVG;ack_flag_number;Variance;Header_Length;DNS;IPv;ARP;LLC;Rate;IAT;Min,,,,,,,,,,
ciciot_candidate_feature_sets.csv,,70,candidate_feature_sets,ciciot,,ciciot,pearson,filter,q25,ciciot__pearson__q25__k10,10,Number;Time_To_Live;Std;HTTPS;Max;Tot size;AVG;ack_flag_number;Variance;Header_Length,,,,,,,,,,
ciciot_candidate_feature_sets.csv,,71,candidate_feature_sets,ciciot,,ciciot,pearson,filter,q50,ciciot__pearson__q50__k20,20,Number;Time_To_Live;Std;HTTPS;Max;Tot size;AVG;ack_flag_number;Variance;Header_Length;DNS;IPv;ARP;LLC;Rate;IAT;Min;syn_count;syn_flag_number;TCP,,,,,,,,,,
ciciot_candidate_feature_sets.csv,,72,candidate_feature_sets,ciciot,,ciciot,pearson,filter,q75,ciciot__pearson__q75__k30,30,Number;Time_To_Live;Std;HTTPS;Max;Tot size;AVG;ack_flag_number;Variance;Header_Length;DNS;IPv;ARP;LLC;Rate;IAT;Min;syn_count;syn_flag_number;TCP;SSH;ICMP;rst_count;rst_flag_number;fin_count;DHCP;IGMP;Tot sum;fin_flag_number;psh_flag_number,,,,,,,,,,
ciciot_candidate_feature_sets.csv,,73,candidate_feature_sets,ciciot,,ciciot,pso,metaheuristic,elbow,ciciot__pso__elbow__k15,15,ICMP;DNS;Protocol Type;Time_To_Live;IAT;IPv;ack_count;fin_flag_number;rst_flag_number;HTTP;fin_count;AVG;syn_flag_number;psh_flag_number;ack_flag_number,,,,,,,,,,
ciciot_candidate_feature_sets.csv,,74,candidate_feature_sets,ciciot,,ciciot,pso,metaheuristic,q25,ciciot__pso__q25__k10,10,ICMP;DNS;Protocol Type;Time_To_Live;IAT;IPv;ack_count;fin_flag_number;rst_flag_number;HTTP,,,,,,,,,,
ciciot_candidate_feature_sets.csv,,75,candidate_feature_sets,ciciot,,ciciot,pso,metaheuristic,q50,ciciot__pso__q50__k20,20,ICMP;DNS;Protocol Type;Time_To_Live;IAT;IPv;ack_count;fin_flag_number;rst_flag_number;HTTP;fin_count;AVG;syn_flag_number;psh_flag_number;ack_flag_number;HTTPS;Min;TCP;Tot size;Variance,,,,,,,,,,
ciciot_candidate_feature_sets.csv,,76,candidate_feature_sets,ciciot,,ciciot,pso,metaheuristic,q75,ciciot__pso__q75__k30,30,ICMP;DNS;Protocol Type;Time_To_Live;IAT;IPv;ack_count;fin_flag_number;rst_flag_number;HTTP;fin_count;AVG;syn_flag_number;psh_flag_number;ack_flag_number;HTTPS;Min;TCP;Tot size;Variance;Header_Length;Max;Std;ARP;syn_count;UDP;Number;Rate;LLC;Tot sum,,,,,,,,,,
ciciot_candidate_feature_sets.csv,,77,candidate_feature_sets,ciciot,,ciciot,reliefF,filter,elbow,ciciot__reliefF__elbow__k35,35,IAT;cwr_flag_number;SSH;Number;fin_flag_number;fin_count;ece_flag_number;Protocol Type;DHCP;IGMP;IRC;SMTP;ICMP;Telnet;syn_count;TCP;syn_flag_number;HTTP;UDP;psh_flag_number;Variance;HTTPS;rst_count;rst_flag_number;Tot sum;ack_count;Tot size;AVG;Header_Length;Min;LLC;IPv;ARP;DNS;ack_flag_number,,,,,,,,,,
ciciot_candidate_feature_sets.csv,,78,candidate_feature_sets,ciciot,,ciciot,reliefF,filter,q25,ciciot__reliefF__q25__k10,10,IAT;cwr_flag_number;SSH;Number;fin_flag_number;fin_count;ece_flag_number;Protocol Type;DHCP;IGMP,,,,,,,,,,
ciciot_candidate_feature_sets.csv,,79,candidate_feature_sets,ciciot,,ciciot,reliefF,filter,q50,ciciot__reliefF__q50__k20,20,IAT;cwr_flag_number;SSH;Number;fin_flag_number;fin_count;ece_flag_number;Protocol Type;DHCP;IGMP;IRC;SMTP;ICMP;Telnet;syn_count;TCP;syn_flag_number;HTTP;UDP;psh_flag_number,,,,,,,,,,
ciciot_candidate_feature_sets.csv,,80,candidate_feature_sets,ciciot,,ciciot,reliefF,filter,q75,ciciot__reliefF__q75__k30,30,IAT;cwr_flag_number;SSH;Number;fin_flag_number;fin_count;ece_flag_number;Protocol Type;DHCP;IGMP;IRC;SMTP;ICMP;Telnet;syn_count;TCP;syn_flag_number;HTTP;UDP;psh_flag_number;Variance;HTTPS;rst_count;rst_flag_number;Tot sum;ack_count;Tot size;AVG;Header_Length;Min,,,,,,,,,,
ciciot_candidate_feature_sets.csv,,81,candidate_feature_sets,ciciot,,ciciot,rf,embedded,elbow,ciciot__rf__elbow__k15,15,Number;HTTPS;ack_flag_number;Tot size;IAT;AVG;Header_Length;Rate;ack_count;Max;Std;Variance;Tot sum;Time_To_Live;Min,,,,,,,,,,
ciciot_candidate_feature_sets.csv,,82,candidate_feature_sets,ciciot,,ciciot,rf,embedded,q25,ciciot__rf__q25__k10,10,Number;HTTPS;ack_flag_number;Tot size;IAT;AVG;Header_Length;Rate;ack_count;Max,,,,,,,,,,
ciciot_candidate_feature_sets.csv,,83,candidate_feature_sets,ciciot,,ciciot,rf,embedded,q50,ciciot__rf__q50__k20,20,Number;HTTPS;ack_flag_number;Tot size;IAT;AVG;Header_Length;Rate;ack_count;Max;Std;Variance;Tot sum;Time_To_Live;Min;TCP;psh_flag_number;syn_count;syn_flag_number;HTTP,,,,,,,,,,
ciciot_candidate_feature_sets.csv,,84,candidate_feature_sets,ciciot,,ciciot,rf,embedded,q75,ciciot__rf__q75__k30,30,Number;HTTPS;ack_flag_number;Tot size;IAT;AVG;Header_Length;Rate;ack_count;Max;Std;Variance;Tot sum;Time_To_Live;Min;TCP;psh_flag_number;syn_count;syn_flag_number;HTTP;UDP;rst_count;ICMP;DNS;IPv;rst_flag_number;Protocol Type;LLC;ARP;fin_count,,,,,,,,,,
ciciot_candidate_feature_sets.csv,,85,candidate_feature_sets,ciciot,,ciciot,rfe,wrapper,elbow,ciciot__rfe__elbow__k19,19,Variance;Number;Std;Max;TCP;ICMP;Tot sum;psh_flag_number;rst_flag_number;syn_flag_number;UDP;HTTPS;fin_count;Protocol Type;Rate;syn_count;HTTP;rst_count;fin_flag_number,,,,,,,,,,
ciciot_candidate_feature_sets.csv,,86,candidate_feature_sets,ciciot,,ciciot,rfe,wrapper,q25,ciciot__rfe__q25__k10,10,Variance;Number;Std;Max;TCP;ICMP;Tot sum;psh_flag_number;rst_flag_number;syn_flag_number,,,,,,,,,,
ciciot_candidate_feature_sets.csv,,87,candidate_feature_sets,ciciot,,ciciot,rfe,wrapper,q50,ciciot__rfe__q50__k20,20,Variance;Number;Std;Max;TCP;ICMP;Tot sum;psh_flag_number;rst_flag_number;syn_flag_number;UDP;HTTPS;fin_count;Protocol Type;Rate;syn_count;HTTP;rst_count;fin_flag_number;Tot size,,,,,,,,,,
ciciot_candidate_feature_sets.csv,,88,candidate_feature_sets,ciciot,,ciciot,rfe,wrapper,q75,ciciot__rfe__q75__k30,30,Variance;Number;Std;Max;TCP;ICMP;Tot sum;psh_flag_number;rst_flag_number;syn_flag_number;UDP;HTTPS;fin_count;Protocol Type;Rate;syn_count;HTTP;rst_count;fin_flag_number;Tot size;ack_count;ack_flag_number;Header_Length;IRC;AVG;cwr_flag_number;ece_flag_number;DNS;Min;SMTP,,,,,,,,,,
ciciot_candidate_feature_sets.csv,,89,candidate_feature_sets,ciciot,,ciciot,rfecv,wrapper,elbow,ciciot__rfecv__elbow__k34,34,Variance;Number;IAT;Tot size;Std;AVG;Max;Min;Tot sum;LLC;IPv;ICMP;IRC;TCP;UDP;HTTPS;DNS;SMTP;ack_count;syn_count;fin_count;rst_count;HTTP;psh_flag_number;rst_flag_number;syn_flag_number;fin_flag_number;Rate;cwr_flag_number;ece_flag_number;ack_flag_number;Protocol Type;Time_To_Live;Header_Length,,,,,,,,,,
ciciot_candidate_feature_sets.csv,,90,candidate_feature_sets,ciciot,,ciciot,rfecv,wrapper,q25,ciciot__rfecv__q25__k10,10,Variance;Number;IAT;Tot size;Std;AVG;Max;Min;Tot sum;LLC,,,,,,,,,,
ciciot_candidate_feature_sets.csv,,91,candidate_feature_sets,ciciot,,ciciot,rfecv,wrapper,q50,ciciot__rfecv__q50__k20,20,Variance;Number;IAT;Tot size;Std;AVG;Max;Min;Tot sum;LLC;IPv;ICMP;IRC;TCP;UDP;HTTPS;DNS;SMTP;ack_count;syn_count,,,,,,,,,,
ciciot_candidate_feature_sets.csv,,92,candidate_feature_sets,ciciot,,ciciot,rfecv,wrapper,q75,ciciot__rfecv__q75__k30,30,Variance;Number;IAT;Tot size;Std;AVG;Max;Min;Tot sum;LLC;IPv;ICMP;IRC;TCP;UDP;HTTPS;DNS;SMTP;ack_count;syn_count;fin_count;rst_count;HTTP;psh_flag_number;rst_flag_number;syn_flag_number;fin_flag_number;Rate;cwr_flag_number;ece_flag_number,,,,,,,,,,
ciciot_candidate_feature_sets.csv,,93,candidate_feature_sets,ciciot,,ciciot,xgboost,embedded,elbow,ciciot__xgboost__elbow__k3,3,Number;HTTPS;Max,,,,,,,,,,
ciciot_candidate_feature_sets.csv,,94,candidate_feature_sets,ciciot,,ciciot,xgboost,embedded,q25,ciciot__xgboost__q25__k10,10,Number;HTTPS;Max;IAT;syn_flag_number;rst_flag_number;Min;syn_count;Header_Length;Tot size,,,,,,,,,,
ciciot_candidate_feature_sets.csv,,95,candidate_feature_sets,ciciot,,ciciot,xgboost,embedded,q50,ciciot__xgboost__q50__k20,20,Number;HTTPS;Max;IAT;syn_flag_number;rst_flag_number;Min;syn_count;Header_Length;Tot size;fin_count;AVG;fin_flag_number;Time_To_Live;ack_flag_number;psh_flag_number;rst_count;ack_count;Std;Rate,,,,,,,,,,
ciciot_candidate_feature_sets.csv,,96,candidate_feature_sets,ciciot,,ciciot,xgboost,embedded,q75,ciciot__xgboost__q75__k30,30,Number;HTTPS;Max;IAT;syn_flag_number;rst_flag_number;Min;syn_count;Header_Length;Tot size;fin_count;AVG;fin_flag_number;Time_To_Live;ack_flag_number;psh_flag_number;rst_count;ack_count;Std;Rate;TCP;HTTP;IPv;Tot sum;Variance;DNS;LLC;UDP;ICMP;ARP,,,,,,,,,,
ciciot_core.csv,,1,core_feature_list,ciciot,core,,,,,,,,Number,,,,,,,,,
ciciot_core.csv,,2,core_feature_list,ciciot,core,,,,,,,,HTTPS,,,,,,,,,
ciciot_core.csv,,3,core_feature_list,ciciot,core,,,,,,,,ack_flag_number,,,,,,,,,
ciciot_core.csv,,4,core_feature_list,ciciot,core,,,,,,,,syn_flag_number,,,,,,,,,
ciciot_core.csv,,5,core_feature_list,ciciot,core,,,,,,,,Max,,,,,,,,,
ciciot_core.csv,,6,core_feature_list,ciciot,core,,,,,,,,Header_Length,,,,,,,,,
ciciot_core.csv,,7,core_feature_list,ciciot,core,,,,,,,,Variance,,,,,,,,,
ciciot_core.csv,,8,core_feature_list,ciciot,core,,,,,,,,Std,,,,,,,,,
ciciot_core.csv,,9,core_feature_list,ciciot,core,,,,,,,,Time_To_Live,,,,,,,,,
ciciot_core.csv,,10,core_feature_list,ciciot,core,,,,,,,,Rate,,,,,,,,,
ciciot_core.csv,,11,core_feature_list,ciciot,core,,,,,,,,Tot size,,,,,,,,,
ciciot_core.csv,,12,core_feature_list,ciciot,core,,,,,,,,syn_count,,,,,,,,,
ciciot_core.csv,,13,core_feature_list,ciciot,core,,,,,,,,ack_count,,,,,,,,,
ciciot_core.csv,,14,core_feature_list,ciciot,core,,,,,,,,AVG,,,,,,,,,
ciciot_core.csv,,15,core_feature_list,ciciot,core,,,,,,,,IAT,,,,,,,,,
ciciot_core.csv,,16,core_feature_list,ciciot,core,,,,,,,,rst_flag_number,,,,,,,,,
ciciot_core.csv,,17,core_feature_list,ciciot,core,,,,,,,,Tot sum,,,,,,,,,
ciciot_core.csv,,18,core_feature_list,ciciot,core,,,,,,,,TCP,,,,,,,,,
ciciot_effectiveness.csv,,1,champion_zone_feature_list,ciciot,effectiveness,,,,,,,,Variance,,,,,,,,,
ciciot_effectiveness.csv,,2,champion_zone_feature_list,ciciot,effectiveness,,,,,,,,Number,,,,,,,,,
ciciot_effectiveness.csv,,3,champion_zone_feature_list,ciciot,effectiveness,,,,,,,,Std,,,,,,,,,
ciciot_effectiveness.csv,,4,champion_zone_feature_list,ciciot,effectiveness,,,,,,,,Max,,,,,,,,,
ciciot_effectiveness.csv,,5,champion_zone_feature_list,ciciot,effectiveness,,,,,,,,TCP,,,,,,,,,
ciciot_effectiveness.csv,,6,champion_zone_feature_list,ciciot,effectiveness,,,,,,,,ICMP,,,,,,,,,
ciciot_effectiveness.csv,,7,champion_zone_feature_list,ciciot,effectiveness,,,,,,,,Tot sum,,,,,,,,,
ciciot_effectiveness.csv,,8,champion_zone_feature_list,ciciot,effectiveness,,,,,,,,psh_flag_number,,,,,,,,,
ciciot_effectiveness.csv,,9,champion_zone_feature_list,ciciot,effectiveness,,,,,,,,rst_flag_number,,,,,,,,,
ciciot_effectiveness.csv,,10,champion_zone_feature_list,ciciot,effectiveness,,,,,,,,syn_flag_number,,,,,,,,,
ciciot_effectiveness.csv,,11,champion_zone_feature_list,ciciot,effectiveness,,,,,,,,UDP,,,,,,,,,
ciciot_effectiveness.csv,,12,champion_zone_feature_list,ciciot,effectiveness,,,,,,,,HTTPS,,,,,,,,,
ciciot_effectiveness.csv,,13,champion_zone_feature_list,ciciot,effectiveness,,,,,,,,fin_count,,,,,,,,,
ciciot_effectiveness.csv,,14,champion_zone_feature_list,ciciot,effectiveness,,,,,,,,Protocol Type,,,,,,,,,
ciciot_effectiveness.csv,,15,champion_zone_feature_list,ciciot,effectiveness,,,,,,,,Rate,,,,,,,,,
ciciot_effectiveness.csv,,16,champion_zone_feature_list,ciciot,effectiveness,,,,,,,,syn_count,,,,,,,,,
ciciot_effectiveness.csv,,17,champion_zone_feature_list,ciciot,effectiveness,,,,,,,,HTTP,,,,,,,,,
ciciot_effectiveness.csv,,18,champion_zone_feature_list,ciciot,effectiveness,,,,,,,,rst_count,,,,,,,,,
ciciot_effectiveness.csv,,19,champion_zone_feature_list,ciciot,effectiveness,,,,,,,,fin_flag_number,,,,,,,,,
ciciot_effectiveness.csv,,20,champion_zone_feature_list,ciciot,effectiveness,,,,,,,,Tot size,,,,,,,,,
ciciot_efficiency.csv,,1,champion_zone_feature_list,ciciot,efficiency,,,,,,,,Number,,,,,,,,,
ciciot_efficiency.csv,,2,champion_zone_feature_list,ciciot,efficiency,,,,,,,,HTTPS,,,,,,,,,
ciciot_efficiency.csv,,3,champion_zone_feature_list,ciciot,efficiency,,,,,,,,ack_flag_number,,,,,,,,,
ciciot_efficiency.csv,,4,champion_zone_feature_list,ciciot,efficiency,,,,,,,,Rate,,,,,,,,,
consensus_scores.xlsx,Sheet1,1,consensus_scores,,core,ciciot,,,,,,,ARP,24,25.66666666666667,344,0.2828987721657005,,,,,
consensus_scores.xlsx,Sheet1,2,consensus_scores,,core,ciciot,,,,,,,AVG,24,15.66666666666667,584,0.3215549010498727,,,,,
consensus_scores.xlsx,Sheet1,3,consensus_scores,,core,ciciot,,,,,,,DHCP,24,31.375,207,0.2647686900307553,,,,,
consensus_scores.xlsx,Sheet1,4,consensus_scores,,core,ciciot,,,,,,,DNS,24,20,480,0.3035500343488254,,,,,
consensus_scores.xlsx,Sheet1,5,consensus_scores,,core,ciciot,,,,,,,HTTP,24,24.45833333333333,373,0.2871469281430804,,,,,
consensus_scores.xlsx,Sheet1,6,consensus_scores,,core,ciciot,,,,,,,HTTPS,24,7.25,786,0.3591512029357806,,,,,
consensus_scores.xlsx,Sheet1,7,consensus_scores,,core,ciciot,,,,,,,Header_Length,24,13.125,645,0.3336252736254862,,,,,
consensus_scores.xlsx,Sheet1,8,consensus_scores,,core,ciciot,,,,,,,IAT,24,17.16666666666667,548,0.3211165149012114,,,,,
consensus_scores.xlsx,Sheet1,9,consensus_scores,,core,ciciot,,,,,,,ICMP,24,21.75,438,0.2971766025599449,,,,,
consensus_scores.xlsx,Sheet1,10,consensus_scores,,core,ciciot,,,,,,,IGMP,24,32.125,189,0.2629798457972371,,,,,
consensus_scores.xlsx,Sheet1,11,consensus_scores,,core,ciciot,,,,,,,IPv,24,26.04166666666667,335,0.282507329164893,,,,,
consensus_scores.xlsx,Sheet1,12,consensus_scores,,core,ciciot,,,,,,,IRC,24,28.83333333333333,268,0.2725867936355013,,,,,
consensus_scores.xlsx,Sheet1,13,consensus_scores,,core,ciciot,,,,,,,LLC,24,28.41666666666667,278,0.2740590429702449,,,,,
consensus_scores.xlsx,Sheet1,14,consensus_scores,,core,ciciot,,,,,,,Max,24,12.83333333333333,652,0.3346620741264323,,,,,
consensus_scores.xlsx,Sheet1,15,consensus_scores,,core,ciciot,,,,,,,Min,24,21.58333333333333,442,0.2989781855222712,,,,,
consensus_scores.xlsx,Sheet1,16,consensus_scores,,core,ciciot,,,,,,,Number,24,5.958333333333333,817,0.3690715940090159,,,,,
consensus_scores.xlsx,Sheet1,17,consensus_scores,,core,ciciot,,,,,,,Protocol Type,24,22.875,411,0.2932620551844914,,,,,
consensus_scores.xlsx,Sheet1,18,consensus_scores,,core,ciciot,,,,,,,Rate,24,15,600,0.3242099889471921,,,,,
consensus_scores.xlsx,Sheet1,19,consensus_scores,,core,ciciot,,,,,,,SMTP,24,31,216,0.2659918337406264,,,,,
consensus_scores.xlsx,Sheet1,20,consensus_scores,,core,ciciot,,,,,,,SSH,24,27.79166666666667,293,0.2759067249140543,,,,,
consensus_scores.xlsx,Sheet1,21,consensus_scores,,core,ciciot,,,,,,,Std,24,14.08333333333333,622,0.3286290558427888,,,,,
consensus_scores.xlsx,Sheet1,22,consensus_scores,,core,ciciot,,,,,,,TCP,24,16.41666666666667,566,0.3163359247463655,,,,,
consensus_scores.xlsx,Sheet1,23,consensus_scores,,core,ciciot,,,,,,,Telnet,24,32.08333333333334,190,0.2631965236801938,,,,,
consensus_scores.xlsx,Sheet1,24,consensus_scores,,core,ciciot,,,,,,,Time_To_Live,24,14.16666666666667,620,0.3284706910275431,,,,,
consensus_scores.xlsx,Sheet1,25,consensus_scores,,core,ciciot,,,,,,,Tot size,24,15.375,591,0.3241423807181338,,,,,
consensus_scores.xlsx,Sheet1,26,consensus_scores,,core,ciciot,,,,,,,Tot sum,24,17,552,0.3189248549743337,,,,,
consensus_scores.xlsx,Sheet1,27,consensus_scores,,core,ciciot,,,,,,,UDP,24,20.08333333333333,478,0.3032959821676378,,,,,
consensus_scores.xlsx,Sheet1,28,consensus_scores,,core,ciciot,,,,,,,Variance,24,12.54166666666667,659,0.3332405702399438,,,,,
consensus_scores.xlsx,Sheet1,29,consensus_scores,,core,ciciot,,,,,,,ack_count,24,15.83333333333333,580,0.322517804854021,,,,,
consensus_scores.xlsx,Sheet1,30,consensus_scores,,core,ciciot,,,,,,,ack_flag_number,24,11.08333333333333,694,0.3432165303780956,,,,,
consensus_scores.xlsx,Sheet1,31,consensus_scores,,core,ciciot,,,,,,,cwr_flag_number,24,26.54166666666667,323,0.281001826339229,,,,,
consensus_scores.xlsx,Sheet1,32,consensus_scores,,core,ciciot,,,,,,,ece_flag_number,24,28.75,270,0.2721194647231207,,,,,
consensus_scores.xlsx,Sheet1,33,consensus_scores,,core,ciciot,,,,,,,fin_count,24,20.29166666666667,473,0.3027753080707349,,,,,
consensus_scores.xlsx,Sheet1,34,consensus_scores,,core,ciciot,,,,,,,fin_flag_number,24,22.5,420,0.2935635722091641,,,,,
consensus_scores.xlsx,Sheet1,35,consensus_scores,,core,ciciot,,,,,,,psh_flag_number,24,17.91666666666667,530,0.3107262567250711,,,,,
consensus_scores.xlsx,Sheet1,36,consensus_scores,,core,ciciot,,,,,,,rst_count,24,22.66666666666667,416,0.29324495554398,,,,,
consensus_scores.xlsx,Sheet1,37,consensus_scores,,core,ciciot,,,,,,,rst_flag_number,24,16.5,564,0.3198238906243971,,,,,
consensus_scores.xlsx,Sheet1,38,consensus_scores,,core,ciciot,,,,,,,syn_count,24,15.29166666666667,593,0.3226715920348416,,,,,
consensus_scores.xlsx,Sheet1,39,consensus_scores,,core,ciciot,,,,,,,syn_flag_number,24,11.95833333333333,673,0.3370689398369659,,,,,
consensus_scores.xlsx,Sheet1,40,consensus_scores,,core,hikari,,,,,,,active.avg,24,36.875,1035,0.2564096222000311,,,,,
consensus_scores.xlsx,Sheet1,41,consensus_scores,,core,hikari,,,,,,,active.max,24,41.25,930,0.2480805747068736,,,,,
consensus_scores.xlsx,Sheet1,42,consensus_scores,,core,hikari,,,,,,,active.min,24,29.125,1221,0.273708734120896,,,,,
consensus_scores.xlsx,Sheet1,43,consensus_scores,,core,hikari,,,,,,,active.std,24,66.375,327,0.191774974225841,,,,,
consensus_scores.xlsx,Sheet1,44,consensus_scores,,core,hikari,,,,,,,active.tot,24,41.70833333333334,919,0.2517744487051274,,,,,
consensus_scores.xlsx,Sheet1,45,consensus_scores,,core,hikari,,,,,,,bwd_PSH_flag_count,24,45.04166666666666,839,0.2321341693012749,,,,,
consensus_scores.xlsx,Sheet1,46,consensus_scores,,core,hikari,,,,,,,bwd_URG_flag_count,24,66.33333333333333,328,0.1976465823520439,,,,,
consensus_scores.xlsx,Sheet1,47,consensus_scores,,core,hikari,,,,,,,bwd_bulk_bytes,24,55,600,0.2142770402490135,,,,,
consensus_scores.xlsx,Sheet1,48,consensus_scores,,core,hikari,,,,,,,bwd_bulk_packets,24,58.58333333333334,514,0.2059371327185737,,,,,
consensus_scores.xlsx,Sheet1,49,consensus_scores,,core,hikari,,,,,,,bwd_bulk_rate,24,33.25,1122,0.2819367751278076,,,,,
consensus_scores.xlsx,Sheet1,50,consensus_scores,,core,hikari,,,,,,,bwd_data_pkts_tot,24,44.58333333333334,850,0.2357375896317953,,,,,
consensus_scores.xlsx,Sheet1,51,consensus_scores,,core,hikari,,,,,,,bwd_header_size_max,24,43.95833333333334,865,0.2417810689419109,,,,,
consensus_scores.xlsx,Sheet1,52,consensus_scores,,core,hikari,,,,,,,bwd_header_size_min,24,31.25,1170,0.275079588871776,,,,,
consensus_scores.xlsx,Sheet1,53,consensus_scores,,core,hikari,,,,,,,bwd_header_size_tot,24,39.33333333333334,976,0.25852992174241,,,,,
consensus_scores.xlsx,Sheet1,54,consensus_scores,,core,hikari,,,,,,,bwd_iat.avg,24,42.29166666666666,905,0.2436348349596452,,,,,
consensus_scores.xlsx,Sheet1,55,consensus_scores,,core,hikari,,,,,,,bwd_iat.max,24,47.58333333333334,778,0.2251300570047921,,,,,
consensus_scores.xlsx,Sheet1,56,consensus_scores,,core,hikari,,,,,,,bwd_iat.min,24,44.16666666666666,860,0.24161672131275,,,,,
consensus_scores.xlsx,Sheet1,57,consensus_scores,,core,hikari,,,,,,,bwd_iat.std,24,45.375,831,0.23439823078965,,,,,
consensus_scores.xlsx,Sheet1,58,consensus_scores,,core,hikari,,,,,,,bwd_iat.tot,24,42.04166666666666,911,0.2416064970661269,,,,,
consensus_scores.xlsx,Sheet1,59,consensus_scores,,core,hikari,,,,,,,bwd_init_window_size,24,17.66666666666667,1496,0.3251275882772944,,,,,
consensus_scores.xlsx,Sheet1,60,consensus_scores,,core,hikari,,,,,,,bwd_pkts_payload.avg,24,36.29166666666666,1049,0.2622861331909409,,,,,
consensus_scores.xlsx,Sheet1,61,consensus_scores,,core,hikari,,,,,,,bwd_pkts_payload.max,24,36.20833333333334,1051,0.2638846711769819,,,,,
consensus_scores.xlsx,Sheet1,62,consensus_scores,,core,hikari,,,,,,,bwd_pkts_payload.min,24,37.33333333333334,1024,0.2687525516312379,,,,,
consensus_scores.xlsx,Sheet1,63,consensus_scores,,core,hikari,,,,,,,bwd_pkts_payload.std,24,42.5,900,0.2418545546289408,,,,,
consensus_scores.xlsx,Sheet1,64,consensus_scores,,core,hikari,,,,,,,bwd_pkts_payload.tot,24,34,1104,0.2666432712374762,,,,,
consensus_scores.xlsx,Sheet1,65,consensus_scores,,core,hikari,,,,,,,bwd_pkts_per_sec,24,29.875,1203,0.2756103880361922,,,,,
consensus_scores.xlsx,Sheet1,66,consensus_scores,,core,hikari,,,,,,,bwd_pkts_tot,24,41.83333333333334,916,0.2478033147613424,,,,,
consensus_scores.xlsx,Sheet1,67,consensus_scores,,core,hikari,,,,,,,bwd_subflow_bytes,24,41.5,924,0.2463110407864706,,,,,
consensus_scores.xlsx,Sheet1,68,consensus_scores,,core,hikari,,,,,,,bwd_subflow_pkts,24,39.75,966,0.248984815253767,,,,,
consensus_scores.xlsx,Sheet1,69,consensus_scores,,core,hikari,,,,,,,down_up_ratio,24,24.20833333333333,1339,0.2944127033872357,,,,,
consensus_scores.xlsx,Sheet1,70,consensus_scores,,core,hikari,,,,,,,flow_ACK_flag_count,24,54.83333333333334,604,0.2107638397063705,,,,,
consensus_scores.xlsx,Sheet1,71,consensus_scores,,core,hikari,,,,,,,flow_CWR_flag_count,24,62,432,0.2031355737037049,,,,,
consensus_scores.xlsx,Sheet1,72,consensus_scores,,core,hikari,,,,,,,flow_ECE_flag_count,24,66.16666666666667,332,0.1989532926801622,,,,,
consensus_scores.xlsx,Sheet1,73,consensus_scores,,core,hikari,,,,,,,flow_FIN_flag_count,24,30.25,1194,0.2826735653095149,,,,,
consensus_scores.xlsx,Sheet1,74,consensus_scores,,core,hikari,,,,,,,flow_RST_flag_count,24,28.41666666666667,1238,0.2938061718065282,,,,,
consensus_scores.xlsx,Sheet1,75,consensus_scores,,core,hikari,,,,,,,flow_SYN_flag_count,24,39.70833333333334,967,0.2516653174798344,,,,,
consensus_scores.xlsx,Sheet1,76,consensus_scores,,core,hikari,,,,,,,flow_duration,24,36.75,1038,0.2586818600770861,,,,,
consensus_scores.xlsx,Sheet1,77,consensus_scores,,core,hikari,,,,,,,flow_iat.avg,24,37.20833333333334,1027,0.2525143776359708,,,,,
consensus_scores.xlsx,Sheet1,78,consensus_scores,,core,hikari,,,,,,,flow_iat.max,24,34,1104,0.265683952293366,,,,,
consensus_scores.xlsx,Sheet1,79,consensus_scores,,core,hikari,,,,,,,flow_iat.min,24,40.16666666666666,956,0.2535475533956842,,,,,
consensus_scores.xlsx,Sheet1,80,consensus_scores,,core,hikari,,,,,,,flow_iat.std,24,34.375,1095,0.2636787189426992,,,,,
consensus_scores.xlsx,Sheet1,81,consensus_scores,,core,hikari,,,,,,,flow_iat.tot,24,40.54166666666666,947,0.2493889103710542,,,,,
consensus_scores.xlsx,Sheet1,82,consensus_scores,,core,hikari,,,,,,,flow_pkts_payload.avg,24,19,1464,0.3146090068861748,,,,,
consensus_scores.xlsx,Sheet1,83,consensus_scores,,core,hikari,,,,,,,flow_pkts_payload.max,24,34.04166666666666,1103,0.2723316628525551,,,,,
consensus_scores.xlsx,Sheet1,84,consensus_scores,,core,hikari,,,,,,,flow_pkts_payload.min,24,44.83333333333334,844,0.2352852959678309,,,,,
consensus_scores.xlsx,Sheet1,85,consensus_scores,,core,hikari,,,,,,,flow_pkts_payload.std,24,38.66666666666666,992,0.2531681696677303,,,,,
consensus_scores.xlsx,Sheet1,86,consensus_scores,,core,hikari,,,,,,,flow_pkts_payload.tot,24,29.25,1218,0.284569250634148,,,,,
consensus_scores.xlsx,Sheet1,87,consensus_scores,,core,hikari,,,,,,,flow_pkts_per_sec,24,23.875,1347,0.2910950660128142,,,,,
consensus_scores.xlsx,Sheet1,88,consensus_scores,,core,hikari,,,,,,,fwd_PSH_flag_count,24,36.125,1053,0.2599394584331058,,,,,
consensus_scores.xlsx,Sheet1,89,consensus_scores,,core,hikari,,,,,,,fwd_URG_flag_count,24,63.83333333333334,388,0.1991190522629814,,,,,
consensus_scores.xlsx,Sheet1,90,consensus_scores,,core,hikari,,,,,,,fwd_bulk_bytes,24,48.16666666666666,764,0.237872386845131,,,,,
consensus_scores.xlsx,Sheet1,91,consensus_scores,,core,hikari,,,,,,,fwd_bulk_packets,24,57.125,549,0.2146391372250234,,,,,
consensus_scores.xlsx,Sheet1,92,consensus_scores,,core,hikari,,,,,,,fwd_bulk_rate,24,54.58333333333334,610,0.2199591582871432,,,,,
consensus_scores.xlsx,Sheet1,93,consensus_scores,,core,hikari,,,,,,,fwd_data_pkts_tot,24,23.875,1347,0.2992531882260508,,,,,
consensus_scores.xlsx,Sheet1,94,consensus_scores,,core,hikari,,,,,,,fwd_header_size_max,24,52.79166666666666,653,0.2232159239430849,,,,,
consensus_scores.xlsx,Sheet1,95,consensus_scores,,core,hikari,,,,,,,fwd_header_size_min,24,30.29166666666667,1193,0.2811816991465189,,,,,
consensus_scores.xlsx,Sheet1,96,consensus_scores,,core,hikari,,,,,,,fwd_header_size_tot,24,38.25,1002,0.2543186211904632,,,,,
consensus_scores.xlsx,Sheet1,97,consensus_scores,,core,hikari,,,,,,,fwd_iat.avg,24,23.95833333333333,1345,0.291508773549619,,,,,
consensus_scores.xlsx,Sheet1,98,consensus_scores,,core,hikari,,,,,,,fwd_iat.max,24,27.91666666666667,1250,0.2832790174234372,,,,,
consensus_scores.xlsx,Sheet1,99,consensus_scores,,core,hikari,,,,,,,fwd_iat.min,24,45.875,819,0.2360677065290039,,,,,
consensus_scores.xlsx,Sheet1,100,consensus_scores,,core,hikari,,,,,,,fwd_iat.std,24,38.54166666666666,995,0.2581733888280954,,,,,
consensus_scores.xlsx,Sheet1,101,consensus_scores,,core,hikari,,,,,,,fwd_iat.tot,24,35.45833333333334,1069,0.2656027732619297,,,,,
consensus_scores.xlsx,Sheet1,102,consensus_scores,,core,hikari,,,,,,,fwd_init_window_size,24,47.45833333333334,781,0.2341100009615291,,,,,
consensus_scores.xlsx,Sheet1,103,consensus_scores,,core,hikari,,,,,,,fwd_last_window_size,24,29.29166666666667,1217,0.2855010550183068,,,,,
consensus_scores.xlsx,Sheet1,104,consensus_scores,,core,hikari,,,,,,,fwd_pkts_payload.avg,24,24.5,1332,0.2993026954517237,,,,,
consensus_scores.xlsx,Sheet1,105,consensus_scores,,core,hikari,,,,,,,fwd_pkts_payload.max,24,21.33333333333333,1408,0.3042280585058448,,,,,
consensus_scores.xlsx,Sheet1,106,consensus_scores,,core,hikari,,,,,,,fwd_pkts_payload.min,24,44.25,858,0.2353975119079875,,,,,
consensus_scores.xlsx,Sheet1,107,consensus_scores,,core,hikari,,,,,,,fwd_pkts_payload.std,24,20.45833333333333,1429,0.30662461507036,,,,,
consensus_scores.xlsx,Sheet1,108,consensus_scores,,core,hikari,,,,,,,fwd_pkts_payload.tot,24,23.66666666666667,1352,0.2954565550861399,,,,,
consensus_scores.xlsx,Sheet1,109,consensus_scores,,core,hikari,,,,,,,fwd_pkts_per_sec,24,24,1344,0.2894108355817581,,,,,
consensus_scores.xlsx,Sheet1,110,consensus_scores,,core,hikari,,,,,,,fwd_pkts_tot,24,36.70833333333334,1039,0.2594673031273141,,,,,
consensus_scores.xlsx,Sheet1,111,consensus_scores,,core,hikari,,,,,,,fwd_subflow_bytes,24,24.08333333333333,1342,0.3107204787897253,,,,,
consensus_scores.xlsx,Sheet1,112,consensus_scores,,core,hikari,,,,,,,fwd_subflow_pkts,24,36.91666666666666,1034,0.2673420961236767,,,,,
consensus_scores.xlsx,Sheet1,113,consensus_scores,,core,hikari,,,,,,,idle.avg,24,60.20833333333334,475,0.202072032061544,,,,,
consensus_scores.xlsx,Sheet1,114,consensus_scores,,core,hikari,,,,,,,idle.max,24,49.66666666666666,728,0.2240966625797466,,,,,
consensus_scores.xlsx,Sheet1,115,consensus_scores,,core,hikari,,,,,,,idle.min,24,63.08333333333334,406,0.1961149996022529,,,,,
consensus_scores.xlsx,Sheet1,116,consensus_scores,,core,hikari,,,,,,,idle.std,24,56.375,567,0.212769619560212,,,,,
consensus_scores.xlsx,Sheet1,117,consensus_scores,,core,hikari,,,,,,,idle.tot,24,54.95833333333334,601,0.2158733173328566,,,,,
consensus_scores.xlsx,Sheet1,118,consensus_scores,,core,hikari,,,,,,,payload_bytes_per_second,24,36.875,1035,0.2588525596763616,,,,,
consensus_scores.xlsx,Sheet1,119,consensus_scores,,core,unsw,,,,,,,ackdat,24,37.375,159,0.247463815212245,,,,,
consensus_scores.xlsx,Sheet1,120,consensus_scores,,core,unsw,,,,,,,ct_dst_ltm,24,20.58333333333333,562,0.3061723133195655,,,,,
consensus_scores.xlsx,Sheet1,121,consensus_scores,,core,unsw,,,,,,,ct_dst_sport_ltm,24,22.91666666666667,506,0.2947964000819859,,,,,
consensus_scores.xlsx,Sheet1,122,consensus_scores,,core,unsw,,,,,,,ct_dst_src_ltm,24,29.125,357,0.2755357537659383,,,,,
consensus_scores.xlsx,Sheet1,123,consensus_scores,,core,unsw,,,,,,,ct_flw_http_mthd,24,18.45833333333333,613,0.3112735212042184,,,,,
consensus_scores.xlsx,Sheet1,124,consensus_scores,,core,unsw,,,,,,,ct_ftp_cmd,24,28,384,0.2782876992059682,,,,,
consensus_scores.xlsx,Sheet1,125,consensus_scores,,core,unsw,,,,,,,ct_src_dport_ltm,24,11,792,0.3416213693201654,,,,,
consensus_scores.xlsx,Sheet1,126,consensus_scores,,core,unsw,,,,,,,ct_src_ltm,24,33.08333333333334,262,0.2603548412800307,,,,,
consensus_scores.xlsx,Sheet1,127,consensus_scores,,core,unsw,,,,,,,ct_srv_dst,24,13.41666666666667,734,0.3306060425804282,,,,,
consensus_scores.xlsx,Sheet1,128,consensus_scores,,core,unsw,,,,,,,ct_srv_src,24,18.91666666666667,602,0.3077963453301592,,,,,
consensus_scores.xlsx,Sheet1,129,consensus_scores,,core,unsw,,,,,,,ct_state_ttl,24,19.20833333333333,595,0.3094768134147124,,,,,
consensus_scores.xlsx,Sheet1,130,consensus_scores,,core,unsw,,,,,,,dbytes,24,10.875,795,0.3453892287281867,,,,,
consensus_scores.xlsx,Sheet1,131,consensus_scores,,core,unsw,,,,,,,dintpkt,24,26.54166666666667,419,0.281639095196901,,,,,
consensus_scores.xlsx,Sheet1,132,consensus_scores,,core,unsw,,,,,,,djit,24,17.41666666666667,638,0.3178478412206444,,,,,
consensus_scores.xlsx,Sheet1,133,consensus_scores,,core,unsw,,,,,,,dload,24,18.54166666666667,611,0.3138131432440952,,,,,
consensus_scores.xlsx,Sheet1,134,consensus_scores,,core,unsw,,,,,,,dloss,24,14.375,711,0.3285718048559885,,,,,
consensus_scores.xlsx,Sheet1,135,consensus_scores,,core,unsw,,,,,,,dmeansz,24,31,312,0.2663009570583444,,,,,
consensus_scores.xlsx,Sheet1,136,consensus_scores,,core,unsw,,,,,,,dpkts,24,26.08333333333333,430,0.2833765567599168,,,,,
consensus_scores.xlsx,Sheet1,137,consensus_scores,,core,unsw,,,,,,,dtcpb,24,29.375,351,0.2707672429619367,,,,,
consensus_scores.xlsx,Sheet1,138,consensus_scores,,core,unsw,,,,,,,dttl,24,26.375,423,0.2802358077908723,,,,,
consensus_scores.xlsx,Sheet1,139,consensus_scores,,core,unsw,,,,,,,dur,24,21.45833333333333,541,0.2982497702423524,,,,,
consensus_scores.xlsx,Sheet1,140,consensus_scores,,core,unsw,,,,,,,dwin,24,22.04166666666667,527,0.2980011984208301,,,,,
consensus_scores.xlsx,Sheet1,141,consensus_scores,,core,unsw,,,,,,,is_ftp_login,24,22.20833333333333,523,0.2962957847972125,,,,,
consensus_scores.xlsx,Sheet1,142,consensus_scores,,core,unsw,,,,,,,is_sm_ips_ports,24,31.20833333333333,307,0.267428352123815,,,,,
consensus_scores.xlsx,Sheet1,143,consensus_scores,,core,unsw,,,,,,,ltime,24,18.875,603,0.3071847627544094,,,,,
consensus_scores.xlsx,Sheet1,144,consensus_scores,,core,unsw,,,,,,,proto,24,21.125,549,0.3010070010875697,,,,,
consensus_scores.xlsx,Sheet1,145,consensus_scores,,core,unsw,,,,,,,res_bdy_len,24,20.375,567,0.3034993551391811,,,,,
consensus_scores.xlsx,Sheet1,146,consensus_scores,,core,unsw,,,,,,,sbytes,24,6.125,909,0.3669548050263234,,,,,
consensus_scores.xlsx,Sheet1,147,consensus_scores,,core,unsw,,,,,,,service,24,26.66666666666667,416,0.2815483726420981,,,,,
consensus_scores.xlsx,Sheet1,148,consensus_scores,,core,unsw,,,,,,,sintpkt,24,16.20833333333333,667,0.3194253061883652,,,,,
consensus_scores.xlsx,Sheet1,149,consensus_scores,,core,unsw,,,,,,,sjit,24,21.45833333333333,541,0.2980712844392615,,,,,
consensus_scores.xlsx,Sheet1,150,consensus_scores,,core,unsw,,,,,,,sload,24,24.04166666666667,479,0.291867328721102,,,,,
consensus_scores.xlsx,Sheet1,151,consensus_scores,,core,unsw,,,,,,,sloss,24,17.33333333333333,640,0.3158300238890567,,,,,
consensus_scores.xlsx,Sheet1,152,consensus_scores,,core,unsw,,,,,,,smeansz,24,34.58333333333334,226,0.2555114564946055,,,,,
consensus_scores.xlsx,Sheet1,153,consensus_scores,,core,unsw,,,,,,,spkts,24,21.375,543,0.3022592052723988,,,,,
consensus_scores.xlsx,Sheet1,154,consensus_scores,,core,unsw,,,,,,,state,24,18.625,609,0.3124001772500841,,,,,
consensus_scores.xlsx,Sheet1,155,consensus_scores,,core,unsw,,,,,,,stcpb,24,11.58333333333333,778,0.339528904285633,,,,,
consensus_scores.xlsx,Sheet1,156,consensus_scores,,core,unsw,,,,,,,stime,24,23.41666666666667,494,0.2946893622847593,,,,,
consensus_scores.xlsx,Sheet1,157,consensus_scores,,core,unsw,,,,,,,sttl,24,22.91666666666667,506,0.2923960241719138,,,,,
consensus_scores.xlsx,Sheet1,158,consensus_scores,,core,unsw,,,,,,,swin,24,28.54166666666667,371,0.2762488002691209,,,,,
consensus_scores.xlsx,Sheet1,159,consensus_scores,,core,unsw,,,,,,,synack,24,6,912,0.3678781912495165,,,,,
consensus_scores.xlsx,Sheet1,160,consensus_scores,,core,unsw,,,,,,,tcprtt,24,29.875,339,0.2718791255815818,,,,,
consensus_scores.xlsx,Sheet1,161,consensus_scores,,core,unsw,,,,,,,trans_depth,24,27.29166666666667,401,0.2766169164068454,,,,,
consensus_tiers_and_core_features.xlsx,Sheet1,1,consensus_tiers_and_core_features,,core,ciciot,,,,,,,ARP,24,25.66666666666667,344,0.2828987721657005,2,3,Marginal,,
consensus_tiers_and_core_features.xlsx,Sheet1,2,consensus_tiers_and_core_features,,core,ciciot,,,,,,,AVG,24,15.66666666666667,584,0.3215549010498727,1,1,Core,,
consensus_tiers_and_core_features.xlsx,Sheet1,3,consensus_tiers_and_core_features,,core,ciciot,,,,,,,DHCP,24,31.375,207,0.2647686900307553,2,3,Marginal,,
consensus_tiers_and_core_features.xlsx,Sheet1,4,consensus_tiers_and_core_features,,core,ciciot,,,,,,,DNS,24,20,480,0.3035500343488254,0,2,Important,,
consensus_tiers_and_core_features.xlsx,Sheet1,5,consensus_tiers_and_core_features,,core,ciciot,,,,,,,HTTP,24,24.45833333333333,373,0.2871469281430804,0,2,Important,,
consensus_tiers_and_core_features.xlsx,Sheet1,6,consensus_tiers_and_core_features,,core,ciciot,,,,,,,HTTPS,24,7.25,786,0.3591512029357806,1,1,Core,,
consensus_tiers_and_core_features.xlsx,Sheet1,7,consensus_tiers_and_core_features,,core,ciciot,,,,,,,Header_Length,24,13.125,645,0.3336252736254862,1,1,Core,,
consensus_tiers_and_core_features.xlsx,Sheet1,8,consensus_tiers_and_core_features,,core,ciciot,,,,,,,IAT,24,17.16666666666667,548,0.3211165149012114,1,1,Core,,
consensus_tiers_and_core_features.xlsx,Sheet1,9,consensus_tiers_and_core_features,,core,ciciot,,,,,,,ICMP,24,21.75,438,0.2971766025599449,0,2,Important,,
consensus_tiers_and_core_features.xlsx,Sheet1,10,consensus_tiers_and_core_features,,core,ciciot,,,,,,,IGMP,24,32.125,189,0.2629798457972371,2,3,Marginal,,
consensus_tiers_and_core_features.xlsx,Sheet1,11,consensus_tiers_and_core_features,,core,ciciot,,,,,,,IPv,24,26.04166666666667,335,0.282507329164893,2,3,Marginal,,
consensus_tiers_and_core_features.xlsx,Sheet1,12,consensus_tiers_and_core_features,,core,ciciot,,,,,,,IRC,24,28.83333333333333,268,0.2725867936355013,2,3,Marginal,,
consensus_tiers_and_core_features.xlsx,Sheet1,13,consensus_tiers_and_core_features,,core,ciciot,,,,,,,LLC,24,28.41666666666667,278,0.2740590429702449,2,3,Marginal,,
consensus_tiers_and_core_features.xlsx,Sheet1,14,consensus_tiers_and_core_features,,core,ciciot,,,,,,,Max,24,12.83333333333333,652,0.3346620741264323,1,1,Core,,
consensus_tiers_and_core_features.xlsx,Sheet1,15,consensus_tiers_and_core_features,,core,ciciot,,,,,,,Min,24,21.58333333333333,442,0.2989781855222712,0,2,Important,,
consensus_tiers_and_core_features.xlsx,Sheet1,16,consensus_tiers_and_core_features,,core,ciciot,,,,,,,Number,24,5.958333333333333,817,0.3690715940090159,1,1,Core,,
consensus_tiers_and_core_features.xlsx,Sheet1,17,consensus_tiers_and_core_features,,core,ciciot,,,,,,,Protocol Type,24,22.875,411,0.2932620551844914,0,2,Important,,
consensus_tiers_and_core_features.xlsx,Sheet1,18,consensus_tiers_and_core_features,,core,ciciot,,,,,,,Rate,24,15,600,0.3242099889471921,1,1,Core,,
consensus_tiers_and_core_features.xlsx,Sheet1,19,consensus_tiers_and_core_features,,core,ciciot,,,,,,,SMTP,24,31,216,0.2659918337406264,2,3,Marginal,,
consensus_tiers_and_core_features.xlsx,Sheet1,20,consensus_tiers_and_core_features,,core,ciciot,,,,,,,SSH,24,27.79166666666667,293,0.2759067249140543,2,3,Marginal,,
consensus_tiers_and_core_features.xlsx,Sheet1,21,consensus_tiers_and_core_features,,core,ciciot,,,,,,,Std,24,14.08333333333333,622,0.3286290558427888,1,1,Core,,
consensus_tiers_and_core_features.xlsx,Sheet1,22,consensus_tiers_and_core_features,,core,ciciot,,,,,,,TCP,24,16.41666666666667,566,0.3163359247463655,1,1,Core,,
consensus_tiers_and_core_features.xlsx,Sheet1,23,consensus_tiers_and_core_features,,core,ciciot,,,,,,,Telnet,24,32.08333333333334,190,0.2631965236801938,2,3,Marginal,,
consensus_tiers_and_core_features.xlsx,Sheet1,24,consensus_tiers_and_core_features,,core,ciciot,,,,,,,Time_To_Live,24,14.16666666666667,620,0.3284706910275431,1,1,Core,,
consensus_tiers_and_core_features.xlsx,Sheet1,25,consensus_tiers_and_core_features,,core,ciciot,,,,,,,Tot size,24,15.375,591,0.3241423807181338,1,1,Core,,
consensus_tiers_and_core_features.xlsx,Sheet1,26,consensus_tiers_and_core_features,,core,ciciot,,,,,,,Tot sum,24,17,552,0.3189248549743337,1,1,Core,,
consensus_tiers_and_core_features.xlsx,Sheet1,27,consensus_tiers_and_core_features,,core,ciciot,,,,,,,UDP,24,20.08333333333333,478,0.3032959821676378,0,2,Important,,
consensus_tiers_and_core_features.xlsx,Sheet1,28,consensus_tiers_and_core_features,,core,ciciot,,,,,,,Variance,24,12.54166666666667,659,0.3332405702399438,1,1,Core,,
consensus_tiers_and_core_features.xlsx,Sheet1,29,consensus_tiers_and_core_features,,core,ciciot,,,,,,,ack_count,24,15.83333333333333,580,0.322517804854021,1,1,Core,,
consensus_tiers_and_core_features.xlsx,Sheet1,30,consensus_tiers_and_core_features,,core,ciciot,,,,,,,ack_flag_number,24,11.08333333333333,694,0.3432165303780956,1,1,Core,,
consensus_tiers_and_core_features.xlsx,Sheet1,31,consensus_tiers_and_core_features,,core,ciciot,,,,,,,cwr_flag_number,24,26.54166666666667,323,0.281001826339229,2,3,Marginal,,
consensus_tiers_and_core_features.xlsx,Sheet1,32,consensus_tiers_and_core_features,,core,ciciot,,,,,,,ece_flag_number,24,28.75,270,0.2721194647231207,2,3,Marginal,,
consensus_tiers_and_core_features.xlsx,Sheet1,33,consensus_tiers_and_core_features,,core,ciciot,,,,,,,fin_count,24,20.29166666666667,473,0.3027753080707349,0,2,Important,,
consensus_tiers_and_core_features.xlsx,Sheet1,34,consensus_tiers_and_core_features,,core,ciciot,,,,,,,fin_flag_number,24,22.5,420,0.2935635722091641,0,2,Important,,
consensus_tiers_and_core_features.xlsx,Sheet1,35,consensus_tiers_and_core_features,,core,ciciot,,,,,,,psh_flag_number,24,17.91666666666667,530,0.3107262567250711,0,2,Important,,
consensus_tiers_and_core_features.xlsx,Sheet1,36,consensus_tiers_and_core_features,,core,ciciot,,,,,,,rst_count,24,22.66666666666667,416,0.29324495554398,0,2,Important,,
consensus_tiers_and_core_features.xlsx,Sheet1,37,consensus_tiers_and_core_features,,core,ciciot,,,,,,,rst_flag_number,24,16.5,564,0.3198238906243971,1,1,Core,,
consensus_tiers_and_core_features.xlsx,Sheet1,38,consensus_tiers_and_core_features,,core,ciciot,,,,,,,syn_count,24,15.29166666666667,593,0.3226715920348416,1,1,Core,,
consensus_tiers_and_core_features.xlsx,Sheet1,39,consensus_tiers_and_core_features,,core,ciciot,,,,,,,syn_flag_number,24,11.95833333333333,673,0.3370689398369659,1,1,Core,,
consensus_tiers_and_core_features.xlsx,Sheet1,40,consensus_tiers_and_core_features,,core,hikari,,,,,,,active.avg,24,36.875,1035,0.2564096222000311,2,2,Important,,
consensus_tiers_and_core_features.xlsx,Sheet1,41,consensus_tiers_and_core_features,,core,hikari,,,,,,,active.max,24,41.25,930,0.2480805747068736,2,2,Important,,
consensus_tiers_and_core_features.xlsx,Sheet1,42,consensus_tiers_and_core_features,,core,hikari,,,,,,,active.min,24,29.125,1221,0.273708734120896,0,1,Core,,
consensus_tiers_and_core_features.xlsx,Sheet1,43,consensus_tiers_and_core_features,,core,hikari,,,,,,,active.std,24,66.375,327,0.191774974225841,1,3,Marginal,,
consensus_tiers_and_core_features.xlsx,Sheet1,44,consensus_tiers_and_core_features,,core,hikari,,,,,,,active.tot,24,41.70833333333334,919,0.2517744487051274,2,2,Important,,
consensus_tiers_and_core_features.xlsx,Sheet1,45,consensus_tiers_and_core_features,,core,hikari,,,,,,,bwd_PSH_flag_count,24,45.04166666666666,839,0.2321341693012749,2,2,Important,,
consensus_tiers_and_core_features.xlsx,Sheet1,46,consensus_tiers_and_core_features,,core,hikari,,,,,,,bwd_URG_flag_count,24,66.33333333333333,328,0.1976465823520439,1,3,Marginal,,
consensus_tiers_and_core_features.xlsx,Sheet1,47,consensus_tiers_and_core_features,,core,hikari,,,,,,,bwd_bulk_bytes,24,55,600,0.2142770402490135,1,3,Marginal,,
consensus_tiers_and_core_features.xlsx,Sheet1,48,consensus_tiers_and_core_features,,core,hikari,,,,,,,bwd_bulk_packets,24,58.58333333333334,514,0.2059371327185737,1,3,Marginal,,
consensus_tiers_and_core_features.xlsx,Sheet1,49,consensus_tiers_and_core_features,,core,hikari,,,,,,,bwd_bulk_rate,24,33.25,1122,0.2819367751278076,0,1,Core,,
consensus_tiers_and_core_features.xlsx,Sheet1,50,consensus_tiers_and_core_features,,core,hikari,,,,,,,bwd_data_pkts_tot,24,44.58333333333334,850,0.2357375896317953,2,2,Important,,
consensus_tiers_and_core_features.xlsx,Sheet1,51,consensus_tiers_and_core_features,,core,hikari,,,,,,,bwd_header_size_max,24,43.95833333333334,865,0.2417810689419109,2,2,Important,,
consensus_tiers_and_core_features.xlsx,Sheet1,52,consensus_tiers_and_core_features,,core,hikari,,,,,,,bwd_header_size_min,24,31.25,1170,0.275079588871776,0,1,Core,,
consensus_tiers_and_core_features.xlsx,Sheet1,53,consensus_tiers_and_core_features,,core,hikari,,,,,,,bwd_header_size_tot,24,39.33333333333334,976,0.25852992174241,2,2,Important,,
consensus_tiers_and_core_features.xlsx,Sheet1,54,consensus_tiers_and_core_features,,core,hikari,,,,,,,bwd_iat.avg,24,42.29166666666666,905,0.2436348349596452,2,2,Important,,
consensus_tiers_and_core_features.xlsx,Sheet1,55,consensus_tiers_and_core_features,,core,hikari,,,,,,,bwd_iat.max,24,47.58333333333334,778,0.2251300570047921,1,3,Marginal,,
consensus_tiers_and_core_features.xlsx,Sheet1,56,consensus_tiers_and_core_features,,core,hikari,,,,,,,bwd_iat.min,24,44.16666666666666,860,0.24161672131275,2,2,Important,,
consensus_tiers_and_core_features.xlsx,Sheet1,57,consensus_tiers_and_core_features,,core,hikari,,,,,,,bwd_iat.std,24,45.375,831,0.23439823078965,2,2,Important,,
consensus_tiers_and_core_features.xlsx,Sheet1,58,consensus_tiers_and_core_features,,core,hikari,,,,,,,bwd_iat.tot,24,42.04166666666666,911,0.2416064970661269,2,2,Important,,
consensus_tiers_and_core_features.xlsx,Sheet1,59,consensus_tiers_and_core_features,,core,hikari,,,,,,,bwd_init_window_size,24,17.66666666666667,1496,0.3251275882772944,0,1,Core,,
consensus_tiers_and_core_features.xlsx,Sheet1,60,consensus_tiers_and_core_features,,core,hikari,,,,,,,bwd_pkts_payload.avg,24,36.29166666666666,1049,0.2622861331909409,2,2,Important,,
consensus_tiers_and_core_features.xlsx,Sheet1,61,consensus_tiers_and_core_features,,core,hikari,,,,,,,bwd_pkts_payload.max,24,36.20833333333334,1051,0.2638846711769819,2,2,Important,,
consensus_tiers_and_core_features.xlsx,Sheet1,62,consensus_tiers_and_core_features,,core,hikari,,,,,,,bwd_pkts_payload.min,24,37.33333333333334,1024,0.2687525516312379,2,2,Important,,
consensus_tiers_and_core_features.xlsx,Sheet1,63,consensus_tiers_and_core_features,,core,hikari,,,,,,,bwd_pkts_payload.std,24,42.5,900,0.2418545546289408,2,2,Important,,
consensus_tiers_and_core_features.xlsx,Sheet1,64,consensus_tiers_and_core_features,,core,hikari,,,,,,,bwd_pkts_payload.tot,24,34,1104,0.2666432712374762,2,2,Important,,
consensus_tiers_and_core_features.xlsx,Sheet1,65,consensus_tiers_and_core_features,,core,hikari,,,,,,,bwd_pkts_per_sec,24,29.875,1203,0.2756103880361922,0,1,Core,,
consensus_tiers_and_core_features.xlsx,Sheet1,66,consensus_tiers_and_core_features,,core,hikari,,,,,,,bwd_pkts_tot,24,41.83333333333334,916,0.2478033147613424,2,2,Important,,
consensus_tiers_and_core_features.xlsx,Sheet1,67,consensus_tiers_and_core_features,,core,hikari,,,,,,,bwd_subflow_bytes,24,41.5,924,0.2463110407864706,2,2,Important,,
consensus_tiers_and_core_features.xlsx,Sheet1,68,consensus_tiers_and_core_features,,core,hikari,,,,,,,bwd_subflow_pkts,24,39.75,966,0.248984815253767,2,2,Important,,
consensus_tiers_and_core_features.xlsx,Sheet1,69,consensus_tiers_and_core_features,,core,hikari,,,,,,,down_up_ratio,24,24.20833333333333,1339,0.2944127033872357,0,1,Core,,
consensus_tiers_and_core_features.xlsx,Sheet1,70,consensus_tiers_and_core_features,,core,hikari,,,,,,,flow_ACK_flag_count,24,54.83333333333334,604,0.2107638397063705,1,3,Marginal,,
consensus_tiers_and_core_features.xlsx,Sheet1,71,consensus_tiers_and_core_features,,core,hikari,,,,,,,flow_CWR_flag_count,24,62,432,0.2031355737037049,1,3,Marginal,,
consensus_tiers_and_core_features.xlsx,Sheet1,72,consensus_tiers_and_core_features,,core,hikari,,,,,,,flow_ECE_flag_count,24,66.16666666666667,332,0.1989532926801622,1,3,Marginal,,
consensus_tiers_and_core_features.xlsx,Sheet1,73,consensus_tiers_and_core_features,,core,hikari,,,,,,,flow_FIN_flag_count,24,30.25,1194,0.2826735653095149,0,1,Core,,
consensus_tiers_and_core_features.xlsx,Sheet1,74,consensus_tiers_and_core_features,,core,hikari,,,,,,,flow_RST_flag_count,24,28.41666666666667,1238,0.2938061718065282,0,1,Core,,
consensus_tiers_and_core_features.xlsx,Sheet1,75,consensus_tiers_and_core_features,,core,hikari,,,,,,,flow_SYN_flag_count,24,39.70833333333334,967,0.2516653174798344,2,2,Important,,
consensus_tiers_and_core_features.xlsx,Sheet1,76,consensus_tiers_and_core_features,,core,hikari,,,,,,,flow_duration,24,36.75,1038,0.2586818600770861,2,2,Important,,
consensus_tiers_and_core_features.xlsx,Sheet1,77,consensus_tiers_and_core_features,,core,hikari,,,,,,,flow_iat.avg,24,37.20833333333334,1027,0.2525143776359708,2,2,Important,,
consensus_tiers_and_core_features.xlsx,Sheet1,78,consensus_tiers_and_core_features,,core,hikari,,,,,,,flow_iat.max,24,34,1104,0.265683952293366,2,2,Important,,
consensus_tiers_and_core_features.xlsx,Sheet1,79,consensus_tiers_and_core_features,,core,hikari,,,,,,,flow_iat.min,24,40.16666666666666,956,0.2535475533956842,2,2,Important,,
consensus_tiers_and_core_features.xlsx,Sheet1,80,consensus_tiers_and_core_features,,core,hikari,,,,,,,flow_iat.std,24,34.375,1095,0.2636787189426992,2,2,Important,,
consensus_tiers_and_core_features.xlsx,Sheet1,81,consensus_tiers_and_core_features,,core,hikari,,,,,,,flow_iat.tot,24,40.54166666666666,947,0.2493889103710542,2,2,Important,,
consensus_tiers_and_core_features.xlsx,Sheet1,82,consensus_tiers_and_core_features,,core,hikari,,,,,,,flow_pkts_payload.avg,24,19,1464,0.3146090068861748,0,1,Core,,
consensus_tiers_and_core_features.xlsx,Sheet1,83,consensus_tiers_and_core_features,,core,hikari,,,,,,,flow_pkts_payload.max,24,34.04166666666666,1103,0.2723316628525551,0,1,Core,,
consensus_tiers_and_core_features.xlsx,Sheet1,84,consensus_tiers_and_core_features,,core,hikari,,,,,,,flow_pkts_payload.min,24,44.83333333333334,844,0.2352852959678309,2,2,Important,,
consensus_tiers_and_core_features.xlsx,Sheet1,85,consensus_tiers_and_core_features,,core,hikari,,,,,,,flow_pkts_payload.std,24,38.66666666666666,992,0.2531681696677303,2,2,Important,,
consensus_tiers_and_core_features.xlsx,Sheet1,86,consensus_tiers_and_core_features,,core,hikari,,,,,,,flow_pkts_payload.tot,24,29.25,1218,0.284569250634148,0,1,Core,,
consensus_tiers_and_core_features.xlsx,Sheet1,87,consensus_tiers_and_core_features,,core,hikari,,,,,,,flow_pkts_per_sec,24,23.875,1347,0.2910950660128142,0,1,Core,,
consensus_tiers_and_core_features.xlsx,Sheet1,88,consensus_tiers_and_core_features,,core,hikari,,,,,,,fwd_PSH_flag_count,24,36.125,1053,0.2599394584331058,2,2,Important,,
consensus_tiers_and_core_features.xlsx,Sheet1,89,consensus_tiers_and_core_features,,core,hikari,,,,,,,fwd_URG_flag_count,24,63.83333333333334,388,0.1991190522629814,1,3,Marginal,,
consensus_tiers_and_core_features.xlsx,Sheet1,90,consensus_tiers_and_core_features,,core,hikari,,,,,,,fwd_bulk_bytes,24,48.16666666666666,764,0.237872386845131,2,2,Important,,
consensus_tiers_and_core_features.xlsx,Sheet1,91,consensus_tiers_and_core_features,,core,hikari,,,,,,,fwd_bulk_packets,24,57.125,549,0.2146391372250234,1,3,Marginal,,
consensus_tiers_and_core_features.xlsx,Sheet1,92,consensus_tiers_and_core_features,,core,hikari,,,,,,,fwd_bulk_rate,24,54.58333333333334,610,0.2199591582871432,1,3,Marginal,,
consensus_tiers_and_core_features.xlsx,Sheet1,93,consensus_tiers_and_core_features,,core,hikari,,,,,,,fwd_data_pkts_tot,24,23.875,1347,0.2992531882260508,0,1,Core,,
consensus_tiers_and_core_features.xlsx,Sheet1,94,consensus_tiers_and_core_features,,core,hikari,,,,,,,fwd_header_size_max,24,52.79166666666666,653,0.2232159239430849,1,3,Marginal,,
consensus_tiers_and_core_features.xlsx,Sheet1,95,consensus_tiers_and_core_features,,core,hikari,,,,,,,fwd_header_size_min,24,30.29166666666667,1193,0.2811816991465189,0,1,Core,,
consensus_tiers_and_core_features.xlsx,Sheet1,96,consensus_tiers_and_core_features,,core,hikari,,,,,,,fwd_header_size_tot,24,38.25,1002,0.2543186211904632,2,2,Important,,
consensus_tiers_and_core_features.xlsx,Sheet1,97,consensus_tiers_and_core_features,,core,hikari,,,,,,,fwd_iat.avg,24,23.95833333333333,1345,0.291508773549619,0,1,Core,,
consensus_tiers_and_core_features.xlsx,Sheet1,98,consensus_tiers_and_core_features,,core,hikari,,,,,,,fwd_iat.max,24,27.91666666666667,1250,0.2832790174234372,0,1,Core,,
consensus_tiers_and_core_features.xlsx,Sheet1,99,consensus_tiers_and_core_features,,core,hikari,,,,,,,fwd_iat.min,24,45.875,819,0.2360677065290039,2,2,Important,,
consensus_tiers_and_core_features.xlsx,Sheet1,100,consensus_tiers_and_core_features,,core,hikari,,,,,,,fwd_iat.std,24,38.54166666666666,995,0.2581733888280954,2,2,Important,,
consensus_tiers_and_core_features.xlsx,Sheet1,101,consensus_tiers_and_core_features,,core,hikari,,,,,,,fwd_iat.tot,24,35.45833333333334,1069,0.2656027732619297,2,2,Important,,
consensus_tiers_and_core_features.xlsx,Sheet1,102,consensus_tiers_and_core_features,,core,hikari,,,,,,,fwd_init_window_size,24,47.45833333333334,781,0.2341100009615291,2,2,Important,,
consensus_tiers_and_core_features.xlsx,Sheet1,103,consensus_tiers_and_core_features,,core,hikari,,,,,,,fwd_last_window_size,24,29.29166666666667,1217,0.2855010550183068,0,1,Core,,
consensus_tiers_and_core_features.xlsx,Sheet1,104,consensus_tiers_and_core_features,,core,hikari,,,,,,,fwd_pkts_payload.avg,24,24.5,1332,0.2993026954517237,0,1,Core,,
consensus_tiers_and_core_features.xlsx,Sheet1,105,consensus_tiers_and_core_features,,core,hikari,,,,,,,fwd_pkts_payload.max,24,21.33333333333333,1408,0.3042280585058448,0,1,Core,,
consensus_tiers_and_core_features.xlsx,Sheet1,106,consensus_tiers_and_core_features,,core,hikari,,,,,,,fwd_pkts_payload.min,24,44.25,858,0.2353975119079875,2,2,Important,,
consensus_tiers_and_core_features.xlsx,Sheet1,107,consensus_tiers_and_core_features,,core,hikari,,,,,,,fwd_pkts_payload.std,24,20.45833333333333,1429,0.30662461507036,0,1,Core,,
consensus_tiers_and_core_features.xlsx,Sheet1,108,consensus_tiers_and_core_features,,core,hikari,,,,,,,fwd_pkts_payload.tot,24,23.66666666666667,1352,0.2954565550861399,0,1,Core,,
consensus_tiers_and_core_features.xlsx,Sheet1,109,consensus_tiers_and_core_features,,core,hikari,,,,,,,fwd_pkts_per_sec,24,24,1344,0.2894108355817581,0,1,Core,,
consensus_tiers_and_core_features.xlsx,Sheet1,110,consensus_tiers_and_core_features,,core,hikari,,,,,,,fwd_pkts_tot,24,36.70833333333334,1039,0.2594673031273141,2,2,Important,,
consensus_tiers_and_core_features.xlsx,Sheet1,111,consensus_tiers_and_core_features,,core,hikari,,,,,,,fwd_subflow_bytes,24,24.08333333333333,1342,0.3107204787897253,0,1,Core,,
consensus_tiers_and_core_features.xlsx,Sheet1,112,consensus_tiers_and_core_features,,core,hikari,,,,,,,fwd_subflow_pkts,24,36.91666666666666,1034,0.2673420961236767,2,2,Important,,
consensus_tiers_and_core_features.xlsx,Sheet1,113,consensus_tiers_and_core_features,,core,hikari,,,,,,,idle.avg,24,60.20833333333334,475,0.202072032061544,1,3,Marginal,,
consensus_tiers_and_core_features.xlsx,Sheet1,114,consensus_tiers_and_core_features,,core,hikari,,,,,,,idle.max,24,49.66666666666666,728,0.2240966625797466,1,3,Marginal,,
consensus_tiers_and_core_features.xlsx,Sheet1,115,consensus_tiers_and_core_features,,core,hikari,,,,,,,idle.min,24,63.08333333333334,406,0.1961149996022529,1,3,Marginal,,
consensus_tiers_and_core_features.xlsx,Sheet1,116,consensus_tiers_and_core_features,,core,hikari,,,,,,,idle.std,24,56.375,567,0.212769619560212,1,3,Marginal,,
consensus_tiers_and_core_features.xlsx,Sheet1,117,consensus_tiers_and_core_features,,core,hikari,,,,,,,idle.tot,24,54.95833333333334,601,0.2158733173328566,1,3,Marginal,,
consensus_tiers_and_core_features.xlsx,Sheet1,118,consensus_tiers_and_core_features,,core,hikari,,,,,,,payload_bytes_per_second,24,36.875,1035,0.2588525596763616,2,2,Important,,
consensus_tiers_and_core_features.xlsx,Sheet1,119,consensus_tiers_and_core_features,,core,unsw,,,,,,,ackdat,24,37.375,159,0.247463815212245,0,3,Marginal,,
consensus_tiers_and_core_features.xlsx,Sheet1,120,consensus_tiers_and_core_features,,core,unsw,,,,,,,ct_dst_ltm,24,20.58333333333333,562,0.3061723133195655,1,2,Important,,
consensus_tiers_and_core_features.xlsx,Sheet1,121,consensus_tiers_and_core_features,,core,unsw,,,,,,,ct_dst_sport_ltm,24,22.91666666666667,506,0.2947964000819859,1,2,Important,,
consensus_tiers_and_core_features.xlsx,Sheet1,122,consensus_tiers_and_core_features,,core,unsw,,,,,,,ct_dst_src_ltm,24,29.125,357,0.2755357537659383,0,3,Marginal,,
consensus_tiers_and_core_features.xlsx,Sheet1,123,consensus_tiers_and_core_features,,core,unsw,,,,,,,ct_flw_http_mthd,24,18.45833333333333,613,0.3112735212042184,1,2,Important,,
consensus_tiers_and_core_features.xlsx,Sheet1,124,consensus_tiers_and_core_features,,core,unsw,,,,,,,ct_ftp_cmd,24,28,384,0.2782876992059682,0,3,Marginal,,
consensus_tiers_and_core_features.xlsx,Sheet1,125,consensus_tiers_and_core_features,,core,unsw,,,,,,,ct_src_dport_ltm,24,11,792,0.3416213693201654,2,1,Core,,
consensus_tiers_and_core_features.xlsx,Sheet1,126,consensus_tiers_and_core_features,,core,unsw,,,,,,,ct_src_ltm,24,33.08333333333334,262,0.2603548412800307,0,3,Marginal,,
consensus_tiers_and_core_features.xlsx,Sheet1,127,consensus_tiers_and_core_features,,core,unsw,,,,,,,ct_srv_dst,24,13.41666666666667,734,0.3306060425804282,2,1,Core,,
consensus_tiers_and_core_features.xlsx,Sheet1,128,consensus_tiers_and_core_features,,core,unsw,,,,,,,ct_srv_src,24,18.91666666666667,602,0.3077963453301592,1,2,Important,,
consensus_tiers_and_core_features.xlsx,Sheet1,129,consensus_tiers_and_core_features,,core,unsw,,,,,,,ct_state_ttl,24,19.20833333333333,595,0.3094768134147124,1,2,Important,,
consensus_tiers_and_core_features.xlsx,Sheet1,130,consensus_tiers_and_core_features,,core,unsw,,,,,,,dbytes,24,10.875,795,0.3453892287281867,2,1,Core,,
consensus_tiers_and_core_features.xlsx,Sheet1,131,consensus_tiers_and_core_features,,core,unsw,,,,,,,dintpkt,24,26.54166666666667,419,0.281639095196901,0,3,Marginal,,
consensus_tiers_and_core_features.xlsx,Sheet1,132,consensus_tiers_and_core_features,,core,unsw,,,,,,,djit,24,17.41666666666667,638,0.3178478412206444,1,2,Important,,
consensus_tiers_and_core_features.xlsx,Sheet1,133,consensus_tiers_and_core_features,,core,unsw,,,,,,,dload,24,18.54166666666667,611,0.3138131432440952,1,2,Important,,
consensus_tiers_and_core_features.xlsx,Sheet1,134,consensus_tiers_and_core_features,,core,unsw,,,,,,,dloss,24,14.375,711,0.3285718048559885,2,1,Core,,
consensus_tiers_and_core_features.xlsx,Sheet1,135,consensus_tiers_and_core_features,,core,unsw,,,,,,,dmeansz,24,31,312,0.2663009570583444,0,3,Marginal,,
consensus_tiers_and_core_features.xlsx,Sheet1,136,consensus_tiers_and_core_features,,core,unsw,,,,,,,dpkts,24,26.08333333333333,430,0.2833765567599168,0,3,Marginal,,
consensus_tiers_and_core_features.xlsx,Sheet1,137,consensus_tiers_and_core_features,,core,unsw,,,,,,,dtcpb,24,29.375,351,0.2707672429619367,0,3,Marginal,,
consensus_tiers_and_core_features.xlsx,Sheet1,138,consensus_tiers_and_core_features,,core,unsw,,,,,,,dttl,24,26.375,423,0.2802358077908723,0,3,Marginal,,
consensus_tiers_and_core_features.xlsx,Sheet1,139,consensus_tiers_and_core_features,,core,unsw,,,,,,,dur,24,21.45833333333333,541,0.2982497702423524,1,2,Important,,
consensus_tiers_and_core_features.xlsx,Sheet1,140,consensus_tiers_and_core_features,,core,unsw,,,,,,,dwin,24,22.04166666666667,527,0.2980011984208301,1,2,Important,,
consensus_tiers_and_core_features.xlsx,Sheet1,141,consensus_tiers_and_core_features,,core,unsw,,,,,,,is_ftp_login,24,22.20833333333333,523,0.2962957847972125,1,2,Important,,
consensus_tiers_and_core_features.xlsx,Sheet1,142,consensus_tiers_and_core_features,,core,unsw,,,,,,,is_sm_ips_ports,24,31.20833333333333,307,0.267428352123815,0,3,Marginal,,
consensus_tiers_and_core_features.xlsx,Sheet1,143,consensus_tiers_and_core_features,,core,unsw,,,,,,,ltime,24,18.875,603,0.3071847627544094,1,2,Important,,
consensus_tiers_and_core_features.xlsx,Sheet1,144,consensus_tiers_and_core_features,,core,unsw,,,,,,,proto,24,21.125,549,0.3010070010875697,1,2,Important,,
consensus_tiers_and_core_features.xlsx,Sheet1,145,consensus_tiers_and_core_features,,core,unsw,,,,,,,res_bdy_len,24,20.375,567,0.3034993551391811,1,2,Important,,
consensus_tiers_and_core_features.xlsx,Sheet1,146,consensus_tiers_and_core_features,,core,unsw,,,,,,,sbytes,24,6.125,909,0.3669548050263234,2,1,Core,,
consensus_tiers_and_core_features.xlsx,Sheet1,147,consensus_tiers_and_core_features,,core,unsw,,,,,,,service,24,26.66666666666667,416,0.2815483726420981,0,3,Marginal,,
consensus_tiers_and_core_features.xlsx,Sheet1,148,consensus_tiers_and_core_features,,core,unsw,,,,,,,sintpkt,24,16.20833333333333,667,0.3194253061883652,1,2,Important,,
consensus_tiers_and_core_features.xlsx,Sheet1,149,consensus_tiers_and_core_features,,core,unsw,,,,,,,sjit,24,21.45833333333333,541,0.2980712844392615,1,2,Important,,
consensus_tiers_and_core_features.xlsx,Sheet1,150,consensus_tiers_and_core_features,,core,unsw,,,,,,,sload,24,24.04166666666667,479,0.291867328721102,1,2,Important,,
consensus_tiers_and_core_features.xlsx,Sheet1,151,consensus_tiers_and_core_features,,core,unsw,,,,,,,sloss,24,17.33333333333333,640,0.3158300238890567,1,2,Important,,
consensus_tiers_and_core_features.xlsx,Sheet1,152,consensus_tiers_and_core_features,,core,unsw,,,,,,,smeansz,24,34.58333333333334,226,0.2555114564946055,0,3,Marginal,,
consensus_tiers_and_core_features.xlsx,Sheet1,153,consensus_tiers_and_core_features,,core,unsw,,,,,,,spkts,24,21.375,543,0.3022592052723988,1,2,Important,,
consensus_tiers_and_core_features.xlsx,Sheet1,154,consensus_tiers_and_core_features,,core,unsw,,,,,,,state,24,18.625,609,0.3124001772500841,1,2,Important,,
consensus_tiers_and_core_features.xlsx,Sheet1,155,consensus_tiers_and_core_features,,core,unsw,,,,,,,stcpb,24,11.58333333333333,778,0.339528904285633,2,1,Core,,
consensus_tiers_and_core_features.xlsx,Sheet1,156,consensus_tiers_and_core_features,,core,unsw,,,,,,,stime,24,23.41666666666667,494,0.2946893622847593,1,2,Important,,
consensus_tiers_and_core_features.xlsx,Sheet1,157,consensus_tiers_and_core_features,,core,unsw,,,,,,,sttl,24,22.91666666666667,506,0.2923960241719138,1,2,Important,,
consensus_tiers_and_core_features.xlsx,Sheet1,158,consensus_tiers_and_core_features,,core,unsw,,,,,,,swin,24,28.54166666666667,371,0.2762488002691209,0,3,Marginal,,
consensus_tiers_and_core_features.xlsx,Sheet1,159,consensus_tiers_and_core_features,,core,unsw,,,,,,,synack,24,6,912,0.3678781912495165,2,1,Core,,
consensus_tiers_and_core_features.xlsx,Sheet1,160,consensus_tiers_and_core_features,,core,unsw,,,,,,,tcprtt,24,29.875,339,0.2718791255815818,0,3,Marginal,,
consensus_tiers_and_core_features.xlsx,Sheet1,161,consensus_tiers_and_core_features,,core,unsw,,,,,,,trans_depth,24,27.29166666666667,401,0.2766169164068454,0,3,Marginal,,
exported_champion_feature_sets.xlsx,Sheet1,1,exported_champion_feature_sets,,,ciciot,,,,,20,,,,,,,,,,effectiveness,outputs\full_revision_combined_baseline_family\03_feature_sets\ciciot_effectiveness.csv
exported_champion_feature_sets.xlsx,Sheet1,2,exported_champion_feature_sets,,,ciciot,,,,,10,,,,,,,,,,balanced,outputs\full_revision_combined_baseline_family\03_feature_sets\ciciot_balanced.csv
exported_champion_feature_sets.xlsx,Sheet1,3,exported_champion_feature_sets,,,ciciot,,,,,6,,,,,,,,,,efficiency,outputs\full_revision_combined_baseline_family\03_feature_sets\ciciot_efficiency.csv
exported_champion_feature_sets.xlsx,Sheet1,4,exported_champion_feature_sets,,,ciciot,,,,,20,,,,,,,,,,effectiveness,outputs\full_revision_combined_baseline_family\03_feature_sets\ciciot_effectiveness.csv
exported_champion_feature_sets.xlsx,Sheet1,5,exported_champion_feature_sets,,,ciciot,,,,,10,,,,,,,,,,balanced,outputs\full_revision_combined_baseline_family\03_feature_sets\ciciot_balanced.csv
exported_champion_feature_sets.xlsx,Sheet1,6,exported_champion_feature_sets,,,ciciot,,,,,3,,,,,,,,,,efficiency,outputs\full_revision_combined_baseline_family\03_feature_sets\ciciot_efficiency.csv
exported_champion_feature_sets.xlsx,Sheet1,7,exported_champion_feature_sets,,,ciciot,,,,,20,,,,,,,,,,effectiveness,outputs\full_revision_combined_baseline_family\03_feature_sets\ciciot_effectiveness.csv
exported_champion_feature_sets.xlsx,Sheet1,8,exported_champion_feature_sets,,,ciciot,,,,,20,,,,,,,,,,balanced,outputs\full_revision_combined_baseline_family\03_feature_sets\ciciot_balanced.csv
exported_champion_feature_sets.xlsx,Sheet1,9,exported_champion_feature_sets,,,ciciot,,,,,4,,,,,,,,,,efficiency,outputs\full_revision_combined_baseline_family\03_feature_sets\ciciot_efficiency.csv
exported_champion_feature_sets.xlsx,Sheet1,10,exported_champion_feature_sets,,,hikari,,,,,40,,,,,,,,,,effectiveness,outputs\full_revision_combined_baseline_family\03_feature_sets\hikari_effectiveness.csv
exported_champion_feature_sets.xlsx,Sheet1,11,exported_champion_feature_sets,,,hikari,,,,,40,,,,,,,,,,balanced,outputs\full_revision_combined_baseline_family\03_feature_sets\hikari_balanced.csv
exported_champion_feature_sets.xlsx,Sheet1,12,exported_champion_feature_sets,,,hikari,,,,,11,,,,,,,,,,efficiency,outputs\full_revision_combined_baseline_family\03_feature_sets\hikari_efficiency.csv
exported_champion_feature_sets.xlsx,Sheet1,13,exported_champion_feature_sets,,,hikari,,,,,8,,,,,,,,,,effectiveness,outputs\full_revision_combined_baseline_family\03_feature_sets\hikari_effectiveness.csv
exported_champion_feature_sets.xlsx,Sheet1,14,exported_champion_feature_sets,,,hikari,,,,,8,,,,,,,,,,balanced,outputs\full_revision_combined_baseline_family\03_feature_sets\hikari_balanced.csv
exported_champion_feature_sets.xlsx,Sheet1,15,exported_champion_feature_sets,,,hikari,,,,,7,,,,,,,,,,efficiency,outputs\full_revision_combined_baseline_family\03_feature_sets\hikari_efficiency.csv
exported_champion_feature_sets.xlsx,Sheet1,16,exported_champion_feature_sets,,,hikari,,,,,8,,,,,,,,,,effectiveness,outputs\full_revision_combined_baseline_family\03_feature_sets\hikari_effectiveness.csv
exported_champion_feature_sets.xlsx,Sheet1,17,exported_champion_feature_sets,,,hikari,,,,,8,,,,,,,,,,balanced,outputs\full_revision_combined_baseline_family\03_feature_sets\hikari_balanced.csv
exported_champion_feature_sets.xlsx,Sheet1,18,exported_champion_feature_sets,,,hikari,,,,,7,,,,,,,,,,efficiency,outputs\full_revision_combined_baseline_family\03_feature_sets\hikari_efficiency.csv
exported_champion_feature_sets.xlsx,Sheet1,19,exported_champion_feature_sets,,,unsw,,,,,22,,,,,,,,,,effectiveness,outputs\full_revision_combined_baseline_family\03_feature_sets\unsw_effectiveness.csv
exported_champion_feature_sets.xlsx,Sheet1,20,exported_champion_feature_sets,,,unsw,,,,,22,,,,,,,,,,balanced,outputs\full_revision_combined_baseline_family\03_feature_sets\unsw_balanced.csv
exported_champion_feature_sets.xlsx,Sheet1,21,exported_champion_feature_sets,,,unsw,,,,,3,,,,,,,,,,efficiency,outputs\full_revision_combined_baseline_family\03_feature_sets\unsw_efficiency.csv
exported_champion_feature_sets.xlsx,Sheet1,22,exported_champion_feature_sets,,,unsw,,,,,11,,,,,,,,,,effectiveness,outputs\full_revision_combined_baseline_family\03_feature_sets\unsw_effectiveness.csv
exported_champion_feature_sets.xlsx,Sheet1,23,exported_champion_feature_sets,,,unsw,,,,,4,,,,,,,,,,balanced,outputs\full_revision_combined_baseline_family\03_feature_sets\unsw_balanced.csv
exported_champion_feature_sets.xlsx,Sheet1,24,exported_champion_feature_sets,,,unsw,,,,,3,,,,,,,,,,efficiency,outputs\full_revision_combined_baseline_family\03_feature_sets\unsw_efficiency.csv
exported_champion_feature_sets.xlsx,Sheet1,25,exported_champion_feature_sets,,,unsw,,,,,22,,,,,,,,,,effectiveness,outputs\full_revision_combined_baseline_family\03_feature_sets\unsw_effectiveness.csv
exported_champion_feature_sets.xlsx,Sheet1,26,exported_champion_feature_sets,,,unsw,,,,,8,,,,,,,,,,balanced,outputs\full_revision_combined_baseline_family\03_feature_sets\unsw_balanced.csv
exported_champion_feature_sets.xlsx,Sheet1,27,exported_champion_feature_sets,,,unsw,,,,,3,,,,,,,,,,efficiency,outputs\full_revision_combined_baseline_family\03_feature_sets\unsw_efficiency.csv
exported_champion_feature_sets.xlsx,Sheet1,28,exported_champion_feature_sets,,,ciciot,,,,,20,,,,,,,,,,effectiveness,outputs\full_revision_combined_baseline_family\03_feature_sets\ciciot_effectiveness.csv
exported_champion_feature_sets.xlsx,Sheet1,29,exported_champion_feature_sets,,,ciciot,,,,,10,,,,,,,,,,balanced,outputs\full_revision_combined_baseline_family\03_feature_sets\ciciot_balanced.csv
exported_champion_feature_sets.xlsx,Sheet1,30,exported_champion_feature_sets,,,ciciot,,,,,6,,,,,,,,,,efficiency,outputs\full_revision_combined_baseline_family\03_feature_sets\ciciot_efficiency.csv
exported_champion_feature_sets.xlsx,Sheet1,31,exported_champion_feature_sets,,,ciciot,,,,,20,,,,,,,,,,effectiveness,outputs\full_revision_combined_baseline_family\03_feature_sets\ciciot_effectiveness.csv
exported_champion_feature_sets.xlsx,Sheet1,32,exported_champion_feature_sets,,,ciciot,,,,,10,,,,,,,,,,balanced,outputs\full_revision_combined_baseline_family\03_feature_sets\ciciot_balanced.csv
exported_champion_feature_sets.xlsx,Sheet1,33,exported_champion_feature_sets,,,ciciot,,,,,6,,,,,,,,,,efficiency,outputs\full_revision_combined_baseline_family\03_feature_sets\ciciot_efficiency.csv
exported_champion_feature_sets.xlsx,Sheet1,34,exported_champion_feature_sets,,,ciciot,,,,,20,,,,,,,,,,effectiveness,outputs\full_revision_combined_baseline_family\03_feature_sets\ciciot_effectiveness.csv
exported_champion_feature_sets.xlsx,Sheet1,35,exported_champion_feature_sets,,,ciciot,,,,,20,,,,,,,,,,balanced,outputs\full_revision_combined_baseline_family\03_feature_sets\ciciot_balanced.csv
exported_champion_feature_sets.xlsx,Sheet1,36,exported_champion_feature_sets,,,ciciot,,,,,4,,,,,,,,,,efficiency,outputs\full_revision_combined_baseline_family\03_feature_sets\ciciot_efficiency.csv
exported_champion_feature_sets.xlsx,Sheet1,37,exported_champion_feature_sets,,,hikari,,,,,40,,,,,,,,,,effectiveness,outputs\full_revision_combined_baseline_family\03_feature_sets\hikari_effectiveness.csv
exported_champion_feature_sets.xlsx,Sheet1,38,exported_champion_feature_sets,,,hikari,,,,,40,,,,,,,,,,balanced,outputs\full_revision_combined_baseline_family\03_feature_sets\hikari_balanced.csv
exported_champion_feature_sets.xlsx,Sheet1,39,exported_champion_feature_sets,,,hikari,,,,,7,,,,,,,,,,efficiency,outputs\full_revision_combined_baseline_family\03_feature_sets\hikari_efficiency.csv
exported_champion_feature_sets.xlsx,Sheet1,40,exported_champion_feature_sets,,,hikari,,,,,8,,,,,,,,,,effectiveness,outputs\full_revision_combined_baseline_family\03_feature_sets\hikari_effectiveness.csv
exported_champion_feature_sets.xlsx,Sheet1,41,exported_champion_feature_sets,,,hikari,,,,,8,,,,,,,,,,balanced,outputs\full_revision_combined_baseline_family\03_feature_sets\hikari_balanced.csv
exported_champion_feature_sets.xlsx,Sheet1,42,exported_champion_feature_sets,,,hikari,,,,,7,,,,,,,,,,efficiency,outputs\full_revision_combined_baseline_family\03_feature_sets\hikari_efficiency.csv
exported_champion_feature_sets.xlsx,Sheet1,43,exported_champion_feature_sets,,,hikari,,,,,8,,,,,,,,,,effectiveness,outputs\full_revision_combined_baseline_family\03_feature_sets\hikari_effectiveness.csv
exported_champion_feature_sets.xlsx,Sheet1,44,exported_champion_feature_sets,,,hikari,,,,,8,,,,,,,,,,balanced,outputs\full_revision_combined_baseline_family\03_feature_sets\hikari_balanced.csv
exported_champion_feature_sets.xlsx,Sheet1,45,exported_champion_feature_sets,,,hikari,,,,,7,,,,,,,,,,efficiency,outputs\full_revision_combined_baseline_family\03_feature_sets\hikari_efficiency.csv
exported_champion_feature_sets.xlsx,Sheet1,46,exported_champion_feature_sets,,,unsw,,,,,22,,,,,,,,,,effectiveness,outputs\full_revision_combined_baseline_family\03_feature_sets\unsw_effectiveness.csv
exported_champion_feature_sets.xlsx,Sheet1,47,exported_champion_feature_sets,,,unsw,,,,,22,,,,,,,,,,balanced,outputs\full_revision_combined_baseline_family\03_feature_sets\unsw_balanced.csv
exported_champion_feature_sets.xlsx,Sheet1,48,exported_champion_feature_sets,,,unsw,,,,,3,,,,,,,,,,efficiency,outputs\full_revision_combined_baseline_family\03_feature_sets\unsw_efficiency.csv
exported_champion_feature_sets.xlsx,Sheet1,49,exported_champion_feature_sets,,,unsw,,,,,11,,,,,,,,,,effectiveness,outputs\full_revision_combined_baseline_family\03_feature_sets\unsw_effectiveness.csv
exported_champion_feature_sets.xlsx,Sheet1,50,exported_champion_feature_sets,,,unsw,,,,,4,,,,,,,,,,balanced,outputs\full_revision_combined_baseline_family\03_feature_sets\unsw_balanced.csv
exported_champion_feature_sets.xlsx,Sheet1,51,exported_champion_feature_sets,,,unsw,,,,,3,,,,,,,,,,efficiency,outputs\full_revision_combined_baseline_family\03_feature_sets\unsw_efficiency.csv
exported_champion_feature_sets.xlsx,Sheet1,52,exported_champion_feature_sets,,,unsw,,,,,22,,,,,,,,,,effectiveness,outputs\full_revision_combined_baseline_family\03_feature_sets\unsw_effectiveness.csv
exported_champion_feature_sets.xlsx,Sheet1,53,exported_champion_feature_sets,,,unsw,,,,,8,,,,,,,,,,balanced,outputs\full_revision_combined_baseline_family\03_feature_sets\unsw_balanced.csv
exported_champion_feature_sets.xlsx,Sheet1,54,exported_champion_feature_sets,,,unsw,,,,,3,,,,,,,,,,efficiency,outputs\full_revision_combined_baseline_family\03_feature_sets\unsw_efficiency.csv
exported_champion_feature_sets.xlsx,Sheet1,55,exported_champion_feature_sets,,,ciciot,,,,,20,,,,,,,,,,effectiveness,outputs\full_revision_combined_baseline_family\03_feature_sets\ciciot_effectiveness.csv
exported_champion_feature_sets.xlsx,Sheet1,56,exported_champion_feature_sets,,,ciciot,,,,,10,,,,,,,,,,balanced,outputs\full_revision_combined_baseline_family\03_feature_sets\ciciot_balanced.csv
exported_champion_feature_sets.xlsx,Sheet1,57,exported_champion_feature_sets,,,ciciot,,,,,6,,,,,,,,,,efficiency,outputs\full_revision_combined_baseline_family\03_feature_sets\ciciot_efficiency.csv
exported_champion_feature_sets.xlsx,Sheet1,58,exported_champion_feature_sets,,,ciciot,,,,,30,,,,,,,,,,effectiveness,outputs\full_revision_combined_baseline_family\03_feature_sets\ciciot_effectiveness.csv
exported_champion_feature_sets.xlsx,Sheet1,59,exported_champion_feature_sets,,,ciciot,,,,,20,,,,,,,,,,balanced,outputs\full_revision_combined_baseline_family\03_feature_sets\ciciot_balanced.csv
exported_champion_feature_sets.xlsx,Sheet1,60,exported_champion_feature_sets,,,ciciot,,,,,3,,,,,,,,,,efficiency,outputs\full_revision_combined_baseline_family\03_feature_sets\ciciot_efficiency.csv
exported_champion_feature_sets.xlsx,Sheet1,61,exported_champion_feature_sets,,,ciciot,,,,,20,,,,,,,,,,effectiveness,outputs\full_revision_combined_baseline_family\03_feature_sets\ciciot_effectiveness.csv
exported_champion_feature_sets.xlsx,Sheet1,62,exported_champion_feature_sets,,,ciciot,,,,,4,,,,,,,,,,balanced,outputs\full_revision_combined_baseline_family\03_feature_sets\ciciot_balanced.csv
exported_champion_feature_sets.xlsx,Sheet1,63,exported_champion_feature_sets,,,ciciot,,,,,3,,,,,,,,,,efficiency,outputs\full_revision_combined_baseline_family\03_feature_sets\ciciot_efficiency.csv
exported_champion_feature_sets.xlsx,Sheet1,64,exported_champion_feature_sets,,,hikari,,,,,40,,,,,,,,,,effectiveness,outputs\full_revision_combined_baseline_family\03_feature_sets\hikari_effectiveness.csv
exported_champion_feature_sets.xlsx,Sheet1,65,exported_champion_feature_sets,,,hikari,,,,,40,,,,,,,,,,balanced,outputs\full_revision_combined_baseline_family\03_feature_sets\hikari_balanced.csv
exported_champion_feature_sets.xlsx,Sheet1,66,exported_champion_feature_sets,,,hikari,,,,,7,,,,,,,,,,efficiency,outputs\full_revision_combined_baseline_family\03_feature_sets\hikari_efficiency.csv
exported_champion_feature_sets.xlsx,Sheet1,67,exported_champion_feature_sets,,,hikari,,,,,8,,,,,,,,,,effectiveness,outputs\full_revision_combined_baseline_family\03_feature_sets\hikari_effectiveness.csv
exported_champion_feature_sets.xlsx,Sheet1,68,exported_champion_feature_sets,,,hikari,,,,,8,,,,,,,,,,balanced,outputs\full_revision_combined_baseline_family\03_feature_sets\hikari_balanced.csv
exported_champion_feature_sets.xlsx,Sheet1,69,exported_champion_feature_sets,,,hikari,,,,,7,,,,,,,,,,efficiency,outputs\full_revision_combined_baseline_family\03_feature_sets\hikari_efficiency.csv
exported_champion_feature_sets.xlsx,Sheet1,70,exported_champion_feature_sets,,,hikari,,,,,8,,,,,,,,,,effectiveness,outputs\full_revision_combined_baseline_family\03_feature_sets\hikari_effectiveness.csv
exported_champion_feature_sets.xlsx,Sheet1,71,exported_champion_feature_sets,,,hikari,,,,,8,,,,,,,,,,balanced,outputs\full_revision_combined_baseline_family\03_feature_sets\hikari_balanced.csv
exported_champion_feature_sets.xlsx,Sheet1,72,exported_champion_feature_sets,,,hikari,,,,,7,,,,,,,,,,efficiency,outputs\full_revision_combined_baseline_family\03_feature_sets\hikari_efficiency.csv
exported_champion_feature_sets.xlsx,Sheet1,73,exported_champion_feature_sets,,,unsw,,,,,33,,,,,,,,,,effectiveness,outputs\full_revision_combined_baseline_family\03_feature_sets\unsw_effectiveness.csv
exported_champion_feature_sets.xlsx,Sheet1,74,exported_champion_feature_sets,,,unsw,,,,,22,,,,,,,,,,balanced,outputs\full_revision_combined_baseline_family\03_feature_sets\unsw_balanced.csv
exported_champion_feature_sets.xlsx,Sheet1,75,exported_champion_feature_sets,,,unsw,,,,,3,,,,,,,,,,efficiency,outputs\full_revision_combined_baseline_family\03_feature_sets\unsw_efficiency.csv
exported_champion_feature_sets.xlsx,Sheet1,76,exported_champion_feature_sets,,,unsw,,,,,11,,,,,,,,,,effectiveness,outputs\full_revision_combined_baseline_family\03_feature_sets\unsw_effectiveness.csv
exported_champion_feature_sets.xlsx,Sheet1,77,exported_champion_feature_sets,,,unsw,,,,,4,,,,,,,,,,balanced,outputs\full_revision_combined_baseline_family\03_feature_sets\unsw_balanced.csv
exported_champion_feature_sets.xlsx,Sheet1,78,exported_champion_feature_sets,,,unsw,,,,,3,,,,,,,,,,efficiency,outputs\full_revision_combined_baseline_family\03_feature_sets\unsw_efficiency.csv
exported_champion_feature_sets.xlsx,Sheet1,79,exported_champion_feature_sets,,,unsw,,,,,22,,,,,,,,,,effectiveness,outputs\full_revision_combined_baseline_family\03_feature_sets\unsw_effectiveness.csv
exported_champion_feature_sets.xlsx,Sheet1,80,exported_champion_feature_sets,,,unsw,,,,,8,,,,,,,,,,balanced,outputs\full_revision_combined_baseline_family\03_feature_sets\unsw_balanced.csv
exported_champion_feature_sets.xlsx,Sheet1,81,exported_champion_feature_sets,,,unsw,,,,,3,,,,,,,,,,efficiency,outputs\full_revision_combined_baseline_family\03_feature_sets\unsw_efficiency.csv
exported_champion_feature_sets.xlsx,Sheet1,82,exported_champion_feature_sets,,,ciciot,,,,,20,,,,,,,,,,effectiveness,outputs\full_revision_combined_baseline_family\03_feature_sets\ciciot_effectiveness.csv
exported_champion_feature_sets.xlsx,Sheet1,83,exported_champion_feature_sets,,,ciciot,,,,,10,,,,,,,,,,balanced,outputs\full_revision_combined_baseline_family\03_feature_sets\ciciot_balanced.csv
exported_champion_feature_sets.xlsx,Sheet1,84,exported_champion_feature_sets,,,ciciot,,,,,6,,,,,,,,,,efficiency,outputs\full_revision_combined_baseline_family\03_feature_sets\ciciot_efficiency.csv
exported_champion_feature_sets.xlsx,Sheet1,85,exported_champion_feature_sets,,,ciciot,,,,,20,,,,,,,,,,effectiveness,outputs\full_revision_combined_baseline_family\03_feature_sets\ciciot_effectiveness.csv
exported_champion_feature_sets.xlsx,Sheet1,86,exported_champion_feature_sets,,,ciciot,,,,,10,,,,,,,,,,balanced,outputs\full_revision_combined_baseline_family\03_feature_sets\ciciot_balanced.csv
exported_champion_feature_sets.xlsx,Sheet1,87,exported_champion_feature_sets,,,ciciot,,,,,3,,,,,,,,,,efficiency,outputs\full_revision_combined_baseline_family\03_feature_sets\ciciot_efficiency.csv
exported_champion_feature_sets.xlsx,Sheet1,88,exported_champion_feature_sets,,,ciciot,,,,,20,,,,,,,,,,effectiveness,outputs\full_revision_combined_baseline_family\03_feature_sets\ciciot_effectiveness.csv
exported_champion_feature_sets.xlsx,Sheet1,89,exported_champion_feature_sets,,,ciciot,,,,,20,,,,,,,,,,balanced,outputs\full_revision_combined_baseline_family\03_feature_sets\ciciot_balanced.csv
exported_champion_feature_sets.xlsx,Sheet1,90,exported_champion_feature_sets,,,ciciot,,,,,4,,,,,,,,,,efficiency,outputs\full_revision_combined_baseline_family\03_feature_sets\ciciot_efficiency.csv
exported_champion_feature_sets.xlsx,Sheet1,91,exported_champion_feature_sets,,,hikari,,,,,40,,,,,,,,,,effectiveness,outputs\full_revision_combined_baseline_family\03_feature_sets\hikari_effectiveness.csv
exported_champion_feature_sets.xlsx,Sheet1,92,exported_champion_feature_sets,,,hikari,,,,,40,,,,,,,,,,balanced,outputs\full_revision_combined_baseline_family\03_feature_sets\hikari_balanced.csv
exported_champion_feature_sets.xlsx,Sheet1,93,exported_champion_feature_sets,,,hikari,,,,,7,,,,,,,,,,efficiency,outputs\full_revision_combined_baseline_family\03_feature_sets\hikari_efficiency.csv
exported_champion_feature_sets.xlsx,Sheet1,94,exported_champion_feature_sets,,,hikari,,,,,8,,,,,,,,,,effectiveness,outputs\full_revision_combined_baseline_family\03_feature_sets\hikari_effectiveness.csv
exported_champion_feature_sets.xlsx,Sheet1,95,exported_champion_feature_sets,,,hikari,,,,,8,,,,,,,,,,balanced,outputs\full_revision_combined_baseline_family\03_feature_sets\hikari_balanced.csv
exported_champion_feature_sets.xlsx,Sheet1,96,exported_champion_feature_sets,,,hikari,,,,,7,,,,,,,,,,efficiency,outputs\full_revision_combined_baseline_family\03_feature_sets\hikari_efficiency.csv
exported_champion_feature_sets.xlsx,Sheet1,97,exported_champion_feature_sets,,,hikari,,,,,8,,,,,,,,,,effectiveness,outputs\full_revision_combined_baseline_family\03_feature_sets\hikari_effectiveness.csv
exported_champion_feature_sets.xlsx,Sheet1,98,exported_champion_feature_sets,,,hikari,,,,,8,,,,,,,,,,balanced,outputs\full_revision_combined_baseline_family\03_feature_sets\hikari_balanced.csv
exported_champion_feature_sets.xlsx,Sheet1,99,exported_champion_feature_sets,,,hikari,,,,,7,,,,,,,,,,efficiency,outputs\full_revision_combined_baseline_family\03_feature_sets\hikari_efficiency.csv
exported_champion_feature_sets.xlsx,Sheet1,100,exported_champion_feature_sets,,,unsw,,,,,22,,,,,,,,,,effectiveness,outputs\full_revision_combined_baseline_family\03_feature_sets\unsw_effectiveness.csv
exported_champion_feature_sets.xlsx,Sheet1,101,exported_champion_feature_sets,,,unsw,,,,,22,,,,,,,,,,balanced,outputs\full_revision_combined_baseline_family\03_feature_sets\unsw_balanced.csv
exported_champion_feature_sets.xlsx,Sheet1,102,exported_champion_feature_sets,,,unsw,,,,,3,,,,,,,,,,efficiency,outputs\full_revision_combined_baseline_family\03_feature_sets\unsw_efficiency.csv
exported_champion_feature_sets.xlsx,Sheet1,103,exported_champion_feature_sets,,,unsw,,,,,11,,,,,,,,,,effectiveness,outputs\full_revision_combined_baseline_family\03_feature_sets\unsw_effectiveness.csv
exported_champion_feature_sets.xlsx,Sheet1,104,exported_champion_feature_sets,,,unsw,,,,,4,,,,,,,,,,balanced,outputs\full_revision_combined_baseline_family\03_feature_sets\unsw_balanced.csv
exported_champion_feature_sets.xlsx,Sheet1,105,exported_champion_feature_sets,,,unsw,,,,,3,,,,,,,,,,efficiency,outputs\full_revision_combined_baseline_family\03_feature_sets\unsw_efficiency.csv
exported_champion_feature_sets.xlsx,Sheet1,106,exported_champion_feature_sets,,,unsw,,,,,22,,,,,,,,,,effectiveness,outputs\full_revision_combined_baseline_family\03_feature_sets\unsw_effectiveness.csv
exported_champion_feature_sets.xlsx,Sheet1,107,exported_champion_feature_sets,,,unsw,,,,,8,,,,,,,,,,balanced,outputs\full_revision_combined_baseline_family\03_feature_sets\unsw_balanced.csv
exported_champion_feature_sets.xlsx,Sheet1,108,exported_champion_feature_sets,,,unsw,,,,,3,,,,,,,,,,efficiency,outputs\full_revision_combined_baseline_family\03_feature_sets\unsw_efficiency.csv
exported_champion_feature_sets.xlsx,Sheet1,109,exported_champion_feature_sets,,,ciciot,,,,,20,,,,,,,,,,effectiveness,outputs\full_revision_combined_baseline_family\03_feature_sets\ciciot_effectiveness.csv
exported_champion_feature_sets.xlsx,Sheet1,110,exported_champion_feature_sets,,,ciciot,,,,,10,,,,,,,,,,balanced,outputs\full_revision_combined_baseline_family\03_feature_sets\ciciot_balanced.csv
exported_champion_feature_sets.xlsx,Sheet1,111,exported_champion_feature_sets,,,ciciot,,,,,6,,,,,,,,,,efficiency,outputs\full_revision_combined_baseline_family\03_feature_sets\ciciot_efficiency.csv
exported_champion_feature_sets.xlsx,Sheet1,112,exported_champion_feature_sets,,,ciciot,,,,,20,,,,,,,,,,effectiveness,outputs\full_revision_combined_baseline_family\03_feature_sets\ciciot_effectiveness.csv
exported_champion_feature_sets.xlsx,Sheet1,113,exported_champion_feature_sets,,,ciciot,,,,,10,,,,,,,,,,balanced,outputs\full_revision_combined_baseline_family\03_feature_sets\ciciot_balanced.csv
exported_champion_feature_sets.xlsx,Sheet1,114,exported_champion_feature_sets,,,ciciot,,,,,3,,,,,,,,,,efficiency,outputs\full_revision_combined_baseline_family\03_feature_sets\ciciot_efficiency.csv
exported_champion_feature_sets.xlsx,Sheet1,115,exported_champion_feature_sets,,,ciciot,,,,,20,,,,,,,,,,effectiveness,outputs\full_revision_combined_baseline_family\03_feature_sets\ciciot_effectiveness.csv
exported_champion_feature_sets.xlsx,Sheet1,116,exported_champion_feature_sets,,,ciciot,,,,,19,,,,,,,,,,balanced,outputs\full_revision_combined_baseline_family\03_feature_sets\ciciot_balanced.csv
exported_champion_feature_sets.xlsx,Sheet1,117,exported_champion_feature_sets,,,ciciot,,,,,4,,,,,,,,,,efficiency,outputs\full_revision_combined_baseline_family\03_feature_sets\ciciot_efficiency.csv
exported_champion_feature_sets.xlsx,Sheet1,118,exported_champion_feature_sets,,,hikari,,,,,40,,,,,,,,,,effectiveness,outputs\full_revision_combined_baseline_family\03_feature_sets\hikari_effectiveness.csv
exported_champion_feature_sets.xlsx,Sheet1,119,exported_champion_feature_sets,,,hikari,,,,,40,,,,,,,,,,balanced,outputs\full_revision_combined_baseline_family\03_feature_sets\hikari_balanced.csv
exported_champion_feature_sets.xlsx,Sheet1,120,exported_champion_feature_sets,,,hikari,,,,,7,,,,,,,,,,efficiency,outputs\full_revision_combined_baseline_family\03_feature_sets\hikari_efficiency.csv
exported_champion_feature_sets.xlsx,Sheet1,121,exported_champion_feature_sets,,,hikari,,,,,8,,,,,,,,,,effectiveness,outputs\full_revision_combined_baseline_family\03_feature_sets\hikari_effectiveness.csv
exported_champion_feature_sets.xlsx,Sheet1,122,exported_champion_feature_sets,,,hikari,,,,,7,,,,,,,,,,balanced,outputs\full_revision_combined_baseline_family\03_feature_sets\hikari_balanced.csv
exported_champion_feature_sets.xlsx,Sheet1,123,exported_champion_feature_sets,,,hikari,,,,,7,,,,,,,,,,efficiency,outputs\full_revision_combined_baseline_family\03_feature_sets\hikari_efficiency.csv
exported_champion_feature_sets.xlsx,Sheet1,124,exported_champion_feature_sets,,,hikari,,,,,8,,,,,,,,,,effectiveness,outputs\full_revision_combined_baseline_family\03_feature_sets\hikari_effectiveness.csv
exported_champion_feature_sets.xlsx,Sheet1,125,exported_champion_feature_sets,,,hikari,,,,,8,,,,,,,,,,balanced,outputs\full_revision_combined_baseline_family\03_feature_sets\hikari_balanced.csv
exported_champion_feature_sets.xlsx,Sheet1,126,exported_champion_feature_sets,,,hikari,,,,,7,,,,,,,,,,efficiency,outputs\full_revision_combined_baseline_family\03_feature_sets\hikari_efficiency.csv
exported_champion_feature_sets.xlsx,Sheet1,127,exported_champion_feature_sets,,,unsw,,,,,22,,,,,,,,,,effectiveness,outputs\full_revision_combined_baseline_family\03_feature_sets\unsw_effectiveness.csv
exported_champion_feature_sets.xlsx,Sheet1,128,exported_champion_feature_sets,,,unsw,,,,,11,,,,,,,,,,balanced,outputs\full_revision_combined_baseline_family\03_feature_sets\unsw_balanced.csv
exported_champion_feature_sets.xlsx,Sheet1,129,exported_champion_feature_sets,,,unsw,,,,,3,,,,,,,,,,efficiency,outputs\full_revision_combined_baseline_family\03_feature_sets\unsw_efficiency.csv
exported_champion_feature_sets.xlsx,Sheet1,130,exported_champion_feature_sets,,,unsw,,,,,11,,,,,,,,,,effectiveness,outputs\full_revision_combined_baseline_family\03_feature_sets\unsw_effectiveness.csv
exported_champion_feature_sets.xlsx,Sheet1,131,exported_champion_feature_sets,,,unsw,,,,,4,,,,,,,,,,balanced,outputs\full_revision_combined_baseline_family\03_feature_sets\unsw_balanced.csv
exported_champion_feature_sets.xlsx,Sheet1,132,exported_champion_feature_sets,,,unsw,,,,,3,,,,,,,,,,efficiency,outputs\full_revision_combined_baseline_family\03_feature_sets\unsw_efficiency.csv
exported_champion_feature_sets.xlsx,Sheet1,133,exported_champion_feature_sets,,,unsw,,,,,22,,,,,,,,,,effectiveness,outputs\full_revision_combined_baseline_family\03_feature_sets\unsw_effectiveness.csv
exported_champion_feature_sets.xlsx,Sheet1,134,exported_champion_feature_sets,,,unsw,,,,,8,,,,,,,,,,balanced,outputs\full_revision_combined_baseline_family\03_feature_sets\unsw_balanced.csv
exported_champion_feature_sets.xlsx,Sheet1,135,exported_champion_feature_sets,,,unsw,,,,,3,,,,,,,,,,efficiency,outputs\full_revision_combined_baseline_family\03_feature_sets\unsw_efficiency.csv
hikari_balanced.csv,,1,champion_zone_feature_list,hikari,balanced,,,,,,,,fwd_subflow_bytes,,,,,,,,,
hikari_balanced.csv,,2,champion_zone_feature_list,hikari,balanced,,,,,,,,fwd_iat.max,,,,,,,,,
hikari_balanced.csv,,3,champion_zone_feature_list,hikari,balanced,,,,,,,,payload_bytes_per_second,,,,,,,,,
hikari_balanced.csv,,4,champion_zone_feature_list,hikari,balanced,,,,,,,,bwd_iat.min,,,,,,,,,
hikari_balanced.csv,,5,champion_zone_feature_list,hikari,balanced,,,,,,,,flow_pkts_payload.tot,,,,,,,,,
hikari_balanced.csv,,6,champion_zone_feature_list,hikari,balanced,,,,,,,,fwd_pkts_payload.std,,,,,,,,,
hikari_balanced.csv,,7,champion_zone_feature_list,hikari,balanced,,,,,,,,fwd_iat.tot,,,,,,,,,
hikari_balanced.csv,,8,champion_zone_feature_list,hikari,balanced,,,,,,,,flow_ECE_flag_count,,,,,,,,,
hikari_candidate_feature_sets.csv,,1,candidate_feature_sets,hikari,,hikari,boruta,wrapper,elbow,hikari__boruta__elbow__k43,43,fwd_data_pkts_tot;fwd_subflow_bytes;fwd_pkts_tot;fwd_subflow_pkts;fwd_iat.std;bwd_init_window_size;fwd_pkts_payload.tot;fwd_iat.avg;active.tot;active.max;fwd_iat.max;fwd_iat.tot;flow_duration;flow_iat.tot;active.avg;flow_RST_flag_count;bwd_header_size_tot;flow_pkts_payload.avg;bwd_pkts_tot;flow_iat.max;bwd_pkts_payload.tot;flow_pkts_payload.tot;bwd_iat.min;fwd_pkts_payload.max;flow_iat.avg;bwd_subflow_pkts;bwd_iat.tot;flow_iat.std;flow_pkts_per_sec;fwd_pkts_per_sec;fwd_pkts_payload.std;fwd_last_window_size;bwd_iat.max;payload_bytes_per_second;fwd_iat.min;bwd_iat.avg;active.min;fwd_pkts_payload.avg;bwd_PSH_flag_count;bwd_header_size_min;bwd_iat.std;down_up_ratio;bwd_pkts_per_sec,,,,,,,,,,
hikari_candidate_feature_sets.csv,,2,candidate_feature_sets,hikari,,hikari,boruta,wrapper,q25,hikari__boruta__q25__k20,20,fwd_data_pkts_tot;fwd_subflow_bytes;fwd_pkts_tot;fwd_subflow_pkts;fwd_iat.std;bwd_init_window_size;fwd_pkts_payload.tot;fwd_iat.avg;active.tot;active.max;fwd_iat.max;fwd_iat.tot;flow_duration;flow_iat.tot;active.avg;flow_RST_flag_count;bwd_header_size_tot;flow_pkts_payload.avg;bwd_pkts_tot;flow_iat.max,,,,,,,,,,
hikari_candidate_feature_sets.csv,,3,candidate_feature_sets,hikari,,hikari,boruta,wrapper,q50,hikari__boruta__q50__k40,40,fwd_data_pkts_tot;fwd_subflow_bytes;fwd_pkts_tot;fwd_subflow_pkts;fwd_iat.std;bwd_init_window_size;fwd_pkts_payload.tot;fwd_iat.avg;active.tot;active.max;fwd_iat.max;fwd_iat.tot;flow_duration;flow_iat.tot;active.avg;flow_RST_flag_count;bwd_header_size_tot;flow_pkts_payload.avg;bwd_pkts_tot;flow_iat.max;bwd_pkts_payload.tot;flow_pkts_payload.tot;bwd_iat.min;fwd_pkts_payload.max;flow_iat.avg;bwd_subflow_pkts;bwd_iat.tot;flow_iat.std;flow_pkts_per_sec;fwd_pkts_per_sec;fwd_pkts_payload.std;fwd_last_window_size;bwd_iat.max;payload_bytes_per_second;fwd_iat.min;bwd_iat.avg;active.min;fwd_pkts_payload.avg;bwd_PSH_flag_count;bwd_header_size_min,,,,,,,,,,
hikari_candidate_feature_sets.csv,,4,candidate_feature_sets,hikari,,hikari,boruta,wrapper,q75,hikari__boruta__q75__k60,60,fwd_data_pkts_tot;fwd_subflow_bytes;fwd_pkts_tot;fwd_subflow_pkts;fwd_iat.std;bwd_init_window_size;fwd_pkts_payload.tot;fwd_iat.avg;active.tot;active.max;fwd_iat.max;fwd_iat.tot;flow_duration;flow_iat.tot;active.avg;flow_RST_flag_count;bwd_header_size_tot;flow_pkts_payload.avg;bwd_pkts_tot;flow_iat.max;bwd_pkts_payload.tot;flow_pkts_payload.tot;bwd_iat.min;fwd_pkts_payload.max;flow_iat.avg;bwd_subflow_pkts;bwd_iat.tot;flow_iat.std;flow_pkts_per_sec;fwd_pkts_per_sec;fwd_pkts_payload.std;fwd_last_window_size;bwd_iat.max;payload_bytes_per_second;fwd_iat.min;bwd_iat.avg;active.min;fwd_pkts_payload.avg;bwd_PSH_flag_count;bwd_header_size_min;bwd_iat.std;down_up_ratio;bwd_pkts_per_sec;bwd_subflow_bytes;bwd_data_pkts_tot;flow_iat.min;flow_pkts_payload.max;bwd_pkts_payload.max;fwd_header_size_tot;flow_ACK_flag_count;fwd_PSH_flag_count;bwd_pkts_payload.avg;flow_pkts_payload.std;fwd_header_size_min;idle.tot;flow_FIN_flag_count;bwd_header_size_max;bwd_pkts_payload.std;bwd_bulk_rate;idle.max,,,,,,,,,,
hikari_candidate_feature_sets.csv,,5,candidate_feature_sets,hikari,,hikari,chi2,filter,elbow,hikari__chi2__elbow__k7,7,bwd_init_window_size;bwd_bulk_rate;bwd_header_size_max;bwd_header_size_min;fwd_init_window_size;fwd_header_size_max;flow_FIN_flag_count,,,,,,,,,,
hikari_candidate_feature_sets.csv,,6,candidate_feature_sets,hikari,,hikari,chi2,filter,q25,hikari__chi2__q25__k20,20,bwd_init_window_size;bwd_bulk_rate;bwd_header_size_max;bwd_header_size_min;fwd_init_window_size;fwd_header_size_max;flow_FIN_flag_count;fwd_last_window_size;fwd_subflow_bytes;fwd_pkts_payload.std;flow_SYN_flag_count;fwd_header_size_min;bwd_pkts_payload.std;bwd_pkts_payload.max;flow_pkts_payload.max;flow_pkts_payload.std;fwd_pkts_payload.max;bwd_pkts_payload.min;flow_pkts_payload.avg;fwd_PSH_flag_count,,,,,,,,,,
hikari_candidate_feature_sets.csv,,7,candidate_feature_sets,hikari,,hikari,chi2,filter,q50,hikari__chi2__q50__k40,40,bwd_init_window_size;bwd_bulk_rate;bwd_header_size_max;bwd_header_size_min;fwd_init_window_size;fwd_header_size_max;flow_FIN_flag_count;fwd_last_window_size;fwd_subflow_bytes;fwd_pkts_payload.std;flow_SYN_flag_count;fwd_header_size_min;bwd_pkts_payload.std;bwd_pkts_payload.max;flow_pkts_payload.max;flow_pkts_payload.std;fwd_pkts_payload.max;bwd_pkts_payload.min;flow_pkts_payload.avg;fwd_PSH_flag_count;bwd_pkts_payload.avg;flow_pkts_per_sec;bwd_pkts_per_sec;fwd_data_pkts_tot;flow_pkts_payload.min;fwd_pkts_payload.min;fwd_iat.min;flow_iat.min;flow_RST_flag_count;fwd_pkts_payload.avg;fwd_pkts_per_sec;flow_iat.avg;fwd_iat.avg;idle.max;fwd_pkts_payload.tot;down_up_ratio;flow_iat.max;fwd_iat.max;active.min;idle.avg,,,,,,,,,,
hikari_candidate_feature_sets.csv,,8,candidate_feature_sets,hikari,,hikari,chi2,filter,q75,hikari__chi2__q75__k60,60,bwd_init_window_size;bwd_bulk_rate;bwd_header_size_max;bwd_header_size_min;fwd_init_window_size;fwd_header_size_max;flow_FIN_flag_count;fwd_last_window_size;fwd_subflow_bytes;fwd_pkts_payload.std;flow_SYN_flag_count;fwd_header_size_min;bwd_pkts_payload.std;bwd_pkts_payload.max;flow_pkts_payload.max;flow_pkts_payload.std;fwd_pkts_payload.max;bwd_pkts_payload.min;flow_pkts_payload.avg;fwd_PSH_flag_count;bwd_pkts_payload.avg;flow_pkts_per_sec;bwd_pkts_per_sec;fwd_data_pkts_tot;flow_pkts_payload.min;fwd_pkts_payload.min;fwd_iat.min;flow_iat.min;flow_RST_flag_count;fwd_pkts_payload.avg;fwd_pkts_per_sec;flow_iat.avg;fwd_iat.avg;idle.max;fwd_pkts_payload.tot;down_up_ratio;flow_iat.max;fwd_iat.max;active.min;idle.avg;active.avg;bwd_iat.max;idle.std;active.max;idle.min;bwd_subflow_pkts;active.tot;fwd_subflow_pkts;flow_iat.std;fwd_iat.std;bwd_iat.std;fwd_URG_flag_count;bwd_iat.avg;bwd_PSH_flag_count;bwd_header_size_tot;fwd_bulk_packets;flow_ACK_flag_count;bwd_pkts_tot;flow_CWR_flag_count;fwd_pkts_tot,,,,,,,,,,
hikari_candidate_feature_sets.csv,,9,candidate_feature_sets,hikari,,hikari,chi2_boruta,hybrid,elbow,hikari__chi2_boruta__elbow__k37,37,fwd_subflow_bytes;fwd_data_pkts_tot;fwd_pkts_payload.tot;fwd_iat.max;bwd_init_window_size;fwd_iat.avg;flow_iat.max;flow_pkts_payload.avg;flow_RST_flag_count;fwd_pkts_payload.max;active.min;flow_pkts_payload.max;bwd_pkts_payload.max;bwd_header_size_min;flow_iat.avg;fwd_PSH_flag_count;bwd_pkts_payload.avg;flow_pkts_per_sec;fwd_pkts_per_sec;fwd_pkts_payload.std;flow_pkts_payload.std;fwd_iat.min;fwd_pkts_payload.avg;down_up_ratio;flow_iat.min;bwd_pkts_per_sec;fwd_last_window_size;bwd_header_size_max;bwd_pkts_payload.std;flow_FIN_flag_count;fwd_header_size_min;bwd_bulk_rate;idle.max;flow_pkts_payload.min;flow_SYN_flag_count;fwd_init_window_size;fwd_pkts_payload.min,,,,,,,,,,
hikari_candidate_feature_sets.csv,,10,candidate_feature_sets,hikari,,hikari,chi2_boruta,hybrid,q25,hikari__chi2_boruta__q25__k20,20,fwd_subflow_bytes;fwd_data_pkts_tot;fwd_pkts_payload.tot;fwd_iat.max;bwd_init_window_size;fwd_iat.avg;flow_iat.max;flow_pkts_payload.avg;flow_RST_flag_count;fwd_pkts_payload.max;active.min;flow_pkts_payload.max;bwd_pkts_payload.max;bwd_header_size_min;flow_iat.avg;fwd_PSH_flag_count;bwd_pkts_payload.avg;flow_pkts_per_sec;fwd_pkts_per_sec;fwd_pkts_payload.std,,,,,,,,,,
hikari_candidate_feature_sets.csv,,11,candidate_feature_sets,hikari,,hikari,chi2_boruta,hybrid,q50,hikari__chi2_boruta__q50__k40,40,fwd_subflow_bytes;fwd_data_pkts_tot;fwd_pkts_payload.tot;fwd_iat.max;bwd_init_window_size;fwd_iat.avg;flow_iat.max;flow_pkts_payload.avg;flow_RST_flag_count;fwd_pkts_payload.max;active.min;flow_pkts_payload.max;bwd_pkts_payload.max;bwd_header_size_min;flow_iat.avg;fwd_PSH_flag_count;bwd_pkts_payload.avg;flow_pkts_per_sec;fwd_pkts_per_sec;fwd_pkts_payload.std;flow_pkts_payload.std;fwd_iat.min;fwd_pkts_payload.avg;down_up_ratio;flow_iat.min;bwd_pkts_per_sec;fwd_last_window_size;bwd_header_size_max;bwd_pkts_payload.std;flow_FIN_flag_count;fwd_header_size_min;bwd_bulk_rate;idle.max;flow_pkts_payload.min;flow_SYN_flag_count;fwd_init_window_size;fwd_pkts_payload.min;idle.avg;fwd_header_size_max;bwd_pkts_payload.min,,,,,,,,,,
hikari_candidate_feature_sets.csv,,12,candidate_feature_sets,hikari,,hikari,chi2_boruta,hybrid,q75,hikari__chi2_boruta__q75__k60,60,fwd_subflow_bytes;fwd_data_pkts_tot;fwd_pkts_payload.tot;fwd_iat.max;bwd_init_window_size;fwd_iat.avg;flow_iat.max;flow_pkts_payload.avg;flow_RST_flag_count;fwd_pkts_payload.max;active.min;flow_pkts_payload.max;bwd_pkts_payload.max;bwd_header_size_min;flow_iat.avg;fwd_PSH_flag_count;bwd_pkts_payload.avg;flow_pkts_per_sec;fwd_pkts_per_sec;fwd_pkts_payload.std;flow_pkts_payload.std;fwd_iat.min;fwd_pkts_payload.avg;down_up_ratio;flow_iat.min;bwd_pkts_per_sec;fwd_last_window_size;bwd_header_size_max;bwd_pkts_payload.std;flow_FIN_flag_count;fwd_header_size_min;bwd_bulk_rate;idle.max;flow_pkts_payload.min;flow_SYN_flag_count;fwd_init_window_size;fwd_pkts_payload.min;idle.avg;fwd_header_size_max;bwd_pkts_payload.min;flow_duration;fwd_pkts_tot;bwd_pkts_tot;bwd_data_pkts_tot;fwd_header_size_tot;bwd_header_size_tot;bwd_PSH_flag_count;flow_ACK_flag_count;fwd_URG_flag_count;bwd_URG_flag_count;flow_CWR_flag_count;flow_ECE_flag_count;bwd_pkts_payload.tot;flow_pkts_payload.tot;fwd_iat.tot;fwd_iat.std;bwd_iat.min;bwd_iat.max;bwd_iat.tot;bwd_iat.avg,,,,,,,,,,
hikari_candidate_feature_sets.csv,,13,candidate_feature_sets,hikari,,hikari,chi2_xgboost,hybrid,elbow,hikari__chi2_xgboost__elbow__k8,8,fwd_data_pkts_tot;fwd_subflow_bytes;flow_RST_flag_count;flow_FIN_flag_count;bwd_init_window_size;bwd_header_size_min;fwd_last_window_size;fwd_pkts_payload.tot,,,,,,,,,,
hikari_candidate_feature_sets.csv,,14,candidate_feature_sets,hikari,,hikari,chi2_xgboost,hybrid,q25,hikari__chi2_xgboost__q25__k20,20,fwd_data_pkts_tot;fwd_subflow_bytes;flow_RST_flag_count;flow_FIN_flag_count;bwd_init_window_size;bwd_header_size_min;fwd_last_window_size;fwd_pkts_payload.tot;fwd_header_size_min;fwd_pkts_payload.max;flow_pkts_payload.avg;fwd_iat.avg;down_up_ratio;flow_iat.max;flow_iat.avg;flow_pkts_per_sec;fwd_PSH_flag_count;flow_iat.min;active.min;fwd_iat.max,,,,,,,,,,
hikari_candidate_feature_sets.csv,,15,candidate_feature_sets,hikari,,hikari,chi2_xgboost,hybrid,q50,hikari__chi2_xgboost__q50__k40,40,fwd_data_pkts_tot;fwd_subflow_bytes;flow_RST_flag_count;flow_FIN_flag_count;bwd_init_window_size;bwd_header_size_min;fwd_last_window_size;fwd_pkts_payload.tot;fwd_header_size_min;fwd_pkts_payload.max;flow_pkts_payload.avg;fwd_iat.avg;down_up_ratio;flow_iat.max;flow_iat.avg;flow_pkts_per_sec;fwd_PSH_flag_count;flow_iat.min;active.min;fwd_iat.max;idle.max;fwd_pkts_payload.avg;bwd_pkts_per_sec;fwd_iat.min;fwd_pkts_per_sec;bwd_pkts_payload.avg;fwd_pkts_payload.std;bwd_pkts_payload.max;fwd_pkts_payload.min;flow_pkts_payload.min;idle.avg;bwd_bulk_rate;flow_pkts_payload.max;flow_pkts_payload.std;flow_SYN_flag_count;fwd_header_size_max;bwd_pkts_payload.std;bwd_header_size_max;fwd_init_window_size;bwd_pkts_payload.min,,,,,,,,,,
hikari_candidate_feature_sets.csv,,16,candidate_feature_sets,hikari,,hikari,chi2_xgboost,hybrid,q75,hikari__chi2_xgboost__q75__k60,60,fwd_data_pkts_tot;fwd_subflow_bytes;flow_RST_flag_count;flow_FIN_flag_count;bwd_init_window_size;bwd_header_size_min;fwd_last_window_size;fwd_pkts_payload.tot;fwd_header_size_min;fwd_pkts_payload.max;flow_pkts_payload.avg;fwd_iat.avg;down_up_ratio;flow_iat.max;flow_iat.avg;flow_pkts_per_sec;fwd_PSH_flag_count;flow_iat.min;active.min;fwd_iat.max;idle.max;fwd_pkts_payload.avg;bwd_pkts_per_sec;fwd_iat.min;fwd_pkts_per_sec;bwd_pkts_payload.avg;fwd_pkts_payload.std;bwd_pkts_payload.max;fwd_pkts_payload.min;flow_pkts_payload.min;idle.avg;bwd_bulk_rate;flow_pkts_payload.max;flow_pkts_payload.std;flow_SYN_flag_count;fwd_header_size_max;bwd_pkts_payload.std;bwd_header_size_max;fwd_init_window_size;bwd_pkts_payload.min;flow_duration;fwd_pkts_tot;bwd_pkts_tot;bwd_data_pkts_tot;fwd_header_size_tot;bwd_header_size_tot;bwd_PSH_flag_count;flow_ACK_flag_count;fwd_URG_flag_count;bwd_URG_flag_count;flow_CWR_flag_count;flow_ECE_flag_count;bwd_pkts_payload.tot;flow_pkts_payload.tot;fwd_iat.tot;fwd_iat.std;bwd_iat.min;bwd_iat.max;bwd_iat.tot;bwd_iat.avg,,,,,,,,,,
hikari_candidate_feature_sets.csv,,17,candidate_feature_sets,hikari,,hikari,elasticnet_c0.1,embedded,elbow,hikari__elasticnet_c0.1__elbow__k11,11,flow_RST_flag_count;bwd_pkts_payload.min;bwd_init_window_size;fwd_pkts_payload.avg;fwd_header_size_min;fwd_last_window_size;flow_FIN_flag_count;bwd_bulk_rate;down_up_ratio;flow_pkts_payload.avg;fwd_pkts_payload.std,,,,,,,,,,
hikari_candidate_feature_sets.csv,,18,candidate_feature_sets,hikari,,hikari,elasticnet_c0.1,embedded,q25,hikari__elasticnet_c0.1__q25__k20,20,flow_RST_flag_count;bwd_pkts_payload.min;bwd_init_window_size;fwd_pkts_payload.avg;fwd_header_size_min;fwd_last_window_size;flow_FIN_flag_count;bwd_bulk_rate;down_up_ratio;flow_pkts_payload.avg;fwd_pkts_payload.std;bwd_pkts_per_sec;flow_pkts_per_sec;bwd_iat.avg;fwd_bulk_bytes;fwd_pkts_payload.max;fwd_bulk_packets;fwd_pkts_per_sec;payload_bytes_per_second;bwd_header_size_min,,,,,,,,,,
hikari_candidate_feature_sets.csv,,19,candidate_feature_sets,hikari,,hikari,elasticnet_c0.1,embedded,q50,hikari__elasticnet_c0.1__q50__k40,40,flow_RST_flag_count;bwd_pkts_payload.min;bwd_init_window_size;fwd_pkts_payload.avg;fwd_header_size_min;fwd_last_window_size;flow_FIN_flag_count;bwd_bulk_rate;down_up_ratio;flow_pkts_payload.avg;fwd_pkts_payload.std;bwd_pkts_per_sec;flow_pkts_per_sec;bwd_iat.avg;fwd_bulk_bytes;fwd_pkts_payload.max;fwd_bulk_packets;fwd_pkts_per_sec;payload_bytes_per_second;bwd_header_size_min;active.min;flow_SYN_flag_count;bwd_pkts_payload.tot;flow_pkts_payload.tot;fwd_header_size_tot;active.avg;bwd_iat.tot;idle.std;idle.tot;fwd_pkts_payload.min;flow_pkts_payload.min;flow_iat.std;flow_iat.tot;flow_duration;fwd_bulk_rate;fwd_iat.tot;fwd_iat.avg;idle.max;fwd_init_window_size;fwd_pkts_payload.tot,,,,,,,,,,
hikari_candidate_feature_sets.csv,,20,candidate_feature_sets,hikari,,hikari,elasticnet_c0.1,embedded,q75,hikari__elasticnet_c0.1__q75__k60,60,flow_RST_flag_count;bwd_pkts_payload.min;bwd_init_window_size;fwd_pkts_payload.avg;fwd_header_size_min;fwd_last_window_size;flow_FIN_flag_count;bwd_bulk_rate;down_up_ratio;flow_pkts_payload.avg;fwd_pkts_payload.std;bwd_pkts_per_sec;flow_pkts_per_sec;bwd_iat.avg;fwd_bulk_bytes;fwd_pkts_payload.max;fwd_bulk_packets;fwd_pkts_per_sec;payload_bytes_per_second;bwd_header_size_min;active.min;flow_SYN_flag_count;bwd_pkts_payload.tot;flow_pkts_payload.tot;fwd_header_size_tot;active.avg;bwd_iat.tot;idle.std;idle.tot;fwd_pkts_payload.min;flow_pkts_payload.min;flow_iat.std;flow_iat.tot;flow_duration;fwd_bulk_rate;fwd_iat.tot;fwd_iat.avg;idle.max;fwd_init_window_size;fwd_pkts_payload.tot;bwd_subflow_bytes;flow_iat.max;bwd_iat.max;bwd_bulk_bytes;fwd_iat.max;bwd_iat.std;bwd_header_size_max;fwd_iat.std;bwd_data_pkts_tot;bwd_subflow_pkts;fwd_data_pkts_tot;fwd_PSH_flag_count;bwd_pkts_payload.std;flow_iat.avg;bwd_pkts_payload.avg;fwd_pkts_tot;bwd_iat.min;bwd_PSH_flag_count;bwd_bulk_packets;flow_pkts_payload.std,,,,,,,,,,
hikari_candidate_feature_sets.csv,,21,candidate_feature_sets,hikari,,hikari,elasticnet_c1.0,embedded,elbow,hikari__elasticnet_c1.0__elbow__k11,11,flow_RST_flag_count;bwd_pkts_payload.min;bwd_init_window_size;fwd_pkts_payload.avg;fwd_header_size_min;fwd_last_window_size;flow_FIN_flag_count;bwd_bulk_rate;down_up_ratio;flow_pkts_payload.avg;fwd_pkts_payload.std,,,,,,,,,,
hikari_candidate_feature_sets.csv,,22,candidate_feature_sets,hikari,,hikari,elasticnet_c1.0,embedded,q25,hikari__elasticnet_c1.0__q25__k20,20,flow_RST_flag_count;bwd_pkts_payload.min;bwd_init_window_size;fwd_pkts_payload.avg;fwd_header_size_min;fwd_last_window_size;flow_FIN_flag_count;bwd_bulk_rate;down_up_ratio;flow_pkts_payload.avg;fwd_pkts_payload.std;bwd_pkts_per_sec;flow_pkts_per_sec;bwd_iat.avg;fwd_bulk_bytes;fwd_pkts_payload.max;fwd_bulk_packets;fwd_pkts_per_sec;payload_bytes_per_second;bwd_header_size_min,,,,,,,,,,
hikari_candidate_feature_sets.csv,,23,candidate_feature_sets,hikari,,hikari,elasticnet_c1.0,embedded,q50,hikari__elasticnet_c1.0__q50__k40,40,flow_RST_flag_count;bwd_pkts_payload.min;bwd_init_window_size;fwd_pkts_payload.avg;fwd_header_size_min;fwd_last_window_size;flow_FIN_flag_count;bwd_bulk_rate;down_up_ratio;flow_pkts_payload.avg;fwd_pkts_payload.std;bwd_pkts_per_sec;flow_pkts_per_sec;bwd_iat.avg;fwd_bulk_bytes;fwd_pkts_payload.max;fwd_bulk_packets;fwd_pkts_per_sec;payload_bytes_per_second;bwd_header_size_min;active.min;flow_SYN_flag_count;bwd_pkts_payload.tot;flow_pkts_payload.tot;fwd_header_size_tot;active.avg;bwd_iat.tot;idle.std;idle.tot;flow_pkts_payload.min;fwd_pkts_payload.min;flow_iat.std;flow_iat.tot;flow_duration;fwd_bulk_rate;fwd_iat.tot;fwd_iat.avg;idle.max;fwd_init_window_size;fwd_pkts_payload.tot,,,,,,,,,,
hikari_candidate_feature_sets.csv,,24,candidate_feature_sets,hikari,,hikari,elasticnet_c1.0,embedded,q75,hikari__elasticnet_c1.0__q75__k60,60,flow_RST_flag_count;bwd_pkts_payload.min;bwd_init_window_size;fwd_pkts_payload.avg;fwd_header_size_min;fwd_last_window_size;flow_FIN_flag_count;bwd_bulk_rate;down_up_ratio;flow_pkts_payload.avg;fwd_pkts_payload.std;bwd_pkts_per_sec;flow_pkts_per_sec;bwd_iat.avg;fwd_bulk_bytes;fwd_pkts_payload.max;fwd_bulk_packets;fwd_pkts_per_sec;payload_bytes_per_second;bwd_header_size_min;active.min;flow_SYN_flag_count;bwd_pkts_payload.tot;flow_pkts_payload.tot;fwd_header_size_tot;active.avg;bwd_iat.tot;idle.std;idle.tot;flow_pkts_payload.min;fwd_pkts_payload.min;flow_iat.std;flow_iat.tot;flow_duration;fwd_bulk_rate;fwd_iat.tot;fwd_iat.avg;idle.max;fwd_init_window_size;fwd_pkts_payload.tot;bwd_subflow_bytes;flow_iat.max;bwd_iat.max;bwd_bulk_bytes;fwd_iat.max;bwd_iat.std;bwd_header_size_max;fwd_iat.std;bwd_data_pkts_tot;bwd_subflow_pkts;fwd_data_pkts_tot;fwd_PSH_flag_count;bwd_pkts_payload.std;flow_iat.avg;bwd_pkts_payload.avg;fwd_pkts_tot;bwd_iat.min;bwd_PSH_flag_count;bwd_bulk_packets;flow_pkts_payload.std,,,,,,,,,,
hikari_candidate_feature_sets.csv,,25,candidate_feature_sets,hikari,,hikari,fisher,filter,elbow,hikari__fisher__elbow__k23,23,bwd_init_window_size;bwd_header_size_max;fwd_pkts_payload.std;bwd_header_size_min;fwd_pkts_payload.max;bwd_bulk_rate;flow_SYN_flag_count;flow_FIN_flag_count;fwd_header_size_max;fwd_init_window_size;flow_RST_flag_count;fwd_pkts_payload.avg;bwd_pkts_payload.std;flow_pkts_payload.std;flow_pkts_payload.avg;bwd_pkts_payload.min;bwd_pkts_payload.avg;bwd_pkts_payload.max;flow_pkts_payload.max;flow_pkts_payload.min;fwd_pkts_payload.min;fwd_header_size_min;fwd_last_window_size,,,,,,,,,,
hikari_candidate_feature_sets.csv,,26,candidate_feature_sets,hikari,,hikari,fisher,filter,q25,hikari__fisher__q25__k20,20,bwd_init_window_size;bwd_header_size_max;fwd_pkts_payload.std;bwd_header_size_min;fwd_pkts_payload.max;bwd_bulk_rate;flow_SYN_flag_count;flow_FIN_flag_count;fwd_header_size_max;fwd_init_window_size;flow_RST_flag_count;fwd_pkts_payload.avg;bwd_pkts_payload.std;flow_pkts_payload.std;flow_pkts_payload.avg;bwd_pkts_payload.min;bwd_pkts_payload.avg;bwd_pkts_payload.max;flow_pkts_payload.max;flow_pkts_payload.min,,,,,,,,,,
hikari_candidate_feature_sets.csv,,27,candidate_feature_sets,hikari,,hikari,fisher,filter,q50,hikari__fisher__q50__k40,40,bwd_init_window_size;bwd_header_size_max;fwd_pkts_payload.std;bwd_header_size_min;fwd_pkts_payload.max;bwd_bulk_rate;flow_SYN_flag_count;flow_FIN_flag_count;fwd_header_size_max;fwd_init_window_size;flow_RST_flag_count;fwd_pkts_payload.avg;bwd_pkts_payload.std;flow_pkts_payload.std;flow_pkts_payload.avg;bwd_pkts_payload.min;bwd_pkts_payload.avg;bwd_pkts_payload.max;flow_pkts_payload.max;flow_pkts_payload.min;fwd_pkts_payload.min;fwd_header_size_min;fwd_last_window_size;down_up_ratio;bwd_pkts_per_sec;flow_pkts_per_sec;fwd_pkts_per_sec;fwd_subflow_bytes;fwd_PSH_flag_count;fwd_data_pkts_tot;active.min;active.avg;fwd_pkts_payload.tot;bwd_subflow_pkts;fwd_subflow_pkts;active.max;active.tot;idle.max;flow_iat.max;fwd_iat.avg,,,,,,,,,,
hikari_candidate_feature_sets.csv,,28,candidate_feature_sets,hikari,,hikari,fisher,filter,q75,hikari__fisher__q75__k60,60,bwd_init_window_size;bwd_header_size_max;fwd_pkts_payload.std;bwd_header_size_min;fwd_pkts_payload.max;bwd_bulk_rate;flow_SYN_flag_count;flow_FIN_flag_count;fwd_header_size_max;fwd_init_window_size;flow_RST_flag_count;fwd_pkts_payload.avg;bwd_pkts_payload.std;flow_pkts_payload.std;flow_pkts_payload.avg;bwd_pkts_payload.min;bwd_pkts_payload.avg;bwd_pkts_payload.max;flow_pkts_payload.max;flow_pkts_payload.min;fwd_pkts_payload.min;fwd_header_size_min;fwd_last_window_size;down_up_ratio;bwd_pkts_per_sec;flow_pkts_per_sec;fwd_pkts_per_sec;fwd_subflow_bytes;fwd_PSH_flag_count;fwd_data_pkts_tot;active.min;active.avg;fwd_pkts_payload.tot;bwd_subflow_pkts;fwd_subflow_pkts;active.max;active.tot;idle.max;flow_iat.max;fwd_iat.avg;flow_iat.avg;fwd_iat.max;bwd_PSH_flag_count;idle.avg;fwd_iat.min;flow_iat.min;bwd_header_size_tot;bwd_pkts_tot;flow_ACK_flag_count;idle.std;bwd_iat.avg;fwd_pkts_tot;idle.min;flow_iat.std;bwd_iat.max;fwd_iat.std;bwd_bulk_packets;bwd_iat.std;bwd_data_pkts_tot;fwd_header_size_tot,,,,,,,,,,
hikari_candidate_feature_sets.csv,,29,candidate_feature_sets,hikari,,hikari,fisher_lightgbm,hybrid,elbow,hikari__fisher_lightgbm__elbow__k28,28,bwd_bulk_rate;flow_iat.max;fwd_subflow_bytes;bwd_pkts_per_sec;fwd_iat.avg;down_up_ratio;flow_pkts_per_sec;fwd_pkts_payload.std;active.min;fwd_pkts_per_sec;flow_pkts_payload.avg;fwd_pkts_payload.avg;active.avg;flow_pkts_payload.std;active.tot;fwd_pkts_payload.tot;bwd_pkts_payload.std;active.max;fwd_PSH_flag_count;fwd_pkts_payload.max;fwd_subflow_pkts;bwd_subflow_pkts;bwd_init_window_size;bwd_pkts_payload.avg;idle.max;bwd_pkts_payload.max;fwd_last_window_size;fwd_header_size_max,,,,,,,,,,
hikari_candidate_feature_sets.csv,,30,candidate_feature_sets,hikari,,hikari,fisher_lightgbm,hybrid,q25,hikari__fisher_lightgbm__q25__k20,20,bwd_bulk_rate;flow_iat.max;fwd_subflow_bytes;bwd_pkts_per_sec;fwd_iat.avg;down_up_ratio;flow_pkts_per_sec;fwd_pkts_payload.std;active.min;fwd_pkts_per_sec;flow_pkts_payload.avg;fwd_pkts_payload.avg;active.avg;flow_pkts_payload.std;active.tot;fwd_pkts_payload.tot;bwd_pkts_payload.std;active.max;fwd_PSH_flag_count;fwd_pkts_payload.max,,,,,,,,,,
hikari_candidate_feature_sets.csv,,31,candidate_feature_sets,hikari,,hikari,fisher_lightgbm,hybrid,q50,hikari__fisher_lightgbm__q50__k40,40,bwd_bulk_rate;flow_iat.max;fwd_subflow_bytes;bwd_pkts_per_sec;fwd_iat.avg;down_up_ratio;flow_pkts_per_sec;fwd_pkts_payload.std;active.min;fwd_pkts_per_sec;flow_pkts_payload.avg;fwd_pkts_payload.avg;active.avg;flow_pkts_payload.std;active.tot;fwd_pkts_payload.tot;bwd_pkts_payload.std;active.max;fwd_PSH_flag_count;fwd_pkts_payload.max;fwd_subflow_pkts;bwd_subflow_pkts;bwd_init_window_size;bwd_pkts_payload.avg;idle.max;bwd_pkts_payload.max;fwd_last_window_size;fwd_header_size_max;bwd_header_size_max;fwd_data_pkts_tot;flow_RST_flag_count;flow_FIN_flag_count;flow_pkts_payload.min;bwd_header_size_min;fwd_header_size_min;fwd_init_window_size;flow_pkts_payload.max;flow_SYN_flag_count;bwd_pkts_payload.min;fwd_pkts_payload.min,,,,,,,,,,
hikari_candidate_feature_sets.csv,,32,candidate_feature_sets,hikari,,hikari,fisher_lightgbm,hybrid,q75,hikari__fisher_lightgbm__q75__k60,60,bwd_bulk_rate;flow_iat.max;fwd_subflow_bytes;bwd_pkts_per_sec;fwd_iat.avg;down_up_ratio;flow_pkts_per_sec;fwd_pkts_payload.std;active.min;fwd_pkts_per_sec;flow_pkts_payload.avg;fwd_pkts_payload.avg;active.avg;flow_pkts_payload.std;active.tot;fwd_pkts_payload.tot;bwd_pkts_payload.std;active.max;fwd_PSH_flag_count;fwd_pkts_payload.max;fwd_subflow_pkts;bwd_subflow_pkts;bwd_init_window_size;bwd_pkts_payload.avg;idle.max;bwd_pkts_payload.max;fwd_last_window_size;fwd_header_size_max;bwd_header_size_max;fwd_data_pkts_tot;flow_RST_flag_count;flow_FIN_flag_count;flow_pkts_payload.min;bwd_header_size_min;fwd_header_size_min;fwd_init_window_size;flow_pkts_payload.max;flow_SYN_flag_count;bwd_pkts_payload.min;fwd_pkts_payload.min;flow_duration;fwd_pkts_tot;bwd_pkts_tot;bwd_data_pkts_tot;fwd_header_size_tot;bwd_header_size_tot;bwd_PSH_flag_count;flow_ACK_flag_count;fwd_URG_flag_count;bwd_URG_flag_count;flow_CWR_flag_count;flow_ECE_flag_count;bwd_pkts_payload.tot;flow_pkts_payload.tot;fwd_iat.min;fwd_iat.max;fwd_iat.tot;fwd_iat.std;bwd_iat.min;bwd_iat.max,,,,,,,,,,
hikari_candidate_feature_sets.csv,,33,candidate_feature_sets,hikari,,hikari,ga,metaheuristic,elbow,hikari__ga__elbow__k28,28,bwd_header_size_tot;active.max;fwd_iat.std;bwd_pkts_payload.avg;flow_pkts_payload.avg;fwd_iat.tot;flow_pkts_payload.tot;bwd_subflow_bytes;fwd_subflow_pkts;flow_iat.std;active.avg;flow_iat.tot;fwd_iat.avg;flow_duration;fwd_iat.max;fwd_pkts_payload.std;fwd_pkts_payload.avg;active.tot;flow_pkts_payload.std;bwd_pkts_payload.tot;bwd_pkts_payload.max;fwd_pkts_payload.max;fwd_header_size_tot;fwd_pkts_tot;flow_pkts_payload.max;fwd_pkts_payload.tot;flow_iat.max;fwd_data_pkts_tot,,,,,,,,,,
hikari_candidate_feature_sets.csv,,34,candidate_feature_sets,hikari,,hikari,ga,metaheuristic,q25,hikari__ga__q25__k20,20,bwd_header_size_tot;active.max;fwd_iat.std;bwd_pkts_payload.avg;flow_pkts_payload.avg;fwd_iat.tot;flow_pkts_payload.tot;bwd_subflow_bytes;fwd_subflow_pkts;flow_iat.std;active.avg;flow_iat.tot;fwd_iat.avg;flow_duration;fwd_iat.max;fwd_pkts_payload.std;fwd_pkts_payload.avg;active.tot;flow_pkts_payload.std;bwd_pkts_payload.tot,,,,,,,,,,
hikari_candidate_feature_sets.csv,,35,candidate_feature_sets,hikari,,hikari,ga,metaheuristic,q50,hikari__ga__q50__k40,40,bwd_header_size_tot;active.max;fwd_iat.std;bwd_pkts_payload.avg;flow_pkts_payload.avg;fwd_iat.tot;flow_pkts_payload.tot;bwd_subflow_bytes;fwd_subflow_pkts;flow_iat.std;active.avg;flow_iat.tot;fwd_iat.avg;flow_duration;fwd_iat.max;fwd_pkts_payload.std;fwd_pkts_payload.avg;active.tot;flow_pkts_payload.std;bwd_pkts_payload.tot;bwd_pkts_payload.max;fwd_pkts_payload.max;fwd_header_size_tot;fwd_pkts_tot;flow_pkts_payload.max;fwd_pkts_payload.tot;flow_iat.max;fwd_data_pkts_tot;bwd_init_window_size;fwd_subflow_bytes;bwd_pkts_tot;bwd_pkts_payload.std;bwd_subflow_pkts;active.min;fwd_pkts_per_sec;payload_bytes_per_second;down_up_ratio;fwd_PSH_flag_count;flow_iat.avg;bwd_data_pkts_tot,,,,,,,,,,
hikari_candidate_feature_sets.csv,,36,candidate_feature_sets,hikari,,hikari,ga,metaheuristic,q75,hikari__ga__q75__k60,60,bwd_header_size_tot;active.max;fwd_iat.std;bwd_pkts_payload.avg;flow_pkts_payload.avg;fwd_iat.tot;flow_pkts_payload.tot;bwd_subflow_bytes;fwd_subflow_pkts;flow_iat.std;active.avg;flow_iat.tot;fwd_iat.avg;flow_duration;fwd_iat.max;fwd_pkts_payload.std;fwd_pkts_payload.avg;active.tot;flow_pkts_payload.std;bwd_pkts_payload.tot;bwd_pkts_payload.max;fwd_pkts_payload.max;fwd_header_size_tot;fwd_pkts_tot;flow_pkts_payload.max;fwd_pkts_payload.tot;flow_iat.max;fwd_data_pkts_tot;bwd_init_window_size;fwd_subflow_bytes;bwd_pkts_tot;bwd_pkts_payload.std;bwd_subflow_pkts;active.min;fwd_pkts_per_sec;payload_bytes_per_second;down_up_ratio;fwd_PSH_flag_count;flow_iat.avg;bwd_data_pkts_tot;bwd_iat.tot;flow_pkts_per_sec;flow_iat.min;bwd_iat.max;bwd_iat.std;bwd_PSH_flag_count;flow_ACK_flag_count;bwd_header_size_min;bwd_iat.avg;bwd_header_size_max;flow_FIN_flag_count;bwd_iat.min;flow_SYN_flag_count;bwd_pkts_per_sec;flow_RST_flag_count;fwd_last_window_size;flow_pkts_payload.min;fwd_pkts_payload.min;fwd_header_size_min;fwd_iat.min,,,,,,,,,,
hikari_candidate_feature_sets.csv,,37,candidate_feature_sets,hikari,,hikari,lasso_c0.01,embedded,elbow,hikari__lasso_c0.01__elbow__k11,11,flow_RST_flag_count;bwd_pkts_payload.min;bwd_init_window_size;fwd_pkts_payload.avg;fwd_header_size_min;flow_FIN_flag_count;fwd_last_window_size;bwd_bulk_rate;down_up_ratio;flow_pkts_payload.avg;fwd_pkts_payload.std,,,,,,,,,,
hikari_candidate_feature_sets.csv,,38,candidate_feature_sets,hikari,,hikari,lasso_c0.01,embedded,q25,hikari__lasso_c0.01__q25__k20,20,flow_RST_flag_count;bwd_pkts_payload.min;bwd_init_window_size;fwd_pkts_payload.avg;fwd_header_size_min;flow_FIN_flag_count;fwd_last_window_size;bwd_bulk_rate;down_up_ratio;flow_pkts_payload.avg;fwd_pkts_payload.std;bwd_pkts_per_sec;flow_pkts_per_sec;bwd_iat.avg;fwd_bulk_bytes;fwd_bulk_packets;fwd_pkts_payload.max;fwd_pkts_per_sec;active.min;payload_bytes_per_second,,,,,,,,,,
hikari_candidate_feature_sets.csv,,39,candidate_feature_sets,hikari,,hikari,lasso_c0.01,embedded,q50,hikari__lasso_c0.01__q50__k40,40,flow_RST_flag_count;bwd_pkts_payload.min;bwd_init_window_size;fwd_pkts_payload.avg;fwd_header_size_min;flow_FIN_flag_count;fwd_last_window_size;bwd_bulk_rate;down_up_ratio;flow_pkts_payload.avg;fwd_pkts_payload.std;bwd_pkts_per_sec;flow_pkts_per_sec;bwd_iat.avg;fwd_bulk_bytes;fwd_bulk_packets;fwd_pkts_payload.max;fwd_pkts_per_sec;active.min;payload_bytes_per_second;bwd_header_size_min;flow_SYN_flag_count;flow_pkts_payload.tot;bwd_pkts_payload.tot;fwd_header_size_tot;idle.std;bwd_iat.tot;idle.tot;idle.max;flow_iat.std;fwd_pkts_payload.min;flow_pkts_payload.min;flow_iat.tot;flow_iat.max;fwd_iat.avg;fwd_bulk_rate;fwd_init_window_size;bwd_subflow_bytes;fwd_iat.max;bwd_iat.max,,,,,,,,,,
hikari_candidate_feature_sets.csv,,40,candidate_feature_sets,hikari,,hikari,lasso_c0.01,embedded,q75,hikari__lasso_c0.01__q75__k60,60,flow_RST_flag_count;bwd_pkts_payload.min;bwd_init_window_size;fwd_pkts_payload.avg;fwd_header_size_min;flow_FIN_flag_count;fwd_last_window_size;bwd_bulk_rate;down_up_ratio;flow_pkts_payload.avg;fwd_pkts_payload.std;bwd_pkts_per_sec;flow_pkts_per_sec;bwd_iat.avg;fwd_bulk_bytes;fwd_bulk_packets;fwd_pkts_payload.max;fwd_pkts_per_sec;active.min;payload_bytes_per_second;bwd_header_size_min;flow_SYN_flag_count;flow_pkts_payload.tot;bwd_pkts_payload.tot;fwd_header_size_tot;idle.std;bwd_iat.tot;idle.tot;idle.max;flow_iat.std;fwd_pkts_payload.min;flow_pkts_payload.min;flow_iat.tot;flow_iat.max;fwd_iat.avg;fwd_bulk_rate;fwd_init_window_size;bwd_subflow_bytes;fwd_iat.max;bwd_iat.max;flow_iat.avg;fwd_iat.std;bwd_header_size_max;bwd_bulk_bytes;bwd_iat.std;flow_duration;fwd_iat.tot;active.avg;bwd_iat.min;bwd_subflow_pkts;fwd_pkts_payload.tot;bwd_data_pkts_tot;fwd_pkts_tot;bwd_pkts_payload.std;bwd_bulk_packets;fwd_iat.min;flow_iat.min;fwd_data_pkts_tot;bwd_PSH_flag_count;flow_CWR_flag_count,,,,,,,,,,
hikari_candidate_feature_sets.csv,,41,candidate_feature_sets,hikari,,hikari,lasso_c0.1,embedded,elbow,hikari__lasso_c0.1__elbow__k11,11,flow_RST_flag_count;bwd_pkts_payload.min;bwd_init_window_size;fwd_pkts_payload.avg;fwd_header_size_min;fwd_last_window_size;flow_FIN_flag_count;bwd_bulk_rate;down_up_ratio;flow_pkts_payload.avg;fwd_pkts_payload.std,,,,,,,,,,
hikari_candidate_feature_sets.csv,,42,candidate_feature_sets,hikari,,hikari,lasso_c0.1,embedded,q25,hikari__lasso_c0.1__q25__k20,20,flow_RST_flag_count;bwd_pkts_payload.min;bwd_init_window_size;fwd_pkts_payload.avg;fwd_header_size_min;fwd_last_window_size;flow_FIN_flag_count;bwd_bulk_rate;down_up_ratio;flow_pkts_payload.avg;fwd_pkts_payload.std;bwd_pkts_per_sec;flow_pkts_per_sec;bwd_iat.avg;fwd_bulk_bytes;fwd_pkts_payload.max;fwd_bulk_packets;fwd_pkts_per_sec;payload_bytes_per_second;bwd_header_size_min,,,,,,,,,,
hikari_candidate_feature_sets.csv,,43,candidate_feature_sets,hikari,,hikari,lasso_c0.1,embedded,q50,hikari__lasso_c0.1__q50__k40,40,flow_RST_flag_count;bwd_pkts_payload.min;bwd_init_window_size;fwd_pkts_payload.avg;fwd_header_size_min;fwd_last_window_size;flow_FIN_flag_count;bwd_bulk_rate;down_up_ratio;flow_pkts_payload.avg;fwd_pkts_payload.std;bwd_pkts_per_sec;flow_pkts_per_sec;bwd_iat.avg;fwd_bulk_bytes;fwd_pkts_payload.max;fwd_bulk_packets;fwd_pkts_per_sec;payload_bytes_per_second;bwd_header_size_min;active.min;flow_SYN_flag_count;bwd_pkts_payload.tot;flow_pkts_payload.tot;fwd_header_size_tot;active.avg;bwd_iat.tot;idle.std;idle.tot;flow_pkts_payload.min;fwd_pkts_payload.min;flow_iat.std;flow_iat.tot;flow_duration;fwd_bulk_rate;fwd_iat.tot;fwd_iat.avg;idle.max;fwd_init_window_size;fwd_pkts_payload.tot,,,,,,,,,,
hikari_candidate_feature_sets.csv,,44,candidate_feature_sets,hikari,,hikari,lasso_c0.1,embedded,q75,hikari__lasso_c0.1__q75__k60,60,flow_RST_flag_count;bwd_pkts_payload.min;bwd_init_window_size;fwd_pkts_payload.avg;fwd_header_size_min;fwd_last_window_size;flow_FIN_flag_count;bwd_bulk_rate;down_up_ratio;flow_pkts_payload.avg;fwd_pkts_payload.std;bwd_pkts_per_sec;flow_pkts_per_sec;bwd_iat.avg;fwd_bulk_bytes;fwd_pkts_payload.max;fwd_bulk_packets;fwd_pkts_per_sec;payload_bytes_per_second;bwd_header_size_min;active.min;flow_SYN_flag_count;bwd_pkts_payload.tot;flow_pkts_payload.tot;fwd_header_size_tot;active.avg;bwd_iat.tot;idle.std;idle.tot;flow_pkts_payload.min;fwd_pkts_payload.min;flow_iat.std;flow_iat.tot;flow_duration;fwd_bulk_rate;fwd_iat.tot;fwd_iat.avg;idle.max;fwd_init_window_size;fwd_pkts_payload.tot;bwd_subflow_bytes;flow_iat.max;bwd_iat.max;fwd_iat.max;bwd_bulk_bytes;bwd_iat.std;fwd_iat.std;bwd_header_size_max;bwd_data_pkts_tot;bwd_subflow_pkts;fwd_data_pkts_tot;fwd_PSH_flag_count;bwd_pkts_payload.std;flow_iat.avg;bwd_pkts_payload.avg;fwd_pkts_tot;bwd_iat.min;bwd_PSH_flag_count;bwd_bulk_packets;flow_pkts_payload.std,,,,,,,,,,
hikari_candidate_feature_sets.csv,,45,candidate_feature_sets,hikari,,hikari,lasso_c1.0,embedded,elbow,hikari__lasso_c1.0__elbow__k11,11,flow_RST_flag_count;bwd_pkts_payload.min;bwd_init_window_size;fwd_pkts_payload.avg;fwd_header_size_min;fwd_last_window_size;flow_FIN_flag_count;bwd_bulk_rate;down_up_ratio;flow_pkts_payload.avg;fwd_pkts_payload.std,,,,,,,,,,
hikari_candidate_feature_sets.csv,,46,candidate_feature_sets,hikari,,hikari,lasso_c1.0,embedded,q25,hikari__lasso_c1.0__q25__k20,20,flow_RST_flag_count;bwd_pkts_payload.min;bwd_init_window_size;fwd_pkts_payload.avg;fwd_header_size_min;fwd_last_window_size;flow_FIN_flag_count;bwd_bulk_rate;down_up_ratio;flow_pkts_payload.avg;fwd_pkts_payload.std;bwd_pkts_per_sec;flow_pkts_per_sec;bwd_iat.avg;fwd_bulk_bytes;fwd_pkts_payload.max;fwd_bulk_packets;fwd_pkts_per_sec;payload_bytes_per_second;bwd_header_size_min,,,,,,,,,,
hikari_candidate_feature_sets.csv,,47,candidate_feature_sets,hikari,,hikari,lasso_c1.0,embedded,q50,hikari__lasso_c1.0__q50__k40,40,flow_RST_flag_count;bwd_pkts_payload.min;bwd_init_window_size;fwd_pkts_payload.avg;fwd_header_size_min;fwd_last_window_size;flow_FIN_flag_count;bwd_bulk_rate;down_up_ratio;flow_pkts_payload.avg;fwd_pkts_payload.std;bwd_pkts_per_sec;flow_pkts_per_sec;bwd_iat.avg;fwd_bulk_bytes;fwd_pkts_payload.max;fwd_bulk_packets;fwd_pkts_per_sec;payload_bytes_per_second;bwd_header_size_min;active.min;flow_SYN_flag_count;bwd_pkts_payload.tot;flow_pkts_payload.tot;fwd_header_size_tot;active.avg;bwd_iat.tot;idle.std;idle.tot;flow_pkts_payload.min;fwd_pkts_payload.min;flow_iat.std;flow_iat.tot;flow_duration;fwd_bulk_rate;fwd_iat.tot;fwd_iat.avg;idle.max;fwd_init_window_size;fwd_pkts_payload.tot,,,,,,,,,,
hikari_candidate_feature_sets.csv,,48,candidate_feature_sets,hikari,,hikari,lasso_c1.0,embedded,q75,hikari__lasso_c1.0__q75__k60,60,flow_RST_flag_count;bwd_pkts_payload.min;bwd_init_window_size;fwd_pkts_payload.avg;fwd_header_size_min;fwd_last_window_size;flow_FIN_flag_count;bwd_bulk_rate;down_up_ratio;flow_pkts_payload.avg;fwd_pkts_payload.std;bwd_pkts_per_sec;flow_pkts_per_sec;bwd_iat.avg;fwd_bulk_bytes;fwd_pkts_payload.max;fwd_bulk_packets;fwd_pkts_per_sec;payload_bytes_per_second;bwd_header_size_min;active.min;flow_SYN_flag_count;bwd_pkts_payload.tot;flow_pkts_payload.tot;fwd_header_size_tot;active.avg;bwd_iat.tot;idle.std;idle.tot;flow_pkts_payload.min;fwd_pkts_payload.min;flow_iat.std;flow_iat.tot;flow_duration;fwd_bulk_rate;fwd_iat.tot;fwd_iat.avg;idle.max;fwd_init_window_size;fwd_pkts_payload.tot;bwd_subflow_bytes;flow_iat.max;bwd_iat.max;bwd_bulk_bytes;fwd_iat.max;bwd_iat.std;bwd_header_size_max;fwd_iat.std;bwd_data_pkts_tot;bwd_subflow_pkts;fwd_data_pkts_tot;fwd_PSH_flag_count;bwd_pkts_payload.std;flow_iat.avg;bwd_pkts_payload.avg;fwd_pkts_tot;bwd_iat.min;bwd_PSH_flag_count;bwd_bulk_packets;flow_pkts_payload.std,,,,,,,,,,
hikari_candidate_feature_sets.csv,,49,candidate_feature_sets,hikari,,hikari,lightgbm,embedded,elbow,hikari__lightgbm__elbow__k8,8,fwd_iat.min;bwd_iat.min;bwd_bulk_rate;flow_iat.min;fwd_iat.max;fwd_iat.std;down_up_ratio;bwd_iat.std,,,,,,,,,,
hikari_candidate_feature_sets.csv,,50,candidate_feature_sets,hikari,,hikari,lightgbm,embedded,q25,hikari__lightgbm__q25__k20,20,fwd_iat.min;bwd_iat.min;bwd_bulk_rate;flow_iat.min;fwd_iat.max;fwd_iat.std;down_up_ratio;bwd_iat.std;bwd_pkts_per_sec;fwd_pkts_payload.avg;fwd_pkts_payload.tot;active.min;fwd_iat.tot;flow_pkts_payload.avg;fwd_pkts_payload.std;bwd_iat.avg;fwd_pkts_per_sec;flow_pkts_payload.std;fwd_iat.avg;fwd_subflow_bytes,,,,,,,,,,
hikari_candidate_feature_sets.csv,,51,candidate_feature_sets,hikari,,hikari,lightgbm,embedded,q50,hikari__lightgbm__q50__k40,40,fwd_iat.min;bwd_iat.min;bwd_bulk_rate;flow_iat.min;fwd_iat.max;fwd_iat.std;down_up_ratio;bwd_iat.std;bwd_pkts_per_sec;fwd_pkts_payload.avg;fwd_pkts_payload.tot;active.min;fwd_iat.tot;flow_pkts_payload.avg;fwd_pkts_payload.std;bwd_iat.avg;fwd_pkts_per_sec;flow_pkts_payload.std;fwd_iat.avg;fwd_subflow_bytes;payload_bytes_per_second;bwd_iat.max;flow_pkts_payload.tot;bwd_iat.tot;flow_iat.std;fwd_pkts_payload.max;flow_duration;flow_pkts_per_sec;flow_iat.max;bwd_init_window_size;active.tot;flow_iat.avg;bwd_pkts_payload.std;bwd_pkts_payload.avg;bwd_PSH_flag_count;fwd_data_pkts_tot;bwd_bulk_packets;active.std;active.avg;fwd_pkts_tot,,,,,,,,,,
hikari_candidate_feature_sets.csv,,52,candidate_feature_sets,hikari,,hikari,lightgbm,embedded,q75,hikari__lightgbm__q75__k60,60,fwd_iat.min;bwd_iat.min;bwd_bulk_rate;flow_iat.min;fwd_iat.max;fwd_iat.std;down_up_ratio;bwd_iat.std;bwd_pkts_per_sec;fwd_pkts_payload.avg;fwd_pkts_payload.tot;active.min;fwd_iat.tot;flow_pkts_payload.avg;fwd_pkts_payload.std;bwd_iat.avg;fwd_pkts_per_sec;flow_pkts_payload.std;fwd_iat.avg;fwd_subflow_bytes;payload_bytes_per_second;bwd_iat.max;flow_pkts_payload.tot;bwd_iat.tot;flow_iat.std;fwd_pkts_payload.max;flow_duration;flow_pkts_per_sec;flow_iat.max;bwd_init_window_size;active.tot;flow_iat.avg;bwd_pkts_payload.std;bwd_pkts_payload.avg;bwd_PSH_flag_count;fwd_data_pkts_tot;bwd_bulk_packets;active.std;active.avg;fwd_pkts_tot;fwd_last_window_size;idle.min;bwd_header_size_tot;active.max;bwd_pkts_tot;bwd_data_pkts_tot;fwd_subflow_pkts;bwd_pkts_payload.max;bwd_bulk_bytes;bwd_subflow_pkts;flow_ACK_flag_count;fwd_header_size_tot;fwd_pkts_payload.min;flow_iat.tot;idle.max;idle.avg;fwd_header_size_max;bwd_header_size_max;bwd_subflow_bytes;flow_FIN_flag_count,,,,,,,,,,
hikari_candidate_feature_sets.csv,,53,candidate_feature_sets,hikari,,hikari,mi_ga,hybrid,elbow,hikari__mi_ga__elbow__k24,24,bwd_pkts_payload.avg;flow_pkts_payload.avg;bwd_pkts_payload.max;bwd_init_window_size;flow_pkts_payload.tot;flow_duration;flow_pkts_payload.max;flow_iat.max;bwd_header_size_tot;bwd_subflow_bytes;fwd_subflow_bytes;fwd_iat.max;fwd_iat.tot;fwd_data_pkts_tot;fwd_pkts_tot;fwd_header_size_tot;fwd_pkts_payload.max;fwd_subflow_pkts;flow_iat.tot;bwd_pkts_payload.tot;fwd_pkts_payload.avg;fwd_pkts_payload.std;flow_pkts_payload.std;flow_iat.std,,,,,,,,,,
hikari_candidate_feature_sets.csv,,54,candidate_feature_sets,hikari,,hikari,mi_ga,hybrid,q25,hikari__mi_ga__q25__k20,20,bwd_pkts_payload.avg;flow_pkts_payload.avg;bwd_pkts_payload.max;bwd_init_window_size;flow_pkts_payload.tot;flow_duration;flow_pkts_payload.max;flow_iat.max;bwd_header_size_tot;bwd_subflow_bytes;fwd_subflow_bytes;fwd_iat.max;fwd_iat.tot;fwd_data_pkts_tot;fwd_pkts_tot;fwd_header_size_tot;fwd_pkts_payload.max;fwd_subflow_pkts;flow_iat.tot;bwd_pkts_payload.tot,,,,,,,,,,
hikari_candidate_feature_sets.csv,,55,candidate_feature_sets,hikari,,hikari,mi_ga,hybrid,q50,hikari__mi_ga__q50__k40,40,bwd_pkts_payload.avg;flow_pkts_payload.avg;bwd_pkts_payload.max;bwd_init_window_size;flow_pkts_payload.tot;flow_duration;flow_pkts_payload.max;flow_iat.max;bwd_header_size_tot;bwd_subflow_bytes;fwd_subflow_bytes;fwd_iat.max;fwd_iat.tot;fwd_data_pkts_tot;fwd_pkts_tot;fwd_header_size_tot;fwd_pkts_payload.max;fwd_subflow_pkts;flow_iat.tot;bwd_pkts_payload.tot;fwd_pkts_payload.avg;fwd_pkts_payload.std;flow_pkts_payload.std;flow_iat.std;fwd_iat.std;active.tot;active.max;fwd_iat.avg;active.avg;fwd_pkts_payload.tot;bwd_subflow_pkts;bwd_pkts_payload.std;bwd_pkts_tot;active.min;fwd_pkts_per_sec;payload_bytes_per_second;flow_iat.avg;down_up_ratio;fwd_PSH_flag_count;bwd_data_pkts_tot,,,,,,,,,,
hikari_candidate_feature_sets.csv,,56,candidate_feature_sets,hikari,,hikari,mi_ga,hybrid,q75,hikari__mi_ga__q75__k60,60,bwd_pkts_payload.avg;flow_pkts_payload.avg;bwd_pkts_payload.max;bwd_init_window_size;flow_pkts_payload.tot;flow_duration;flow_pkts_payload.max;flow_iat.max;bwd_header_size_tot;bwd_subflow_bytes;fwd_subflow_bytes;fwd_iat.max;fwd_iat.tot;fwd_data_pkts_tot;fwd_pkts_tot;fwd_header_size_tot;fwd_pkts_payload.max;fwd_subflow_pkts;flow_iat.tot;bwd_pkts_payload.tot;fwd_pkts_payload.avg;fwd_pkts_payload.std;flow_pkts_payload.std;flow_iat.std;fwd_iat.std;active.tot;active.max;fwd_iat.avg;active.avg;fwd_pkts_payload.tot;bwd_subflow_pkts;bwd_pkts_payload.std;bwd_pkts_tot;active.min;fwd_pkts_per_sec;payload_bytes_per_second;flow_iat.avg;down_up_ratio;fwd_PSH_flag_count;bwd_data_pkts_tot;bwd_pkts_per_sec;flow_pkts_per_sec;fwd_header_size_min;fwd_header_size_max;bwd_header_size_min;bwd_header_size_max;flow_FIN_flag_count;flow_SYN_flag_count;flow_RST_flag_count;bwd_PSH_flag_count;flow_ACK_flag_count;fwd_URG_flag_count;bwd_URG_flag_count;flow_CWR_flag_count;flow_ECE_flag_count;fwd_pkts_payload.min;bwd_pkts_payload.min;flow_pkts_payload.min;fwd_iat.min;bwd_iat.min,,,,,,,,,,
hikari_candidate_feature_sets.csv,,57,candidate_feature_sets,hikari,,hikari,mi_rfe,hybrid,elbow,hikari__mi_rfe__elbow__k40,40,bwd_data_pkts_tot;fwd_PSH_flag_count;bwd_subflow_pkts;fwd_pkts_per_sec;flow_iat.std;bwd_pkts_payload.avg;bwd_header_size_tot;bwd_pkts_tot;flow_pkts_payload.avg;fwd_header_size_tot;flow_pkts_payload.tot;fwd_subflow_pkts;fwd_pkts_tot;bwd_pkts_payload.max;flow_pkts_payload.max;fwd_pkts_payload.tot;fwd_data_pkts_tot;bwd_pkts_payload.tot;fwd_iat.std;flow_iat.tot;payload_bytes_per_second;flow_duration;fwd_iat.tot;fwd_iat.max;active.tot;active.max;fwd_subflow_bytes;fwd_iat.avg;flow_iat.avg;flow_pkts_payload.std;fwd_pkts_payload.std;fwd_pkts_payload.max;active.min;down_up_ratio;bwd_subflow_bytes;bwd_pkts_payload.std;fwd_pkts_payload.avg;bwd_init_window_size;active.avg;flow_iat.max,,,,,,,,,,
hikari_candidate_feature_sets.csv,,58,candidate_feature_sets,hikari,,hikari,mi_rfe,hybrid,q25,hikari__mi_rfe__q25__k20,20,bwd_data_pkts_tot;fwd_PSH_flag_count;bwd_subflow_pkts;fwd_pkts_per_sec;flow_iat.std;bwd_pkts_payload.avg;bwd_header_size_tot;bwd_pkts_tot;flow_pkts_payload.avg;fwd_header_size_tot;flow_pkts_payload.tot;fwd_subflow_pkts;fwd_pkts_tot;bwd_pkts_payload.max;flow_pkts_payload.max;fwd_pkts_payload.tot;fwd_data_pkts_tot;bwd_pkts_payload.tot;fwd_iat.std;flow_iat.tot,,,,,,,,,,
hikari_candidate_feature_sets.csv,,59,candidate_feature_sets,hikari,,hikari,mi_rfe,hybrid,q50,hikari__mi_rfe__q50__k40,40,bwd_data_pkts_tot;fwd_PSH_flag_count;bwd_subflow_pkts;fwd_pkts_per_sec;flow_iat.std;bwd_pkts_payload.avg;bwd_header_size_tot;bwd_pkts_tot;flow_pkts_payload.avg;fwd_header_size_tot;flow_pkts_payload.tot;fwd_subflow_pkts;fwd_pkts_tot;bwd_pkts_payload.max;flow_pkts_payload.max;fwd_pkts_payload.tot;fwd_data_pkts_tot;bwd_pkts_payload.tot;fwd_iat.std;flow_iat.tot;payload_bytes_per_second;flow_duration;fwd_iat.tot;fwd_iat.max;active.tot;active.max;fwd_subflow_bytes;fwd_iat.avg;flow_iat.avg;flow_pkts_payload.std;fwd_pkts_payload.std;fwd_pkts_payload.max;active.min;down_up_ratio;bwd_subflow_bytes;bwd_pkts_payload.std;fwd_pkts_payload.avg;bwd_init_window_size;active.avg;flow_iat.max,,,,,,,,,,
hikari_candidate_feature_sets.csv,,60,candidate_feature_sets,hikari,,hikari,mi_rfe,hybrid,q75,hikari__mi_rfe__q75__k60,60,bwd_data_pkts_tot;fwd_PSH_flag_count;bwd_subflow_pkts;fwd_pkts_per_sec;flow_iat.std;bwd_pkts_payload.avg;bwd_header_size_tot;bwd_pkts_tot;flow_pkts_payload.avg;fwd_header_size_tot;flow_pkts_payload.tot;fwd_subflow_pkts;fwd_pkts_tot;bwd_pkts_payload.max;flow_pkts_payload.max;fwd_pkts_payload.tot;fwd_data_pkts_tot;bwd_pkts_payload.tot;fwd_iat.std;flow_iat.tot;payload_bytes_per_second;flow_duration;fwd_iat.tot;fwd_iat.max;active.tot;active.max;fwd_subflow_bytes;fwd_iat.avg;flow_iat.avg;flow_pkts_payload.std;fwd_pkts_payload.std;fwd_pkts_payload.max;active.min;down_up_ratio;bwd_subflow_bytes;bwd_pkts_payload.std;fwd_pkts_payload.avg;bwd_init_window_size;active.avg;flow_iat.max;bwd_pkts_per_sec;flow_pkts_per_sec;fwd_header_size_min;fwd_header_size_max;bwd_header_size_min;bwd_header_size_max;flow_FIN_flag_count;flow_SYN_flag_count;flow_RST_flag_count;bwd_PSH_flag_count;flow_ACK_flag_count;fwd_URG_flag_count;bwd_URG_flag_count;flow_CWR_flag_count;flow_ECE_flag_count;fwd_pkts_payload.min;bwd_pkts_payload.min;flow_pkts_payload.min;fwd_iat.min;bwd_iat.min,,,,,,,,,,
hikari_candidate_feature_sets.csv,,61,candidate_feature_sets,hikari,,hikari,mrmr,filter,elbow,hikari__mrmr__elbow__k8,8,fwd_subflow_bytes;fwd_iat.max;payload_bytes_per_second;bwd_iat.min;flow_pkts_payload.tot;fwd_pkts_payload.std;fwd_iat.tot;flow_ECE_flag_count,,,,,,,,,,
hikari_candidate_feature_sets.csv,,62,candidate_feature_sets,hikari,,hikari,mrmr,filter,q25,hikari__mrmr__q25__k20,20,fwd_subflow_bytes;fwd_iat.max;payload_bytes_per_second;bwd_iat.min;flow_pkts_payload.tot;fwd_pkts_payload.std;fwd_iat.tot;flow_ECE_flag_count;flow_iat.min;flow_pkts_per_sec;fwd_pkts_payload.tot;down_up_ratio;bwd_bulk_bytes;fwd_bulk_rate;flow_CWR_flag_count;fwd_iat.std;bwd_pkts_payload.tot;fwd_URG_flag_count;flow_RST_flag_count;bwd_URG_flag_count,,,,,,,,,,
hikari_candidate_feature_sets.csv,,63,candidate_feature_sets,hikari,,hikari,mrmr,filter,q50,hikari__mrmr__q50__k40,40,fwd_subflow_bytes;fwd_iat.max;payload_bytes_per_second;bwd_iat.min;flow_pkts_payload.tot;fwd_pkts_payload.std;fwd_iat.tot;flow_ECE_flag_count;flow_iat.min;flow_pkts_per_sec;fwd_pkts_payload.tot;down_up_ratio;bwd_bulk_bytes;fwd_bulk_rate;flow_CWR_flag_count;fwd_iat.std;bwd_pkts_payload.tot;fwd_URG_flag_count;flow_RST_flag_count;bwd_URG_flag_count;flow_iat.tot;bwd_bulk_rate;fwd_iat.avg;flow_pkts_payload.max;active.min;fwd_pkts_per_sec;fwd_bulk_bytes;fwd_header_size_tot;flow_duration;fwd_last_window_size;flow_iat.std;fwd_data_pkts_tot;flow_iat.avg;bwd_bulk_packets;fwd_pkts_payload.avg;bwd_subflow_bytes;bwd_iat.tot;bwd_init_window_size;fwd_bulk_packets;bwd_pkts_per_sec,,,,,,,,,,
hikari_candidate_feature_sets.csv,,64,candidate_feature_sets,hikari,,hikari,mrmr,filter,q75,hikari__mrmr__q75__k60,60,fwd_subflow_bytes;fwd_iat.max;payload_bytes_per_second;bwd_iat.min;flow_pkts_payload.tot;fwd_pkts_payload.std;fwd_iat.tot;flow_ECE_flag_count;flow_iat.min;flow_pkts_per_sec;fwd_pkts_payload.tot;down_up_ratio;bwd_bulk_bytes;fwd_bulk_rate;flow_CWR_flag_count;fwd_iat.std;bwd_pkts_payload.tot;fwd_URG_flag_count;flow_RST_flag_count;bwd_URG_flag_count;flow_iat.tot;bwd_bulk_rate;fwd_iat.avg;flow_pkts_payload.max;active.min;fwd_pkts_per_sec;fwd_bulk_bytes;fwd_header_size_tot;flow_duration;fwd_last_window_size;flow_iat.std;fwd_data_pkts_tot;flow_iat.avg;bwd_bulk_packets;fwd_pkts_payload.avg;bwd_subflow_bytes;bwd_iat.tot;bwd_init_window_size;fwd_bulk_packets;bwd_pkts_per_sec;bwd_iat.std;fwd_iat.min;active.avg;bwd_pkts_payload.max;bwd_pkts_payload.min;fwd_pkts_tot;bwd_iat.avg;fwd_PSH_flag_count;fwd_header_size_min;flow_pkts_payload.avg;bwd_PSH_flag_count;flow_iat.max;flow_pkts_payload.min;fwd_pkts_payload.max;bwd_header_size_tot;bwd_pkts_payload.avg;bwd_iat.max;active.max;fwd_pkts_payload.min;active.std,,,,,,,,,,
hikari_candidate_feature_sets.csv,,65,candidate_feature_sets,hikari,,hikari,mutual_info,filter,elbow,hikari__mutual_info__elbow__k50,50,fwd_subflow_bytes;fwd_pkts_payload.tot;flow_pkts_payload.tot;flow_pkts_payload.max;fwd_pkts_payload.max;fwd_pkts_payload.avg;fwd_header_size_tot;flow_pkts_payload.avg;fwd_iat.tot;fwd_subflow_pkts;bwd_pkts_payload.tot;fwd_data_pkts_tot;flow_iat.tot;fwd_iat.std;flow_duration;bwd_init_window_size;bwd_subflow_bytes;fwd_iat.max;fwd_iat.avg;bwd_pkts_payload.max;fwd_pkts_tot;flow_iat.max;flow_iat.std;fwd_pkts_payload.std;active.tot;bwd_pkts_payload.avg;bwd_header_size_tot;active.avg;active.max;flow_pkts_payload.std;bwd_pkts_tot;bwd_pkts_payload.std;bwd_subflow_pkts;active.min;fwd_pkts_per_sec;payload_bytes_per_second;down_up_ratio;fwd_PSH_flag_count;flow_iat.avg;bwd_data_pkts_tot;bwd_iat.tot;flow_pkts_per_sec;flow_iat.min;bwd_iat.max;bwd_iat.std;bwd_PSH_flag_count;flow_ACK_flag_count;bwd_header_size_min;bwd_iat.avg;bwd_header_size_max,,,,,,,,,,
hikari_candidate_feature_sets.csv,,66,candidate_feature_sets,hikari,,hikari,mutual_info,filter,q25,hikari__mutual_info__q25__k20,20,fwd_subflow_bytes;fwd_pkts_payload.tot;flow_pkts_payload.tot;flow_pkts_payload.max;fwd_pkts_payload.max;fwd_pkts_payload.avg;fwd_header_size_tot;flow_pkts_payload.avg;fwd_iat.tot;fwd_subflow_pkts;bwd_pkts_payload.tot;fwd_data_pkts_tot;flow_iat.tot;fwd_iat.std;flow_duration;bwd_init_window_size;bwd_subflow_bytes;fwd_iat.max;fwd_iat.avg;bwd_pkts_payload.max,,,,,,,,,,
hikari_candidate_feature_sets.csv,,67,candidate_feature_sets,hikari,,hikari,mutual_info,filter,q50,hikari__mutual_info__q50__k40,40,fwd_subflow_bytes;fwd_pkts_payload.tot;flow_pkts_payload.tot;flow_pkts_payload.max;fwd_pkts_payload.max;fwd_pkts_payload.avg;fwd_header_size_tot;flow_pkts_payload.avg;fwd_iat.tot;fwd_subflow_pkts;bwd_pkts_payload.tot;fwd_data_pkts_tot;flow_iat.tot;fwd_iat.std;flow_duration;bwd_init_window_size;bwd_subflow_bytes;fwd_iat.max;fwd_iat.avg;bwd_pkts_payload.max;fwd_pkts_tot;flow_iat.max;flow_iat.std;fwd_pkts_payload.std;active.tot;bwd_pkts_payload.avg;bwd_header_size_tot;active.avg;active.max;flow_pkts_payload.std;bwd_pkts_tot;bwd_pkts_payload.std;bwd_subflow_pkts;active.min;fwd_pkts_per_sec;payload_bytes_per_second;down_up_ratio;fwd_PSH_flag_count;flow_iat.avg;bwd_data_pkts_tot,,,,,,,,,,
hikari_candidate_feature_sets.csv,,68,candidate_feature_sets,hikari,,hikari,mutual_info,filter,q75,hikari__mutual_info__q75__k60,60,fwd_subflow_bytes;fwd_pkts_payload.tot;flow_pkts_payload.tot;flow_pkts_payload.max;fwd_pkts_payload.max;fwd_pkts_payload.avg;fwd_header_size_tot;flow_pkts_payload.avg;fwd_iat.tot;fwd_subflow_pkts;bwd_pkts_payload.tot;fwd_data_pkts_tot;flow_iat.tot;fwd_iat.std;flow_duration;bwd_init_window_size;bwd_subflow_bytes;fwd_iat.max;fwd_iat.avg;bwd_pkts_payload.max;fwd_pkts_tot;flow_iat.max;flow_iat.std;fwd_pkts_payload.std;active.tot;bwd_pkts_payload.avg;bwd_header_size_tot;active.avg;active.max;flow_pkts_payload.std;bwd_pkts_tot;bwd_pkts_payload.std;bwd_subflow_pkts;active.min;fwd_pkts_per_sec;payload_bytes_per_second;down_up_ratio;fwd_PSH_flag_count;flow_iat.avg;bwd_data_pkts_tot;bwd_iat.tot;flow_pkts_per_sec;flow_iat.min;bwd_iat.max;bwd_iat.std;bwd_PSH_flag_count;flow_ACK_flag_count;bwd_header_size_min;bwd_iat.avg;bwd_header_size_max;flow_FIN_flag_count;bwd_iat.min;flow_SYN_flag_count;bwd_pkts_per_sec;flow_RST_flag_count;fwd_last_window_size;flow_pkts_payload.min;fwd_pkts_payload.min;fwd_header_size_min;fwd_iat.min,,,,,,,,,,
hikari_candidate_feature_sets.csv,,69,candidate_feature_sets,hikari,,hikari,pearson,filter,elbow,hikari__pearson__elbow__k38,38,bwd_init_window_size;bwd_header_size_max;fwd_pkts_payload.std;bwd_header_size_min;fwd_pkts_payload.max;bwd_bulk_rate;flow_SYN_flag_count;flow_FIN_flag_count;fwd_header_size_max;fwd_init_window_size;flow_RST_flag_count;fwd_pkts_payload.avg;bwd_pkts_payload.std;flow_pkts_payload.std;flow_pkts_payload.avg;bwd_pkts_payload.min;bwd_pkts_payload.avg;bwd_pkts_payload.max;flow_pkts_payload.max;flow_pkts_payload.min;fwd_pkts_payload.min;fwd_header_size_min;fwd_last_window_size;down_up_ratio;bwd_pkts_per_sec;flow_pkts_per_sec;fwd_pkts_per_sec;fwd_subflow_bytes;fwd_PSH_flag_count;fwd_data_pkts_tot;active.min;active.avg;fwd_pkts_payload.tot;bwd_subflow_pkts;fwd_subflow_pkts;active.max;active.tot;idle.max,,,,,,,,,,
hikari_candidate_feature_sets.csv,,70,candidate_feature_sets,hikari,,hikari,pearson,filter,q25,hikari__pearson__q25__k20,20,bwd_init_window_size;bwd_header_size_max;fwd_pkts_payload.std;bwd_header_size_min;fwd_pkts_payload.max;bwd_bulk_rate;flow_SYN_flag_count;flow_FIN_flag_count;fwd_header_size_max;fwd_init_window_size;flow_RST_flag_count;fwd_pkts_payload.avg;bwd_pkts_payload.std;flow_pkts_payload.std;flow_pkts_payload.avg;bwd_pkts_payload.min;bwd_pkts_payload.avg;bwd_pkts_payload.max;flow_pkts_payload.max;flow_pkts_payload.min,,,,,,,,,,
hikari_candidate_feature_sets.csv,,71,candidate_feature_sets,hikari,,hikari,pearson,filter,q50,hikari__pearson__q50__k40,40,bwd_init_window_size;bwd_header_size_max;fwd_pkts_payload.std;bwd_header_size_min;fwd_pkts_payload.max;bwd_bulk_rate;flow_SYN_flag_count;flow_FIN_flag_count;fwd_header_size_max;fwd_init_window_size;flow_RST_flag_count;fwd_pkts_payload.avg;bwd_pkts_payload.std;flow_pkts_payload.std;flow_pkts_payload.avg;bwd_pkts_payload.min;bwd_pkts_payload.avg;bwd_pkts_payload.max;flow_pkts_payload.max;flow_pkts_payload.min;fwd_pkts_payload.min;fwd_header_size_min;fwd_last_window_size;down_up_ratio;bwd_pkts_per_sec;flow_pkts_per_sec;fwd_pkts_per_sec;fwd_subflow_bytes;fwd_PSH_flag_count;fwd_data_pkts_tot;active.min;active.avg;fwd_pkts_payload.tot;bwd_subflow_pkts;fwd_subflow_pkts;active.max;active.tot;idle.max;flow_iat.max;fwd_iat.avg,,,,,,,,,,
hikari_candidate_feature_sets.csv,,72,candidate_feature_sets,hikari,,hikari,pearson,filter,q75,hikari__pearson__q75__k60,60,bwd_init_window_size;bwd_header_size_max;fwd_pkts_payload.std;bwd_header_size_min;fwd_pkts_payload.max;bwd_bulk_rate;flow_SYN_flag_count;flow_FIN_flag_count;fwd_header_size_max;fwd_init_window_size;flow_RST_flag_count;fwd_pkts_payload.avg;bwd_pkts_payload.std;flow_pkts_payload.std;flow_pkts_payload.avg;bwd_pkts_payload.min;bwd_pkts_payload.avg;bwd_pkts_payload.max;flow_pkts_payload.max;flow_pkts_payload.min;fwd_pkts_payload.min;fwd_header_size_min;fwd_last_window_size;down_up_ratio;bwd_pkts_per_sec;flow_pkts_per_sec;fwd_pkts_per_sec;fwd_subflow_bytes;fwd_PSH_flag_count;fwd_data_pkts_tot;active.min;active.avg;fwd_pkts_payload.tot;bwd_subflow_pkts;fwd_subflow_pkts;active.max;active.tot;idle.max;flow_iat.max;fwd_iat.avg;flow_iat.avg;fwd_iat.max;bwd_PSH_flag_count;idle.avg;fwd_iat.min;flow_iat.min;bwd_header_size_tot;bwd_pkts_tot;flow_ACK_flag_count;idle.std;bwd_iat.avg;fwd_pkts_tot;idle.min;flow_iat.std;bwd_iat.max;fwd_iat.std;bwd_bulk_packets;bwd_iat.std;bwd_data_pkts_tot;fwd_header_size_tot,,,,,,,,,,
hikari_candidate_feature_sets.csv,,73,candidate_feature_sets,hikari,,hikari,pso,metaheuristic,elbow,hikari__pso__elbow__k31,31,fwd_subflow_bytes;flow_pkts_payload.tot;flow_pkts_payload.max;fwd_pkts_payload.max;fwd_pkts_payload.avg;fwd_header_size_tot;flow_pkts_payload.avg;fwd_iat.tot;bwd_pkts_payload.tot;fwd_data_pkts_tot;fwd_iat.std;fwd_iat.max;fwd_iat.avg;bwd_pkts_payload.max;fwd_pkts_tot;flow_iat.max;fwd_pkts_payload.std;active.tot;bwd_pkts_payload.avg;bwd_header_size_tot;active.avg;active.max;flow_pkts_payload.std;fwd_pkts_payload.tot;flow_duration;bwd_init_window_size;bwd_subflow_bytes;flow_iat.std;fwd_subflow_pkts;flow_iat.tot;bwd_pkts_tot,,,,,,,,,,
hikari_candidate_feature_sets.csv,,74,candidate_feature_sets,hikari,,hikari,pso,metaheuristic,q25,hikari__pso__q25__k20,20,fwd_subflow_bytes;flow_pkts_payload.tot;flow_pkts_payload.max;fwd_pkts_payload.max;fwd_pkts_payload.avg;fwd_header_size_tot;flow_pkts_payload.avg;fwd_iat.tot;bwd_pkts_payload.tot;fwd_data_pkts_tot;fwd_iat.std;fwd_iat.max;fwd_iat.avg;bwd_pkts_payload.max;fwd_pkts_tot;flow_iat.max;fwd_pkts_payload.std;active.tot;bwd_pkts_payload.avg;bwd_header_size_tot,,,,,,,,,,
hikari_candidate_feature_sets.csv,,75,candidate_feature_sets,hikari,,hikari,pso,metaheuristic,q50,hikari__pso__q50__k40,40,fwd_subflow_bytes;flow_pkts_payload.tot;flow_pkts_payload.max;fwd_pkts_payload.max;fwd_pkts_payload.avg;fwd_header_size_tot;flow_pkts_payload.avg;fwd_iat.tot;bwd_pkts_payload.tot;fwd_data_pkts_tot;fwd_iat.std;fwd_iat.max;fwd_iat.avg;bwd_pkts_payload.max;fwd_pkts_tot;flow_iat.max;fwd_pkts_payload.std;active.tot;bwd_pkts_payload.avg;bwd_header_size_tot;active.avg;active.max;flow_pkts_payload.std;fwd_pkts_payload.tot;flow_duration;bwd_init_window_size;bwd_subflow_bytes;flow_iat.std;fwd_subflow_pkts;flow_iat.tot;bwd_pkts_tot;bwd_pkts_payload.std;bwd_subflow_pkts;active.min;fwd_pkts_per_sec;payload_bytes_per_second;down_up_ratio;fwd_PSH_flag_count;flow_iat.avg;bwd_data_pkts_tot,,,,,,,,,,
hikari_candidate_feature_sets.csv,,76,candidate_feature_sets,hikari,,hikari,pso,metaheuristic,q75,hikari__pso__q75__k60,60,fwd_subflow_bytes;flow_pkts_payload.tot;flow_pkts_payload.max;fwd_pkts_payload.max;fwd_pkts_payload.avg;fwd_header_size_tot;flow_pkts_payload.avg;fwd_iat.tot;bwd_pkts_payload.tot;fwd_data_pkts_tot;fwd_iat.std;fwd_iat.max;fwd_iat.avg;bwd_pkts_payload.max;fwd_pkts_tot;flow_iat.max;fwd_pkts_payload.std;active.tot;bwd_pkts_payload.avg;bwd_header_size_tot;active.avg;active.max;flow_pkts_payload.std;fwd_pkts_payload.tot;flow_duration;bwd_init_window_size;bwd_subflow_bytes;flow_iat.std;fwd_subflow_pkts;flow_iat.tot;bwd_pkts_tot;bwd_pkts_payload.std;bwd_subflow_pkts;active.min;fwd_pkts_per_sec;payload_bytes_per_second;down_up_ratio;fwd_PSH_flag_count;flow_iat.avg;bwd_data_pkts_tot;bwd_iat.tot;flow_pkts_per_sec;flow_iat.min;bwd_iat.max;bwd_iat.std;bwd_PSH_flag_count;flow_ACK_flag_count;bwd_header_size_min;bwd_iat.avg;bwd_header_size_max;flow_FIN_flag_count;bwd_iat.min;flow_SYN_flag_count;bwd_pkts_per_sec;flow_RST_flag_count;fwd_last_window_size;flow_pkts_payload.min;fwd_pkts_payload.min;fwd_header_size_min;fwd_iat.min,,,,,,,,,,
hikari_candidate_feature_sets.csv,,77,candidate_feature_sets,hikari,,hikari,reliefF,filter,elbow,hikari__reliefF__elbow__k61,61,bwd_URG_flag_count;flow_ECE_flag_count;fwd_subflow_bytes;flow_iat.min;fwd_iat.min;flow_CWR_flag_count;bwd_bulk_rate;fwd_PSH_flag_count;fwd_data_pkts_tot;flow_iat.avg;fwd_pkts_payload.tot;bwd_subflow_pkts;fwd_subflow_pkts;fwd_iat.avg;bwd_pkts_payload.min;fwd_URG_flag_count;bwd_pkts_payload.tot;flow_pkts_payload.tot;bwd_PSH_flag_count;bwd_subflow_bytes;flow_SYN_flag_count;bwd_pkts_per_sec;fwd_init_window_size;flow_FIN_flag_count;flow_pkts_per_sec;flow_pkts_payload.min;fwd_pkts_payload.min;fwd_bulk_bytes;bwd_header_size_max;active.min;active.tot;fwd_pkts_per_sec;bwd_data_pkts_tot;flow_ACK_flag_count;bwd_header_size_tot;bwd_pkts_tot;fwd_pkts_tot;active.avg;fwd_header_size_max;fwd_last_window_size;fwd_bulk_rate;bwd_iat.min;fwd_header_size_tot;fwd_header_size_min;bwd_header_size_min;active.max;bwd_iat.tot;active.std;idle.max;bwd_bulk_bytes;fwd_iat.max;flow_iat.max;bwd_iat.max;idle.tot;payload_bytes_per_second;bwd_init_window_size;fwd_iat.tot;flow_iat.tot;flow_duration;idle.min;fwd_bulk_packets,,,,,,,,,,
hikari_candidate_feature_sets.csv,,78,candidate_feature_sets,hikari,,hikari,reliefF,filter,q25,hikari__reliefF__q25__k20,20,bwd_URG_flag_count;flow_ECE_flag_count;fwd_subflow_bytes;flow_iat.min;fwd_iat.min;flow_CWR_flag_count;bwd_bulk_rate;fwd_PSH_flag_count;fwd_data_pkts_tot;flow_iat.avg;fwd_pkts_payload.tot;bwd_subflow_pkts;fwd_subflow_pkts;fwd_iat.avg;bwd_pkts_payload.min;fwd_URG_flag_count;bwd_pkts_payload.tot;flow_pkts_payload.tot;bwd_PSH_flag_count;bwd_subflow_bytes,,,,,,,,,,
hikari_candidate_feature_sets.csv,,79,candidate_feature_sets,hikari,,hikari,reliefF,filter,q50,hikari__reliefF__q50__k40,40,bwd_URG_flag_count;flow_ECE_flag_count;fwd_subflow_bytes;flow_iat.min;fwd_iat.min;flow_CWR_flag_count;bwd_bulk_rate;fwd_PSH_flag_count;fwd_data_pkts_tot;flow_iat.avg;fwd_pkts_payload.tot;bwd_subflow_pkts;fwd_subflow_pkts;fwd_iat.avg;bwd_pkts_payload.min;fwd_URG_flag_count;bwd_pkts_payload.tot;flow_pkts_payload.tot;bwd_PSH_flag_count;bwd_subflow_bytes;flow_SYN_flag_count;bwd_pkts_per_sec;fwd_init_window_size;flow_FIN_flag_count;flow_pkts_per_sec;flow_pkts_payload.min;fwd_pkts_payload.min;fwd_bulk_bytes;bwd_header_size_max;active.min;active.tot;fwd_pkts_per_sec;bwd_data_pkts_tot;flow_ACK_flag_count;bwd_header_size_tot;bwd_pkts_tot;fwd_pkts_tot;active.avg;fwd_header_size_max;fwd_last_window_size,,,,,,,,,,
hikari_candidate_feature_sets.csv,,80,candidate_feature_sets,hikari,,hikari,reliefF,filter,q75,hikari__reliefF__q75__k60,60,bwd_URG_flag_count;flow_ECE_flag_count;fwd_subflow_bytes;flow_iat.min;fwd_iat.min;flow_CWR_flag_count;bwd_bulk_rate;fwd_PSH_flag_count;fwd_data_pkts_tot;flow_iat.avg;fwd_pkts_payload.tot;bwd_subflow_pkts;fwd_subflow_pkts;fwd_iat.avg;bwd_pkts_payload.min;fwd_URG_flag_count;bwd_pkts_payload.tot;flow_pkts_payload.tot;bwd_PSH_flag_count;bwd_subflow_bytes;flow_SYN_flag_count;bwd_pkts_per_sec;fwd_init_window_size;flow_FIN_flag_count;flow_pkts_per_sec;flow_pkts_payload.min;fwd_pkts_payload.min;fwd_bulk_bytes;bwd_header_size_max;active.min;active.tot;fwd_pkts_per_sec;bwd_data_pkts_tot;flow_ACK_flag_count;bwd_header_size_tot;bwd_pkts_tot;fwd_pkts_tot;active.avg;fwd_header_size_max;fwd_last_window_size;fwd_bulk_rate;bwd_iat.min;fwd_header_size_tot;fwd_header_size_min;bwd_header_size_min;active.max;bwd_iat.tot;active.std;idle.max;bwd_bulk_bytes;fwd_iat.max;flow_iat.max;bwd_iat.max;idle.tot;payload_bytes_per_second;bwd_init_window_size;fwd_iat.tot;flow_iat.tot;flow_duration;idle.min,,,,,,,,,,
hikari_candidate_feature_sets.csv,,81,candidate_feature_sets,hikari,,hikari,rf,embedded,elbow,hikari__rf__elbow__k20,20,fwd_subflow_pkts;fwd_subflow_bytes;fwd_pkts_tot;fwd_pkts_payload.tot;fwd_data_pkts_tot;fwd_iat.std;active.max;fwd_iat.max;bwd_init_window_size;active.tot;fwd_iat.avg;fwd_iat.tot;flow_RST_flag_count;active.avg;flow_iat.max;flow_duration;flow_iat.tot;bwd_pkts_tot;bwd_header_size_tot;bwd_iat.min,,,,,,,,,,
hikari_candidate_feature_sets.csv,,82,candidate_feature_sets,hikari,,hikari,rf,embedded,q25,hikari__rf__q25__k20,20,fwd_subflow_pkts;fwd_subflow_bytes;fwd_pkts_tot;fwd_pkts_payload.tot;fwd_data_pkts_tot;fwd_iat.std;active.max;fwd_iat.max;bwd_init_window_size;active.tot;fwd_iat.avg;fwd_iat.tot;flow_RST_flag_count;active.avg;flow_iat.max;flow_duration;flow_iat.tot;bwd_pkts_tot;bwd_header_size_tot;bwd_iat.min,,,,,,,,,,
hikari_candidate_feature_sets.csv,,83,candidate_feature_sets,hikari,,hikari,rf,embedded,q50,hikari__rf__q50__k40,40,fwd_subflow_pkts;fwd_subflow_bytes;fwd_pkts_tot;fwd_pkts_payload.tot;fwd_data_pkts_tot;fwd_iat.std;active.max;fwd_iat.max;bwd_init_window_size;active.tot;fwd_iat.avg;fwd_iat.tot;flow_RST_flag_count;active.avg;flow_iat.max;flow_duration;flow_iat.tot;bwd_pkts_tot;bwd_header_size_tot;bwd_iat.min;flow_iat.std;bwd_pkts_payload.tot;flow_iat.avg;flow_pkts_per_sec;flow_pkts_payload.avg;flow_pkts_payload.tot;fwd_pkts_per_sec;bwd_iat.tot;fwd_iat.min;bwd_subflow_bytes;bwd_iat.max;bwd_iat.std;bwd_iat.avg;fwd_pkts_payload.std;active.min;payload_bytes_per_second;bwd_pkts_payload.max;fwd_pkts_payload.max;bwd_pkts_per_sec;flow_ACK_flag_count,,,,,,,,,,
hikari_candidate_feature_sets.csv,,84,candidate_feature_sets,hikari,,hikari,rf,embedded,q75,hikari__rf__q75__k60,60,fwd_subflow_pkts;fwd_subflow_bytes;fwd_pkts_tot;fwd_pkts_payload.tot;fwd_data_pkts_tot;fwd_iat.std;active.max;fwd_iat.max;bwd_init_window_size;active.tot;fwd_iat.avg;fwd_iat.tot;flow_RST_flag_count;active.avg;flow_iat.max;flow_duration;flow_iat.tot;bwd_pkts_tot;bwd_header_size_tot;bwd_iat.min;flow_iat.std;bwd_pkts_payload.tot;flow_iat.avg;flow_pkts_per_sec;flow_pkts_payload.avg;flow_pkts_payload.tot;fwd_pkts_per_sec;bwd_iat.tot;fwd_iat.min;bwd_subflow_bytes;bwd_iat.max;bwd_iat.std;bwd_iat.avg;fwd_pkts_payload.std;active.min;payload_bytes_per_second;bwd_pkts_payload.max;fwd_pkts_payload.max;bwd_pkts_per_sec;flow_ACK_flag_count;bwd_bulk_rate;bwd_PSH_flag_count;fwd_last_window_size;flow_pkts_payload.std;flow_iat.min;fwd_pkts_payload.avg;bwd_header_size_min;bwd_data_pkts_tot;idle.tot;bwd_pkts_payload.avg;down_up_ratio;fwd_header_size_tot;flow_FIN_flag_count;flow_pkts_payload.max;idle.max;fwd_header_size_min;bwd_header_size_max;bwd_pkts_payload.std;fwd_PSH_flag_count;idle.avg,,,,,,,,,,
hikari_candidate_feature_sets.csv,,85,candidate_feature_sets,hikari,,hikari,rfe,wrapper,elbow,hikari__rfe__elbow__k39,39,fwd_last_window_size;fwd_bulk_rate;active.tot;flow_pkts_payload.max;flow_iat.min;flow_iat.std;bwd_iat.std;payload_bytes_per_second;fwd_subflow_pkts;fwd_subflow_bytes;bwd_subflow_pkts;bwd_subflow_bytes;fwd_bulk_bytes;bwd_bulk_bytes;bwd_bulk_packets;fwd_pkts_tot;down_up_ratio;fwd_header_size_min;bwd_header_size_tot;fwd_data_pkts_tot;bwd_data_pkts_tot;fwd_pkts_per_sec;flow_pkts_per_sec;bwd_pkts_tot;bwd_PSH_flag_count;fwd_PSH_flag_count;fwd_pkts_payload.max;fwd_iat.avg;fwd_iat.max;bwd_iat.min;bwd_iat.tot;bwd_pkts_payload.tot;flow_pkts_payload.tot;flow_pkts_payload.avg;flow_pkts_payload.std;fwd_pkts_payload.tot;fwd_pkts_payload.std;bwd_pkts_payload.min;bwd_pkts_payload.max,,,,,,,,,,
hikari_candidate_feature_sets.csv,,86,candidate_feature_sets,hikari,,hikari,rfe,wrapper,q25,hikari__rfe__q25__k20,20,fwd_last_window_size;fwd_bulk_rate;active.tot;flow_pkts_payload.max;flow_iat.min;flow_iat.std;bwd_iat.std;payload_bytes_per_second;fwd_subflow_pkts;fwd_subflow_bytes;bwd_subflow_pkts;bwd_subflow_bytes;fwd_bulk_bytes;bwd_bulk_bytes;bwd_bulk_packets;fwd_pkts_tot;down_up_ratio;fwd_header_size_min;bwd_header_size_tot;fwd_data_pkts_tot,,,,,,,,,,
hikari_candidate_feature_sets.csv,,87,candidate_feature_sets,hikari,,hikari,rfe,wrapper,q50,hikari__rfe__q50__k40,40,fwd_last_window_size;fwd_bulk_rate;active.tot;flow_pkts_payload.max;flow_iat.min;flow_iat.std;bwd_iat.std;payload_bytes_per_second;fwd_subflow_pkts;fwd_subflow_bytes;bwd_subflow_pkts;bwd_subflow_bytes;fwd_bulk_bytes;bwd_bulk_bytes;bwd_bulk_packets;fwd_pkts_tot;down_up_ratio;fwd_header_size_min;bwd_header_size_tot;fwd_data_pkts_tot;bwd_data_pkts_tot;fwd_pkts_per_sec;flow_pkts_per_sec;bwd_pkts_tot;bwd_PSH_flag_count;fwd_PSH_flag_count;fwd_pkts_payload.max;fwd_iat.avg;fwd_iat.max;bwd_iat.min;bwd_iat.tot;bwd_pkts_payload.tot;flow_pkts_payload.tot;flow_pkts_payload.avg;flow_pkts_payload.std;fwd_pkts_payload.tot;fwd_pkts_payload.std;bwd_pkts_payload.min;bwd_pkts_payload.max;flow_FIN_flag_count,,,,,,,,,,
hikari_candidate_feature_sets.csv,,88,candidate_feature_sets,hikari,,hikari,rfe,wrapper,q75,hikari__rfe__q75__k60,60,fwd_last_window_size;fwd_bulk_rate;active.tot;flow_pkts_payload.max;flow_iat.min;flow_iat.std;bwd_iat.std;payload_bytes_per_second;fwd_subflow_pkts;fwd_subflow_bytes;bwd_subflow_pkts;bwd_subflow_bytes;fwd_bulk_bytes;bwd_bulk_bytes;bwd_bulk_packets;fwd_pkts_tot;down_up_ratio;fwd_header_size_min;bwd_header_size_tot;fwd_data_pkts_tot;bwd_data_pkts_tot;fwd_pkts_per_sec;flow_pkts_per_sec;bwd_pkts_tot;bwd_PSH_flag_count;fwd_PSH_flag_count;fwd_pkts_payload.max;fwd_iat.avg;fwd_iat.max;bwd_iat.min;bwd_iat.tot;bwd_pkts_payload.tot;flow_pkts_payload.tot;flow_pkts_payload.avg;flow_pkts_payload.std;fwd_pkts_payload.tot;fwd_pkts_payload.std;bwd_pkts_payload.min;bwd_pkts_payload.max;flow_FIN_flag_count;bwd_header_size_min;flow_SYN_flag_count;fwd_init_window_size;active.max;bwd_iat.avg;bwd_pkts_per_sec;active.std;active.min;idle.tot;flow_iat.avg;bwd_iat.max;idle.max;idle.avg;idle.std;idle.min;flow_ACK_flag_count;bwd_pkts_payload.avg;bwd_init_window_size;fwd_iat.tot;fwd_pkts_payload.avg,,,,,,,,,,
hikari_candidate_feature_sets.csv,,89,candidate_feature_sets,hikari,,hikari,rfecv,wrapper,elbow,hikari__rfecv__elbow__k7,7,bwd_pkts_tot;bwd_header_size_tot;bwd_pkts_payload.max;flow_pkts_payload.max;bwd_pkts_payload.min;bwd_iat.min;fwd_bulk_bytes,,,,,,,,,,
hikari_candidate_feature_sets.csv,,90,candidate_feature_sets,hikari,,hikari,rfecv,wrapper,q25,hikari__rfecv__q25__k20,20,bwd_pkts_tot;bwd_header_size_tot;bwd_pkts_payload.max;flow_pkts_payload.max;bwd_pkts_payload.min;bwd_iat.min;fwd_bulk_bytes;fwd_pkts_per_sec;fwd_data_pkts_tot;fwd_PSH_flag_count;bwd_PSH_flag_count;down_up_ratio;fwd_header_size_min;flow_pkts_per_sec;fwd_pkts_tot;bwd_data_pkts_tot;bwd_iat.tot;active.tot;fwd_iat.avg;flow_iat.min,,,,,,,,,,
hikari_candidate_feature_sets.csv,,91,candidate_feature_sets,hikari,,hikari,rfecv,wrapper,q50,hikari__rfecv__q50__k40,40,bwd_pkts_tot;bwd_header_size_tot;bwd_pkts_payload.max;flow_pkts_payload.max;bwd_pkts_payload.min;bwd_iat.min;fwd_bulk_bytes;fwd_pkts_per_sec;fwd_data_pkts_tot;fwd_PSH_flag_count;bwd_PSH_flag_count;down_up_ratio;fwd_header_size_min;flow_pkts_per_sec;fwd_pkts_tot;bwd_data_pkts_tot;bwd_iat.tot;active.tot;fwd_iat.avg;flow_iat.min;bwd_iat.std;flow_iat.std;fwd_iat.max;fwd_pkts_payload.max;fwd_pkts_payload.std;payload_bytes_per_second;flow_pkts_payload.tot;bwd_subflow_bytes;bwd_pkts_payload.tot;bwd_subflow_pkts;fwd_subflow_pkts;fwd_pkts_payload.tot;flow_pkts_payload.std;flow_pkts_payload.avg;fwd_last_window_size;fwd_bulk_rate;fwd_subflow_bytes;bwd_bulk_packets;bwd_bulk_bytes;flow_FIN_flag_count,,,,,,,,,,
hikari_candidate_feature_sets.csv,,92,candidate_feature_sets,hikari,,hikari,rfecv,wrapper,q75,hikari__rfecv__q75__k60,60,bwd_pkts_tot;bwd_header_size_tot;bwd_pkts_payload.max;flow_pkts_payload.max;bwd_pkts_payload.min;bwd_iat.min;fwd_bulk_bytes;fwd_pkts_per_sec;fwd_data_pkts_tot;fwd_PSH_flag_count;bwd_PSH_flag_count;down_up_ratio;fwd_header_size_min;flow_pkts_per_sec;fwd_pkts_tot;bwd_data_pkts_tot;bwd_iat.tot;active.tot;fwd_iat.avg;flow_iat.min;bwd_iat.std;flow_iat.std;fwd_iat.max;fwd_pkts_payload.max;fwd_pkts_payload.std;payload_bytes_per_second;flow_pkts_payload.tot;bwd_subflow_bytes;bwd_pkts_payload.tot;bwd_subflow_pkts;fwd_subflow_pkts;fwd_pkts_payload.tot;flow_pkts_payload.std;flow_pkts_payload.avg;fwd_last_window_size;fwd_bulk_rate;fwd_subflow_bytes;bwd_bulk_packets;bwd_bulk_bytes;flow_FIN_flag_count;bwd_header_size_min;flow_SYN_flag_count;fwd_init_window_size;active.max;bwd_iat.avg;bwd_pkts_per_sec;active.std;active.min;idle.tot;flow_iat.avg;bwd_iat.max;idle.max;idle.avg;idle.std;idle.min;flow_ACK_flag_count;bwd_pkts_payload.avg;bwd_init_window_size;fwd_iat.tot;fwd_pkts_payload.avg,,,,,,,,,,
hikari_candidate_feature_sets.csv,,93,candidate_feature_sets,hikari,,hikari,xgboost,embedded,elbow,hikari__xgboost__elbow__k8,8,fwd_data_pkts_tot;fwd_subflow_bytes;fwd_subflow_pkts;flow_RST_flag_count;bwd_init_window_size;flow_FIN_flag_count;bwd_header_size_min;fwd_header_size_min,,,,,,,,,,
hikari_candidate_feature_sets.csv,,94,candidate_feature_sets,hikari,,hikari,xgboost,embedded,q25,hikari__xgboost__q25__k20,20,fwd_data_pkts_tot;fwd_subflow_bytes;fwd_subflow_pkts;flow_RST_flag_count;bwd_init_window_size;flow_FIN_flag_count;bwd_header_size_min;fwd_header_size_min;fwd_last_window_size;idle.tot;bwd_pkts_tot;flow_duration;flow_pkts_payload.tot;fwd_pkts_payload.max;bwd_header_size_tot;flow_iat.min;fwd_iat.tot;down_up_ratio;fwd_pkts_payload.tot;flow_iat.avg,,,,,,,,,,
hikari_candidate_feature_sets.csv,,95,candidate_feature_sets,hikari,,hikari,xgboost,embedded,q50,hikari__xgboost__q50__k40,40,fwd_data_pkts_tot;fwd_subflow_bytes;fwd_subflow_pkts;flow_RST_flag_count;bwd_init_window_size;flow_FIN_flag_count;bwd_header_size_min;fwd_header_size_min;fwd_last_window_size;idle.tot;bwd_pkts_tot;flow_duration;flow_pkts_payload.tot;fwd_pkts_payload.max;bwd_header_size_tot;flow_iat.min;fwd_iat.tot;down_up_ratio;fwd_pkts_payload.tot;flow_iat.avg;bwd_iat.min;fwd_bulk_bytes;flow_iat.tot;fwd_bulk_rate;idle.std;flow_iat.std;bwd_iat.tot;bwd_pkts_payload.avg;bwd_iat.std;flow_pkts_per_sec;fwd_PSH_flag_count;bwd_pkts_payload.tot;fwd_iat.avg;bwd_iat.avg;active.max;fwd_pkts_payload.std;fwd_iat.min;payload_bytes_per_second;bwd_subflow_pkts;fwd_iat.max,,,,,,,,,,
hikari_candidate_feature_sets.csv,,96,candidate_feature_sets,hikari,,hikari,xgboost,embedded,q75,hikari__xgboost__q75__k60,60,fwd_data_pkts_tot;fwd_subflow_bytes;fwd_subflow_pkts;flow_RST_flag_count;bwd_init_window_size;flow_FIN_flag_count;bwd_header_size_min;fwd_header_size_min;fwd_last_window_size;idle.tot;bwd_pkts_tot;flow_duration;flow_pkts_payload.tot;fwd_pkts_payload.max;bwd_header_size_tot;flow_iat.min;fwd_iat.tot;down_up_ratio;fwd_pkts_payload.tot;flow_iat.avg;bwd_iat.min;fwd_bulk_bytes;flow_iat.tot;fwd_bulk_rate;idle.std;flow_iat.std;bwd_iat.tot;bwd_pkts_payload.avg;bwd_iat.std;flow_pkts_per_sec;fwd_PSH_flag_count;bwd_pkts_payload.tot;fwd_iat.avg;bwd_iat.avg;active.max;fwd_pkts_payload.std;fwd_iat.min;payload_bytes_per_second;bwd_subflow_pkts;fwd_iat.max;fwd_pkts_per_sec;bwd_pkts_per_sec;flow_pkts_payload.max;fwd_pkts_payload.avg;flow_pkts_payload.avg;active.std;flow_iat.max;bwd_pkts_payload.max;bwd_PSH_flag_count;bwd_iat.max;fwd_iat.std;active.min;bwd_bulk_bytes;fwd_header_size_tot;bwd_bulk_rate;active.avg;active.tot;flow_pkts_payload.std;bwd_pkts_payload.std;fwd_pkts_payload.min,,,,,,,,,,
hikari_core.csv,,1,core_feature_list,hikari,core,,,,,,,,bwd_init_window_size,,,,,,,,,
hikari_core.csv,,2,core_feature_list,hikari,core,,,,,,,,flow_pkts_payload.avg,,,,,,,,,
hikari_core.csv,,3,core_feature_list,hikari,core,,,,,,,,fwd_subflow_bytes,,,,,,,,,
hikari_core.csv,,4,core_feature_list,hikari,core,,,,,,,,fwd_pkts_payload.std,,,,,,,,,
hikari_core.csv,,5,core_feature_list,hikari,core,,,,,,,,fwd_pkts_payload.max,,,,,,,,,
hikari_core.csv,,6,core_feature_list,hikari,core,,,,,,,,fwd_pkts_payload.avg,,,,,,,,,
hikari_core.csv,,7,core_feature_list,hikari,core,,,,,,,,fwd_data_pkts_tot,,,,,,,,,
hikari_core.csv,,8,core_feature_list,hikari,core,,,,,,,,fwd_pkts_payload.tot,,,,,,,,,
hikari_core.csv,,9,core_feature_list,hikari,core,,,,,,,,down_up_ratio,,,,,,,,,
hikari_core.csv,,10,core_feature_list,hikari,core,,,,,,,,flow_RST_flag_count,,,,,,,,,
hikari_core.csv,,11,core_feature_list,hikari,core,,,,,,,,fwd_iat.avg,,,,,,,,,
hikari_core.csv,,12,core_feature_list,hikari,core,,,,,,,,flow_pkts_per_sec,,,,,,,,,
hikari_core.csv,,13,core_feature_list,hikari,core,,,,,,,,fwd_pkts_per_sec,,,,,,,,,
hikari_core.csv,,14,core_feature_list,hikari,core,,,,,,,,fwd_last_window_size,,,,,,,,,
hikari_core.csv,,15,core_feature_list,hikari,core,,,,,,,,flow_pkts_payload.tot,,,,,,,,,
hikari_core.csv,,16,core_feature_list,hikari,core,,,,,,,,fwd_iat.max,,,,,,,,,
hikari_core.csv,,17,core_feature_list,hikari,core,,,,,,,,flow_FIN_flag_count,,,,,,,,,
hikari_core.csv,,18,core_feature_list,hikari,core,,,,,,,,bwd_bulk_rate,,,,,,,,,
hikari_core.csv,,19,core_feature_list,hikari,core,,,,,,,,fwd_header_size_min,,,,,,,,,
hikari_core.csv,,20,core_feature_list,hikari,core,,,,,,,,bwd_pkts_per_sec,,,,,,,,,
hikari_core.csv,,21,core_feature_list,hikari,core,,,,,,,,bwd_header_size_min,,,,,,,,,
hikari_core.csv,,22,core_feature_list,hikari,core,,,,,,,,active.min,,,,,,,,,
hikari_core.csv,,23,core_feature_list,hikari,core,,,,,,,,flow_pkts_payload.max,,,,,,,,,
hikari_effectiveness.csv,,1,champion_zone_feature_list,hikari,effectiveness,,,,,,,,fwd_data_pkts_tot,,,,,,,,,
hikari_effectiveness.csv,,2,champion_zone_feature_list,hikari,effectiveness,,,,,,,,fwd_subflow_bytes,,,,,,,,,
hikari_effectiveness.csv,,3,champion_zone_feature_list,hikari,effectiveness,,,,,,,,fwd_subflow_pkts,,,,,,,,,
hikari_effectiveness.csv,,4,champion_zone_feature_list,hikari,effectiveness,,,,,,,,flow_RST_flag_count,,,,,,,,,
hikari_effectiveness.csv,,5,champion_zone_feature_list,hikari,effectiveness,,,,,,,,bwd_init_window_size,,,,,,,,,
hikari_effectiveness.csv,,6,champion_zone_feature_list,hikari,effectiveness,,,,,,,,flow_FIN_flag_count,,,,,,,,,
hikari_effectiveness.csv,,7,champion_zone_feature_list,hikari,effectiveness,,,,,,,,bwd_header_size_min,,,,,,,,,
hikari_effectiveness.csv,,8,champion_zone_feature_list,hikari,effectiveness,,,,,,,,fwd_header_size_min,,,,,,,,,
hikari_efficiency.csv,,1,champion_zone_feature_list,hikari,efficiency,,,,,,,,bwd_init_window_size,,,,,,,,,
hikari_efficiency.csv,,2,champion_zone_feature_list,hikari,efficiency,,,,,,,,bwd_bulk_rate,,,,,,,,,
hikari_efficiency.csv,,3,champion_zone_feature_list,hikari,efficiency,,,,,,,,bwd_header_size_max,,,,,,,,,
hikari_efficiency.csv,,4,champion_zone_feature_list,hikari,efficiency,,,,,,,,bwd_header_size_min,,,,,,,,,
hikari_efficiency.csv,,5,champion_zone_feature_list,hikari,efficiency,,,,,,,,fwd_init_window_size,,,,,,,,,
hikari_efficiency.csv,,6,champion_zone_feature_list,hikari,efficiency,,,,,,,,fwd_header_size_max,,,,,,,,,
hikari_efficiency.csv,,7,champion_zone_feature_list,hikari,efficiency,,,,,,,,flow_FIN_flag_count,,,,,,,,,
unsw_balanced.csv,,1,champion_zone_feature_list,unsw,balanced,,,,,,,,synack,,,,,,,,,
unsw_balanced.csv,,2,champion_zone_feature_list,unsw,balanced,,,,,,,,dload,,,,,,,,,
unsw_balanced.csv,,3,champion_zone_feature_list,unsw,balanced,,,,,,,,dbytes,,,,,,,,,
unsw_balanced.csv,,4,champion_zone_feature_list,unsw,balanced,,,,,,,,sbytes,,,,,,,,,
unsw_balanced.csv,,5,champion_zone_feature_list,unsw,balanced,,,,,,,,stcpb,,,,,,,,,
unsw_balanced.csv,,6,champion_zone_feature_list,unsw,balanced,,,,,,,,spkts,,,,,,,,,
unsw_balanced.csv,,7,champion_zone_feature_list,unsw,balanced,,,,,,,,ct_src_dport_ltm,,,,,,,,,
unsw_balanced.csv,,8,champion_zone_feature_list,unsw,balanced,,,,,,,,djit,,,,,,,,,
